tipo_oggetto,nome_oggetto,file_origine,simbolo_o_migration,categoria,prodotto_target,azione_futura,modalità_condivisione,decisione,dati_o_finalità,dipendenze,motivazione,note
test,production-write-guard.test.mjs,artifacts/ingestion/production-write-guard.test.mjs,production-write-guard.test.mjs,ARCHIVIO,Archivio storico,CONSERVARE_SENZA_CANCELLARE,,DEFINITIVA,verifica automatizzata,"runner,modulo sotto test",Evidenza non operativa,Unità eseguibile
test,auth.spec.ts,e2e/auth.spec.ts,auth.spec.ts,PONTE_IMPRESE,PonteImprese,MIGRARE_IN_PONTEIMPRESE,,DEFINITIVA,verifica automatizzata,"runner,modulo sotto test","Funzione operativa, identitaria o commerciale",Unità eseguibile
test,business.spec.ts,e2e/business.spec.ts,business.spec.ts,PONTE_IMPRESE,PonteImprese,MIGRARE_IN_PONTEIMPRESE,,DEFINITIVA,verifica automatizzata,"runner,modulo sotto test","Funzione operativa, identitaria o commerciale",Unità eseguibile
test,editorial-opportunities.spec.ts,e2e/editorial-opportunities.spec.ts,editorial-opportunities.spec.ts,CENTRO_STUDI,Immigrati Imprenditori - Centro Studi sull'Imprenditoria Migrante,MIGRARE_E_SCINDERE_LINK,API_READ_ONLY,DEFINITIVA,verifica automatizzata,"runner,modulo sotto test",Oggetto editoriale con possibili riferimenti commerciali,Unità eseguibile
test,editorial.spec.ts,e2e/editorial.spec.ts,editorial.spec.ts,CENTRO_STUDI,Immigrati Imprenditori - Centro Studi sull'Imprenditoria Migrante,MIGRARE_E_SCINDERE_LINK,API_READ_ONLY,DEFINITIVA,verifica automatizzata,"runner,modulo sotto test",Oggetto editoriale con possibili riferimenti commerciali,Unità eseguibile
test,ia.spec.ts,e2e/ia.spec.ts,ia.spec.ts,PONTE_IMPRESE,PonteImprese,MIGRARE_IN_PONTEIMPRESE,,DEFINITIVA,verifica automatizzata,"runner,modulo sotto test","Funzione operativa, identitaria o commerciale",Unità eseguibile
test,legal.spec.ts,e2e/legal.spec.ts,legal.spec.ts,PONTE_IMPRESE,PonteImprese,MIGRARE_E_RIVALUTARE,,DEFINITIVA,verifica automatizzata,"runner,modulo sotto test",Responsabilità legale legata ai dati operativi attuali,Unità eseguibile
test,people.spec.ts,e2e/people.spec.ts,people.spec.ts,PONTE_IMPRESE,PonteImprese,MIGRARE_IN_PONTEIMPRESE,,DEFINITIVA,verifica automatizzata,"runner,modulo sotto test","Funzione operativa, identitaria o commerciale",Unità eseguibile
test,public.spec.ts,e2e/public.spec.ts,public.spec.ts,PONTE_IMPRESE,PonteImprese,MIGRARE_IN_PONTEIMPRESE,,DEFINITIVA,verifica automatizzata,"runner,modulo sotto test","Funzione operativa, identitaria o commerciale",Unità eseguibile
test,responsive.spec.ts,e2e/responsive.spec.ts,responsive.spec.ts,PONTE_IMPRESE,PonteImprese,MIGRARE_IN_PONTEIMPRESE,,DEFINITIVA,verifica automatizzata,"runner,modulo sotto test","Funzione operativa, identitaria o commerciale",Unità eseguibile
test,roles.spec.ts,e2e/roles.spec.ts,roles.spec.ts,PONTE_IMPRESE,PonteImprese,MIGRARE_IN_PONTEIMPRESE,,DEFINITIVA,verifica automatizzata,"runner,modulo sotto test","Funzione operativa, identitaria o commerciale",Unità eseguibile
test,self-delete.spec.ts,e2e/self-delete.spec.ts,self-delete.spec.ts,PONTE_IMPRESE,PonteImprese,MIGRARE_E_RIVALUTARE,,DEFINITIVA,verifica automatizzata,"runner,modulo sotto test",Responsabilità legale legata ai dati operativi attuali,Unità eseguibile
script_cli,d1d4-editorial-publish.mjs,scripts/external-data/d1d4-editorial-publish.mjs,d1d4-editorial-publish.mjs,CENTRO_STUDI,Immigrati Imprenditori - Centro Studi sull'Imprenditoria Migrante,MIGRARE_E_SCINDERE_LINK,API_READ_ONLY,DEFINITIVA,operazione o smoke check,"Node.js,moduli interni",Oggetto editoriale con possibili riferimenti commerciali,Entry point
script_cli,d1d5-eventi-rls-runtime.sql,scripts/external-data/d1d5-eventi-rls-runtime.sql,d1d5-eventi-rls-runtime.sql,CONDIVISO,Entrambi con dati separati,DUPLICARE_SCHEMA_O_ESTRARRE_MOTORE,SCHEMA_TEMPLATE_DUPLICATO,DEFINITIVA,operazione o smoke check,"Node.js,moduli interni",Eventi B2B e osservatorio separati per tassonomia e dati,Entry point
script_cli,dry-run-eurostat-lfsa-esgan.mjs,scripts/external-data/dry-run-eurostat-lfsa-esgan.mjs,dry-run-eurostat-lfsa-esgan.mjs,CENTRO_STUDI,Immigrati Imprenditori - Centro Studi sull'Imprenditoria Migrante,MIGRARE_NELL_CENTRO_STUDI,,DEFINITIVA,operazione o smoke check,"Node.js,moduli interni",Finalità statistica o documentale,Entry point
script_cli,dry-run-worldbank-indicators.ts,scripts/external-data/dry-run-worldbank-indicators.ts,dry-run-worldbank-indicators.ts,CENTRO_STUDI,Immigrati Imprenditori - Centro Studi sull'Imprenditoria Migrante,MIGRARE_NELL_CENTRO_STUDI,,DEFINITIVA,operazione o smoke check,"Node.js,moduli interni",Finalità statistica o documentale,Entry point
script_cli,ingest-contenuti-pilot.ts,scripts/external-data/ingest-contenuti-pilot.ts,ingest-contenuti-pilot.ts,CENTRO_STUDI,Immigrati Imprenditori - Centro Studi sull'Imprenditoria Migrante,MIGRARE_E_SCINDERE_LINK,API_READ_ONLY,DEFINITIVA,operazione o smoke check,"Node.js,moduli interni",Oggetto editoriale con possibili riferimenti commerciali,Entry point
script_cli,ingest-eurostat-lfsa-esgan.ts,scripts/external-data/ingest-eurostat-lfsa-esgan.ts,ingest-eurostat-lfsa-esgan.ts,CENTRO_STUDI,Immigrati Imprenditori - Centro Studi sull'Imprenditoria Migrante,MIGRARE_NELL_CENTRO_STUDI,,DEFINITIVA,operazione o smoke check,"Node.js,moduli interni",Finalità statistica o documentale,Entry point
script_cli,ingest-incentivi-gov-opendata.ts,scripts/external-data/ingest-incentivi-gov-opendata.ts,ingest-incentivi-gov-opendata.ts,PONTE_IMPRESE,PonteImprese,MIGRARE_IN_PONTEIMPRESE,,DEFINITIVA,operazione o smoke check,"Node.js,moduli interni","Funzione operativa, identitaria o commerciale",Entry point
script_cli,ingest-worldbank-indicators.ts,scripts/external-data/ingest-worldbank-indicators.ts,ingest-worldbank-indicators.ts,CENTRO_STUDI,Immigrati Imprenditori - Centro Studi sull'Imprenditoria Migrante,MIGRARE_NELL_CENTRO_STUDI,,DEFINITIVA,operazione o smoke check,"Node.js,moduli interni",Finalità statistica o documentale,Entry point
script_cli,prod-ingest-contenuti.mjs,scripts/external-data/prod-ingest-contenuti.mjs,prod-ingest-contenuti.mjs,CENTRO_STUDI,Immigrati Imprenditori - Centro Studi sull'Imprenditoria Migrante,MIGRARE_E_SCINDERE_LINK,API_READ_ONLY,DEFINITIVA,operazione o smoke check,"Node.js,moduli interni",Oggetto editoriale con possibili riferimenti commerciali,Entry point
script_cli,m1-terms-runtime-check.mjs,scripts/m1-terms-runtime-check.mjs,m1-terms-runtime-check.mjs,PONTE_IMPRESE,PonteImprese,MIGRARE_E_RIVALUTARE,,DEFINITIVA,operazione o smoke check,"Node.js,moduli interni",Responsabilità legale legata ai dati operativi attuali,Entry point
script_cli,m2-legal-retention-runtime-check.mjs,scripts/m2-legal-retention-runtime-check.mjs,m2-legal-retention-runtime-check.mjs,PONTE_IMPRESE,PonteImprese,MIGRARE_E_RIVALUTARE,,DEFINITIVA,operazione o smoke check,"Node.js,moduli interni",Responsabilità legale legata ai dati operativi attuali,Entry point
script_cli,m3-m4-cumulative-runtime-check.mjs,scripts/m3-m4-cumulative-runtime-check.mjs,m3-m4-cumulative-runtime-check.mjs,PONTE_IMPRESE,PonteImprese,MIGRARE_IN_PONTEIMPRESE,,DEFINITIVA,operazione o smoke check,"Node.js,moduli interni","Funzione operativa, identitaria o commerciale",Entry point
script_cli,m3-self-delete-runtime-check.sql,scripts/m3-self-delete-runtime-check.sql,m3-self-delete-runtime-check.sql,PONTE_IMPRESE,PonteImprese,MIGRARE_E_RIVALUTARE,,DEFINITIVA,operazione o smoke check,"Node.js,moduli interni",Responsabilità legale legata ai dati operativi attuali,Entry point
script_cli,m4-management-reassignment-runtime-check.mjs,scripts/m4-management-reassignment-runtime-check.mjs,m4-management-reassignment-runtime-check.mjs,PONTE_IMPRESE,PonteImprese,MIGRARE_IN_PONTEIMPRESE,,DEFINITIVA,operazione o smoke check,"Node.js,moduli interni","Funzione operativa, identitaria o commerciale",Entry point
script_cli,m4-management-reassignment-runtime-check.sql,scripts/m4-management-reassignment-runtime-check.sql,m4-management-reassignment-runtime-check.sql,PONTE_IMPRESE,PonteImprese,MIGRARE_IN_PONTEIMPRESE,,DEFINITIVA,operazione o smoke check,"Node.js,moduli interni","Funzione operativa, identitaria o commerciale",Entry point
script_cli,p3-local-smoke.mjs,scripts/p3-local-smoke.mjs,p3-local-smoke.mjs,PONTE_IMPRESE,PonteImprese,MIGRARE_IN_PONTEIMPRESE,,DEFINITIVA,operazione o smoke check,"Node.js,moduli interni","Funzione operativa, identitaria o commerciale",Entry point
script_cli,p4-local-smoke.mjs,scripts/p4-local-smoke.mjs,p4-local-smoke.mjs,PONTE_IMPRESE,PonteImprese,MIGRARE_IN_PONTEIMPRESE,,DEFINITIVA,operazione o smoke check,"Node.js,moduli interni","Funzione operativa, identitaria o commerciale",Entry point
script_cli,p5-local-smoke.mjs,scripts/p5-local-smoke.mjs,p5-local-smoke.mjs,PONTE_IMPRESE,PonteImprese,MIGRARE_IN_PONTEIMPRESE,,DEFINITIVA,operazione o smoke check,"Node.js,moduli interni","Funzione operativa, identitaria o commerciale",Entry point
pagina_next,/accedi,src/app/accedi/page.tsx,default export,PONTE_IMPRESE,PonteImprese,MIGRARE_IN_PONTEIMPRESE,,DEFINITIVA,UI e navigazione,"Next.js,React","Funzione operativa, identitaria o commerciale",Route App Router
pagina_next,/app/amministrazione/account/[id],src/app/app/amministrazione/account/[id]/page.tsx,default export,PONTE_IMPRESE,PonteImprese,MIGRARE_IN_PONTEIMPRESE,,DEFINITIVA,UI e navigazione,"Next.js,React","Funzione operativa, identitaria o commerciale",Route App Router
pagina_next,/app/amministrazione/account,src/app/app/amministrazione/account/page.tsx,default export,PONTE_IMPRESE,PonteImprese,MIGRARE_IN_PONTEIMPRESE,,DEFINITIVA,UI e navigazione,"Next.js,React","Funzione operativa, identitaria o commerciale",Route App Router
pagina_next,/app/amministrazione/imprese,src/app/app/amministrazione/imprese/page.tsx,default export,PONTE_IMPRESE,PonteImprese,MIGRARE_IN_PONTEIMPRESE,,DEFINITIVA,UI e navigazione,"Next.js,React","Funzione operativa, identitaria o commerciale",Route App Router
layout_next,src/app/app/amministrazione/layout.tsx,src/app/app/amministrazione/layout.tsx,default export,PONTE_IMPRESE,PonteImprese,MIGRARE_IN_PONTEIMPRESE,,DEFINITIVA,composizione UI,"Next.js,React","Funzione operativa, identitaria o commerciale",Layout del relativo albero route
pagina_next,/app/amministrazione,src/app/app/amministrazione/page.tsx,default export,PONTE_IMPRESE,PonteImprese,MIGRARE_IN_PONTEIMPRESE,,DEFINITIVA,UI e navigazione,"Next.js,React","Funzione operativa, identitaria o commerciale",Route App Router
pagina_next,/app/amministrazione/riassegnazioni,src/app/app/amministrazione/riassegnazioni/page.tsx,default export,PONTE_IMPRESE,PonteImprese,MIGRARE_IN_PONTEIMPRESE,,DEFINITIVA,UI e navigazione,"Next.js,React","Funzione operativa, identitaria o commerciale",Route App Router
pagina_next,/app/amministrazione/ruoli,src/app/app/amministrazione/ruoli/page.tsx,default export,PONTE_IMPRESE,PonteImprese,MIGRARE_IN_PONTEIMPRESE,,DEFINITIVA,UI e navigazione,"Next.js,React","Funzione operativa, identitaria o commerciale",Route App Router
pagina_next,/app/forbidden,src/app/app/forbidden/page.tsx,default export,PONTE_IMPRESE,PonteImprese,MIGRARE_IN_PONTEIMPRESE,,DEFINITIVA,UI e navigazione,"Next.js,React","Funzione operativa, identitaria o commerciale",Route App Router
pagina_next,/app/imprese/[id],src/app/app/imprese/[id]/page.tsx,default export,PONTE_IMPRESE,PonteImprese,MIGRARE_IN_PONTEIMPRESE,,DEFINITIVA,UI e navigazione,"Next.js,React","Funzione operativa, identitaria o commerciale",Route App Router
pagina_next,/app/imprese,src/app/app/imprese/page.tsx,default export,PONTE_IMPRESE,PonteImprese,MIGRARE_IN_PONTEIMPRESE,,DEFINITIVA,UI e navigazione,"Next.js,React","Funzione operativa, identitaria o commerciale",Route App Router
layout_next,src/app/app/layout.tsx,src/app/app/layout.tsx,default export,PONTE_IMPRESE,PonteImprese,MIGRARE_IN_PONTEIMPRESE,,DEFINITIVA,composizione UI,"Next.js,React","Funzione operativa, identitaria o commerciale",Layout del relativo albero route
pagina_next,/app/onboarding,src/app/app/onboarding/page.tsx,default export,PONTE_IMPRESE,PonteImprese,MIGRARE_IN_PONTEIMPRESE,,DEFINITIVA,UI e navigazione,"Next.js,React","Funzione operativa, identitaria o commerciale",Route App Router
pagina_next,/app,src/app/app/page.tsx,default export,PONTE_IMPRESE,PonteImprese,MIGRARE_IN_PONTEIMPRESE,,DEFINITIVA,UI e navigazione,"Next.js,React","Funzione operativa, identitaria o commerciale",Route App Router
pagina_next,/app/profilo,src/app/app/profilo/page.tsx,default export,PONTE_IMPRESE,PonteImprese,MIGRARE_IN_PONTEIMPRESE,,DEFINITIVA,UI e navigazione,"Next.js,React","Funzione operativa, identitaria o commerciale",Route App Router
pagina_next,/app/redazione/contenuti/[id],src/app/app/redazione/contenuti/[id]/page.tsx,default export,CENTRO_STUDI,Immigrati Imprenditori - Centro Studi sull'Imprenditoria Migrante,MIGRARE_E_SCINDERE_LINK,API_READ_ONLY,DEFINITIVA,UI e navigazione,"Next.js,React",Oggetto editoriale con possibili riferimenti commerciali,Route App Router
pagina_next,/app/redazione/contenuti/nuovo,src/app/app/redazione/contenuti/nuovo/page.tsx,default export,CENTRO_STUDI,Immigrati Imprenditori - Centro Studi sull'Imprenditoria Migrante,MIGRARE_E_SCINDERE_LINK,API_READ_ONLY,DEFINITIVA,UI e navigazione,"Next.js,React",Oggetto editoriale con possibili riferimenti commerciali,Route App Router
pagina_next,/app/redazione/contenuti,src/app/app/redazione/contenuti/page.tsx,default export,CENTRO_STUDI,Immigrati Imprenditori - Centro Studi sull'Imprenditoria Migrante,MIGRARE_E_SCINDERE_LINK,API_READ_ONLY,DEFINITIVA,UI e navigazione,"Next.js,React",Oggetto editoriale con possibili riferimenti commerciali,Route App Router
pagina_next,/app/redazione/eventi/[id],src/app/app/redazione/eventi/[id]/page.tsx,default export,CENTRO_STUDI,Immigrati Imprenditori - Centro Studi sull'Imprenditoria Migrante,DUPLICARE_SCHEMA_O_ESTRARRE_MOTORE,,DEFINITIVA,UI e navigazione,"Next.js,React",Eventi B2B e osservatorio separati per tassonomia e dati,Route App Router
pagina_next,/app/redazione/eventi,src/app/app/redazione/eventi/page.tsx,default export,CENTRO_STUDI,Immigrati Imprenditori - Centro Studi sull'Imprenditoria Migrante,DUPLICARE_SCHEMA_O_ESTRARRE_MOTORE,,DEFINITIVA,UI e navigazione,"Next.js,React",Eventi B2B e osservatorio separati per tassonomia e dati,Route App Router
layout_next,src/app/app/redazione/layout.tsx,src/app/app/redazione/layout.tsx,default export,CENTRO_STUDI,Immigrati Imprenditori - Centro Studi sull'Imprenditoria Migrante,MIGRARE_E_SCINDERE_LINK,API_READ_ONLY,DEFINITIVA,composizione UI,"Next.js,React",Oggetto editoriale con possibili riferimenti commerciali,Layout del relativo albero route
pagina_next,/app/redazione/mercati-internazionali/[id],src/app/app/redazione/mercati-internazionali/[id]/page.tsx,default export,PONTE_IMPRESE,PonteImprese,MIGRARE_E_SCINDERE_LINK,API_READ_ONLY,DEFINITIVA,UI e navigazione,"Next.js,React",Oggetto editoriale con possibili riferimenti commerciali,Route App Router
pagina_next,/app/redazione/mercati-internazionali,src/app/app/redazione/mercati-internazionali/page.tsx,default export,PONTE_IMPRESE,PonteImprese,MIGRARE_E_SCINDERE_LINK,API_READ_ONLY,DEFINITIVA,UI e navigazione,"Next.js,React",Oggetto editoriale con possibili riferimenti commerciali,Route App Router
pagina_next,/app/redazione/opportunita/[id],src/app/app/redazione/opportunita/[id]/page.tsx,default export,PONTE_IMPRESE,PonteImprese,MIGRARE_E_SCINDERE_LINK,API_READ_ONLY,DEFINITIVA,UI e navigazione,"Next.js,React",Oggetto editoriale con possibili riferimenti commerciali,Route App Router
pagina_next,/app/redazione/opportunita,src/app/app/redazione/opportunita/page.tsx,default export,PONTE_IMPRESE,PonteImprese,MIGRARE_E_SCINDERE_LINK,API_READ_ONLY,DEFINITIVA,UI e navigazione,"Next.js,React",Oggetto editoriale con possibili riferimenti commerciali,Route App Router
pagina_next,/app/redazione/organizzazioni/[id],src/app/app/redazione/organizzazioni/[id]/page.tsx,default export,PONTE_IMPRESE,PonteImprese,MIGRARE_E_SCINDERE_LINK,API_READ_ONLY,DEFINITIVA,UI e navigazione,"Next.js,React",Oggetto editoriale con possibili riferimenti commerciali,Route App Router
pagina_next,/app/redazione/organizzazioni/nuovo,src/app/app/redazione/organizzazioni/nuovo/page.tsx,default export,PONTE_IMPRESE,PonteImprese,MIGRARE_E_SCINDERE_LINK,API_READ_ONLY,DEFINITIVA,UI e navigazione,"Next.js,React",Oggetto editoriale con possibili riferimenti commerciali,Route App Router
pagina_next,/app/redazione/organizzazioni,src/app/app/redazione/organizzazioni/page.tsx,default export,PONTE_IMPRESE,PonteImprese,MIGRARE_E_SCINDERE_LINK,API_READ_ONLY,DEFINITIVA,UI e navigazione,"Next.js,React",Oggetto editoriale con possibili riferimenti commerciali,Route App Router
pagina_next,/app/redazione/osservatorio/fonti,src/app/app/redazione/osservatorio/fonti/page.tsx,default export,CENTRO_STUDI,Immigrati Imprenditori - Centro Studi sull'Imprenditoria Migrante,MIGRARE_NELL_CENTRO_STUDI,,DEFINITIVA,UI e navigazione,"Next.js,React",Finalità statistica o documentale,Route App Router
pagina_next,/app/redazione/osservatorio/indicatori/[id],src/app/app/redazione/osservatorio/indicatori/[id]/page.tsx,default export,CENTRO_STUDI,Immigrati Imprenditori - Centro Studi sull'Imprenditoria Migrante,MIGRARE_NELL_CENTRO_STUDI,,DEFINITIVA,UI e navigazione,"Next.js,React",Finalità statistica o documentale,Route App Router
pagina_next,/app/redazione/osservatorio/indicatori/nuovo,src/app/app/redazione/osservatorio/indicatori/nuovo/page.tsx,default export,CENTRO_STUDI,Immigrati Imprenditori - Centro Studi sull'Imprenditoria Migrante,MIGRARE_NELL_CENTRO_STUDI,,DEFINITIVA,UI e navigazione,"Next.js,React",Finalità statistica o documentale,Route App Router
pagina_next,/app/redazione/osservatorio/indicatori,src/app/app/redazione/osservatorio/indicatori/page.tsx,default export,CENTRO_STUDI,Immigrati Imprenditori - Centro Studi sull'Imprenditoria Migrante,MIGRARE_NELL_CENTRO_STUDI,,DEFINITIVA,UI e navigazione,"Next.js,React",Finalità statistica o documentale,Route App Router
pagina_next,/app/redazione/osservatorio,src/app/app/redazione/osservatorio/page.tsx,default export,CENTRO_STUDI,Immigrati Imprenditori - Centro Studi sull'Imprenditoria Migrante,MIGRARE_NELL_CENTRO_STUDI,,DEFINITIVA,UI e navigazione,"Next.js,React",Finalità statistica o documentale,Route App Router
pagina_next,/app/redazione/osservatorio/valori,src/app/app/redazione/osservatorio/valori/page.tsx,default export,CENTRO_STUDI,Immigrati Imprenditori - Centro Studi sull'Imprenditoria Migrante,MIGRARE_NELL_CENTRO_STUDI,,DEFINITIVA,UI e navigazione,"Next.js,React",Finalità statistica o documentale,Route App Router
pagina_next,/app/redazione,src/app/app/redazione/page.tsx,default export,CENTRO_STUDI,Immigrati Imprenditori - Centro Studi sull'Imprenditoria Migrante,MIGRARE_E_SCINDERE_LINK,API_READ_ONLY,DEFINITIVA,UI e navigazione,"Next.js,React",Oggetto editoriale con possibili riferimenti commerciali,Route App Router
pagina_next,/app/stato/chiuso,src/app/app/stato/chiuso/page.tsx,default export,PONTE_IMPRESE,PonteImprese,MIGRARE_IN_PONTEIMPRESE,,DEFINITIVA,UI e navigazione,"Next.js,React","Funzione operativa, identitaria o commerciale",Route App Router
pagina_next,/app/stato/disabilitato,src/app/app/stato/disabilitato/page.tsx,default export,PONTE_IMPRESE,PonteImprese,MIGRARE_IN_PONTEIMPRESE,,DEFINITIVA,UI e navigazione,"Next.js,React","Funzione operativa, identitaria o commerciale",Route App Router
pagina_next,/app/stato/sospeso,src/app/app/stato/sospeso/page.tsx,default export,PONTE_IMPRESE,PonteImprese,MIGRARE_IN_PONTEIMPRESE,,DEFINITIVA,UI e navigazione,"Next.js,React","Funzione operativa, identitaria o commerciale",Route App Router
route_handler,/auth/callback,src/app/auth/callback/route.ts,HTTP handler,PONTE_IMPRESE,PonteImprese,MIGRARE_IN_PONTEIMPRESE,,DEFINITIVA,callback autenticazione/API,"Next.js,Supabase","Funzione operativa, identitaria o commerciale",Metodi anche nell'inventario simboli
pagina_next,/chi-siamo,src/app/chi-siamo/page.tsx,default export,PONTE_IMPRESE,PonteImprese,MIGRARE_IN_PONTEIMPRESE,,DEFINITIVA,UI e navigazione,"Next.js,React","Funzione operativa, identitaria o commerciale",Route App Router
pagina_next,/collaborazioni/[slug],src/app/collaborazioni/[slug]/page.tsx,default export,CONDIVISO,Entrambi con versioni indipendenti,ESTRARRE_O_DUPLICARE,PACKAGE_VERSIONATO,DEFINITIVA,UI e navigazione,"Next.js,React",Catalogo o utilità tecnica neutrale,Route App Router
pagina_next,/collaborazioni,src/app/collaborazioni/page.tsx,default export,PONTE_IMPRESE,PonteImprese,MIGRARE_IN_PONTEIMPRESE,,DEFINITIVA,UI e navigazione,"Next.js,React","Funzione operativa, identitaria o commerciale",Route App Router
pagina_next,/contatti,src/app/contatti/page.tsx,default export,PONTE_IMPRESE,PonteImprese,MIGRARE_IN_PONTEIMPRESE,,DEFINITIVA,UI e navigazione,"Next.js,React","Funzione operativa, identitaria o commerciale",Route App Router
pagina_next,/contenuti/[slug],src/app/contenuti/[slug]/page.tsx,default export,CENTRO_STUDI,Immigrati Imprenditori - Centro Studi sull'Imprenditoria Migrante,MIGRARE_E_SCINDERE_LINK,API_READ_ONLY,DEFINITIVA,UI e navigazione,"Next.js,React",Oggetto editoriale con possibili riferimenti commerciali,Route App Router
pagina_next,/contenuti,src/app/contenuti/page.tsx,default export,CENTRO_STUDI,Immigrati Imprenditori - Centro Studi sull'Imprenditoria Migrante,MIGRARE_E_SCINDERE_LINK,API_READ_ONLY,DEFINITIVA,UI e navigazione,"Next.js,React",Oggetto editoriale con possibili riferimenti commerciali,Route App Router
pagina_next,/cookie,src/app/cookie/page.tsx,default export,PONTE_IMPRESE,PonteImprese,MIGRARE_E_RIVALUTARE,,DEFINITIVA,UI e navigazione,"Next.js,React",Responsabilità legale legata ai dati operativi attuali,Route App Router
pagina_next,/cultura,src/app/cultura/page.tsx,default export,CENTRO_STUDI,Immigrati Imprenditori - Centro Studi sull'Imprenditoria Migrante,MIGRARE_NELL_CENTRO_STUDI,,DEFINITIVA,UI e navigazione,"Next.js,React",Finalità culturale/editoriale,Route App Router
pagina_next,/dati-e-fonti,src/app/dati-e-fonti/page.tsx,default export,PONTE_IMPRESE,PonteImprese,MIGRARE_IN_PONTEIMPRESE,,DEFINITIVA,UI e navigazione,"Next.js,React","Funzione operativa, identitaria o commerciale",Route App Router
pagina_next,/eventi/[id],src/app/eventi/[id]/page.tsx,default export,CENTRO_STUDI,Immigrati Imprenditori - Centro Studi sull'Imprenditoria Migrante,DUPLICARE_SCHEMA_O_ESTRARRE_MOTORE,,DEFINITIVA,UI e navigazione,"Next.js,React",Eventi B2B e osservatorio separati per tassonomia e dati,Route App Router
pagina_next,/eventi,src/app/eventi/page.tsx,default export,CENTRO_STUDI,Immigrati Imprenditori - Centro Studi sull'Imprenditoria Migrante,DUPLICARE_SCHEMA_O_ESTRARRE_MOTORE,,DEFINITIVA,UI e navigazione,"Next.js,React",Eventi B2B e osservatorio separati per tassonomia e dati,Route App Router
pagina_next,/imprese/[id],src/app/imprese/[id]/page.tsx,default export,PONTE_IMPRESE,PonteImprese,MIGRARE_IN_PONTEIMPRESE,,DEFINITIVA,UI e navigazione,"Next.js,React","Funzione operativa, identitaria o commerciale",Route App Router
pagina_next,/imprese,src/app/imprese/page.tsx,default export,PONTE_IMPRESE,PonteImprese,MIGRARE_IN_PONTEIMPRESE,,DEFINITIVA,UI e navigazione,"Next.js,React","Funzione operativa, identitaria o commerciale",Route App Router
layout_next,src/app/layout.tsx,src/app/layout.tsx,default export,PONTE_IMPRESE,PonteImprese,MIGRARE_IN_PONTEIMPRESE,,DEFINITIVA,composizione UI,"Next.js,React","Funzione operativa, identitaria o commerciale",Layout del relativo albero route
pagina_next,/lingue-e-mercati,src/app/lingue-e-mercati/page.tsx,default export,CONDIVISO,Entrambi con versioni indipendenti,ESTRARRE_O_DUPLICARE,PACKAGE_VERSIONATO,DEFINITIVA,UI e navigazione,"Next.js,React",Catalogo o utilità tecnica neutrale,Route App Router
pagina_next,/mercati/[code],src/app/mercati/[code]/page.tsx,default export,PONTE_IMPRESE,PonteImprese,MIGRARE_IN_PONTEIMPRESE,,DEFINITIVA,UI e navigazione,"Next.js,React","Funzione operativa, identitaria o commerciale",Route App Router
pagina_next,/mercati,src/app/mercati/page.tsx,default export,PONTE_IMPRESE,PonteImprese,MIGRARE_IN_PONTEIMPRESE,,DEFINITIVA,UI e navigazione,"Next.js,React","Funzione operativa, identitaria o commerciale",Route App Router
pagina_next,/notizie-e-guide,src/app/notizie-e-guide/page.tsx,default export,PONTE_IMPRESE,PonteImprese,MIGRARE_IN_PONTEIMPRESE,,DEFINITIVA,UI e navigazione,"Next.js,React","Funzione operativa, identitaria o commerciale",Route App Router
pagina_next,/opportunita/[id],src/app/opportunita/[id]/page.tsx,default export,PONTE_IMPRESE,PonteImprese,MIGRARE_IN_PONTEIMPRESE,,DEFINITIVA,UI e navigazione,"Next.js,React","Funzione operativa, identitaria o commerciale",Route App Router
pagina_next,/opportunita,src/app/opportunita/page.tsx,default export,PONTE_IMPRESE,PonteImprese,MIGRARE_IN_PONTEIMPRESE,,DEFINITIVA,UI e navigazione,"Next.js,React","Funzione operativa, identitaria o commerciale",Route App Router
pagina_next,/organizzazioni/[slug],src/app/organizzazioni/[slug]/page.tsx,default export,PONTE_IMPRESE,PonteImprese,DUPLICARE_SCHEMA_E_STABILIRE_OWNER,,DEFINITIVA,UI e navigazione,"Next.js,React",Organizzazioni con finalità B2B o ricerca,Route App Router
pagina_next,/organizzazioni,src/app/organizzazioni/page.tsx,default export,CONDIVISO,Entrambi con record separati,DUPLICARE_SCHEMA_E_STABILIRE_OWNER,SCHEMA_TEMPLATE_DUPLICATO,DEFINITIVA,UI e navigazione,"Next.js,React",Organizzazioni con finalità B2B o ricerca,Route App Router
pagina_next,/osservatorio/[slug],src/app/osservatorio/[slug]/page.tsx,default export,CENTRO_STUDI,Immigrati Imprenditori - Centro Studi sull'Imprenditoria Migrante,MIGRARE_NELL_CENTRO_STUDI,,DEFINITIVA,UI e navigazione,"Next.js,React",Finalità statistica o documentale,Route App Router
pagina_next,/osservatorio,src/app/osservatorio/page.tsx,default export,CENTRO_STUDI,Immigrati Imprenditori - Centro Studi sull'Imprenditoria Migrante,MIGRARE_NELL_CENTRO_STUDI,,DEFINITIVA,UI e navigazione,"Next.js,React",Finalità statistica o documentale,Route App Router
pagina_next,/,src/app/page.tsx,default export,PONTE_IMPRESE,PonteImprese,MIGRARE_IN_PONTEIMPRESE,,DEFINITIVA,UI e navigazione,"Next.js,React","Funzione operativa, identitaria o commerciale",Route App Router
pagina_next,/persone/[slug],src/app/persone/[slug]/page.tsx,default export,CONDIVISO,Entrambi con versioni indipendenti,ESTRARRE_O_DUPLICARE,PACKAGE_VERSIONATO,DEFINITIVA,UI e navigazione,"Next.js,React",Catalogo o utilità tecnica neutrale,Route App Router
pagina_next,/persone,src/app/persone/page.tsx,default export,PONTE_IMPRESE,PonteImprese,MIGRARE_IN_PONTEIMPRESE,,DEFINITIVA,UI e navigazione,"Next.js,React","Funzione operativa, identitaria o commerciale",Route App Router
pagina_next,/privacy,src/app/privacy/page.tsx,default export,PONTE_IMPRESE,PonteImprese,MIGRARE_E_RIVALUTARE,,DEFINITIVA,UI e navigazione,"Next.js,React",Responsabilità legale legata ai dati operativi attuali,Route App Router
pagina_next,/professionisti/[id],src/app/professionisti/[id]/page.tsx,default export,PONTE_IMPRESE,PonteImprese,MIGRARE_IN_PONTEIMPRESE,,DEFINITIVA,UI e navigazione,"Next.js,React","Funzione operativa, identitaria o commerciale",Route App Router
pagina_next,/professionisti,src/app/professionisti/page.tsx,default export,PONTE_IMPRESE,PonteImprese,MIGRARE_IN_PONTEIMPRESE,,DEFINITIVA,UI e navigazione,"Next.js,React","Funzione operativa, identitaria o commerciale",Route App Router
pagina_next,/pubblica,src/app/pubblica/page.tsx,default export,PONTE_IMPRESE,PonteImprese,MIGRARE_IN_PONTEIMPRESE,,DEFINITIVA,UI e navigazione,"Next.js,React","Funzione operativa, identitaria o commerciale",Route App Router
pagina_next,/registrati,src/app/registrati/page.tsx,default export,PONTE_IMPRESE,PonteImprese,MIGRARE_IN_PONTEIMPRESE,,DEFINITIVA,UI e navigazione,"Next.js,React","Funzione operativa, identitaria o commerciale",Route App Router
pagina_next,/servizi/offerte/[id],src/app/servizi/offerte/[id]/page.tsx,default export,PONTE_IMPRESE,PonteImprese,MIGRARE_IN_PONTEIMPRESE,,DEFINITIVA,UI e navigazione,"Next.js,React","Funzione operativa, identitaria o commerciale",Route App Router
pagina_next,/servizi,src/app/servizi/page.tsx,default export,PONTE_IMPRESE,PonteImprese,MIGRARE_IN_PONTEIMPRESE,,DEFINITIVA,UI e navigazione,"Next.js,React","Funzione operativa, identitaria o commerciale",Route App Router
pagina_next,/servizi/richieste/[id],src/app/servizi/richieste/[id]/page.tsx,default export,PONTE_IMPRESE,PonteImprese,MIGRARE_IN_PONTEIMPRESE,,DEFINITIVA,UI e navigazione,"Next.js,React","Funzione operativa, identitaria o commerciale",Route App Router
pagina_next,/termini,src/app/termini/page.tsx,default export,PONTE_IMPRESE,PonteImprese,MIGRARE_IN_PONTEIMPRESE,,DEFINITIVA,UI e navigazione,"Next.js,React","Funzione operativa, identitaria o commerciale",Route App Router
test,ecosystems.test.ts,src/data/ecosystems.test.ts,ecosystems.test.ts,PONTE_IMPRESE,PonteImprese,MIGRARE_IN_PONTEIMPRESE,,DEFINITIVA,verifica automatizzata,"runner,modulo sotto test","Funzione operativa, identitaria o commerciale",Unità eseguibile
test,self-delete.test.ts,src/lib/access/self-delete.test.ts,self-delete.test.ts,PONTE_IMPRESE,PonteImprese,MIGRARE_E_RIVALUTARE,,DEFINITIVA,verifica automatizzata,"runner,modulo sotto test",Responsabilità legale legata ai dati operativi attuali,Unità eseguibile
test,roles-policy.test.ts,src/lib/admin/roles-policy.test.ts,roles-policy.test.ts,PONTE_IMPRESE,PonteImprese,MIGRARE_IN_PONTEIMPRESE,,DEFINITIVA,verifica automatizzata,"runner,modulo sotto test","Funzione operativa, identitaria o commerciale",Unità eseguibile
test,user-labels.test.ts,src/lib/app/user-labels.test.ts,user-labels.test.ts,PONTE_IMPRESE,PonteImprese,MIGRARE_IN_PONTEIMPRESE,,DEFINITIVA,verifica automatizzata,"runner,modulo sotto test","Funzione operativa, identitaria o commerciale",Unità eseguibile
test,safe-redirect.test.ts,src/lib/auth/safe-redirect.test.ts,safe-redirect.test.ts,CONDIVISO,Entrambi con implementazioni autonome,DUPLICAZIONE_CONTROLLATA,DUPLICAZIONE_CONTROLLATA,DEFINITIVA,verifica automatizzata,"runner,modulo sotto test",Fondazione tecnica neutrale,Unità eseguibile
test,capabilities.test.ts,src/lib/business/capabilities.test.ts,capabilities.test.ts,PONTE_IMPRESE,PonteImprese,MIGRARE_IN_PONTEIMPRESE,,DEFINITIVA,verifica automatizzata,"runner,modulo sotto test","Funzione operativa, identitaria o commerciale",Unità eseguibile
test,strip-acquisition-trailer.test.ts,src/lib/contents/strip-acquisition-trailer.test.ts,strip-acquisition-trailer.test.ts,CENTRO_STUDI,Immigrati Imprenditori - Centro Studi sull'Imprenditoria Migrante,MIGRARE_E_SCINDERE_LINK,API_READ_ONLY,DEFINITIVA,verifica automatizzata,"runner,modulo sotto test",Oggetto editoriale con possibili riferimenti commerciali,Unità eseguibile
test,person-contact.test.ts,src/lib/data/authenticated/person-contact.test.ts,person-contact.test.ts,PONTE_IMPRESE,PonteImprese,MIGRARE_E_RIVALUTARE,,DEFINITIVA,verifica automatizzata,"runner,modulo sotto test",Responsabilità legale legata ai dati operativi attuali,Unità eseguibile
test,observatory.test.ts,src/lib/data/editorial/observatory.test.ts,observatory.test.ts,CENTRO_STUDI,Immigrati Imprenditori - Centro Studi sull'Imprenditoria Migrante,MIGRARE_NELL_CENTRO_STUDI,,DEFINITIVA,verifica automatizzata,"runner,modulo sotto test",Finalità statistica o documentale,Unità eseguibile
test,culture.test.ts,src/lib/data/public/culture.test.ts,culture.test.ts,CENTRO_STUDI,Immigrati Imprenditori - Centro Studi sull'Imprenditoria Migrante,MIGRARE_NELL_CENTRO_STUDI,,DEFINITIVA,verifica automatizzata,"runner,modulo sotto test",Finalità culturale/editoriale,Unità eseguibile
test,people.test.ts,src/lib/data/public/people.test.ts,people.test.ts,PONTE_IMPRESE,PonteImprese,MIGRARE_IN_PONTEIMPRESE,,DEFINITIVA,verifica automatizzata,"runner,modulo sotto test","Funzione operativa, identitaria o commerciale",Unità eseguibile
test,public-domains.test.ts,src/lib/data/public/public-domains.test.ts,public-domains.test.ts,PONTE_IMPRESE,PonteImprese,MIGRARE_IN_PONTEIMPRESE,,DEFINITIVA,verifica automatizzata,"runner,modulo sotto test","Funzione operativa, identitaria o commerciale",Unità eseguibile
test,visibility-gates.test.ts,src/lib/data/public/visibility-gates.test.ts,visibility-gates.test.ts,PONTE_IMPRESE,PonteImprese,MIGRARE_IN_PONTEIMPRESE,,DEFINITIVA,verifica automatizzata,"runner,modulo sotto test","Funzione operativa, identitaria o commerciale",Unità eseguibile
test,slug.test.ts,src/lib/editorial/slug.test.ts,slug.test.ts,CENTRO_STUDI,Immigrati Imprenditori - Centro Studi sull'Imprenditoria Migrante,MIGRARE_E_SCINDERE_LINK,API_READ_ONLY,DEFINITIVA,verifica automatizzata,"runner,modulo sotto test",Oggetto editoriale con possibili riferimenti commerciali,Unità eseguibile
test,app-error.test.ts,src/lib/errors/app-error.test.ts,app-error.test.ts,CONDIVISO,Entrambi con implementazioni autonome,DUPLICAZIONE_CONTROLLATA,DUPLICAZIONE_CONTROLLATA,DEFINITIVA,verifica automatizzata,"runner,modulo sotto test",Fondazione tecnica neutrale,Unità eseguibile
test,acquisition.test.ts,src/lib/external-data/contents/acquisition.test.ts,acquisition.test.ts,CENTRO_STUDI,Immigrati Imprenditori - Centro Studi sull'Imprenditoria Migrante,MIGRARE_E_SCINDERE_LINK,API_READ_ONLY,DEFINITIVA,verifica automatizzata,"runner,modulo sotto test",Oggetto editoriale con possibili riferimenti commerciali,Unità eseguibile
test,apply-contents.test.ts,src/lib/external-data/contents/apply-contents.test.ts,apply-contents.test.ts,CENTRO_STUDI,Immigrati Imprenditori - Centro Studi sull'Imprenditoria Migrante,MIGRARE_E_SCINDERE_LINK,API_READ_ONLY,DEFINITIVA,verifica automatizzata,"runner,modulo sotto test",Oggetto editoriale con possibili riferimenti commerciali,Unità eseguibile
test,apply-lfsa-esgan.test.ts,src/lib/external-data/eurostat/apply-lfsa-esgan.test.ts,apply-lfsa-esgan.test.ts,CENTRO_STUDI,Immigrati Imprenditori - Centro Studi sull'Imprenditoria Migrante,MIGRARE_NELL_CENTRO_STUDI,,DEFINITIVA,verifica automatizzata,"runner,modulo sotto test",Finalità statistica o documentale,Unità eseguibile
test,lfsa-esgan.test.ts,src/lib/external-data/eurostat/lfsa-esgan.test.ts,lfsa-esgan.test.ts,CENTRO_STUDI,Immigrati Imprenditori - Centro Studi sull'Imprenditoria Migrante,MIGRARE_NELL_CENTRO_STUDI,,DEFINITIVA,verifica automatizzata,"runner,modulo sotto test",Finalità statistica o documentale,Unità eseguibile
test,acquisition.test.ts,src/lib/external-data/events/acquisition.test.ts,acquisition.test.ts,CONDIVISO,Entrambi con dati separati,DUPLICARE_SCHEMA_O_ESTRARRE_MOTORE,SCHEMA_TEMPLATE_DUPLICATO,DEFINITIVA,verifica automatizzata,"runner,modulo sotto test",Eventi B2B e osservatorio separati per tassonomia e dati,Unità eseguibile
test,apply-opendata.test.ts,src/lib/external-data/incentivi-gov/apply-opendata.test.ts,apply-opendata.test.ts,PONTE_IMPRESE,PonteImprese,MIGRARE_IN_PONTEIMPRESE,,DEFINITIVA,verifica automatizzata,"runner,modulo sotto test","Funzione operativa, identitaria o commerciale",Unità eseguibile
test,opendata.test.ts,src/lib/external-data/incentivi-gov/opendata.test.ts,opendata.test.ts,PONTE_IMPRESE,PonteImprese,MIGRARE_IN_PONTEIMPRESE,,DEFINITIVA,verifica automatizzata,"runner,modulo sotto test","Funzione operativa, identitaria o commerciale",Unità eseguibile
test,summary-preserve.test.ts,src/lib/external-data/incentivi-gov/summary-preserve.test.ts,summary-preserve.test.ts,PONTE_IMPRESE,PonteImprese,MIGRARE_IN_PONTEIMPRESE,,DEFINITIVA,verifica automatizzata,"runner,modulo sotto test","Funzione operativa, identitaria o commerciale",Unità eseguibile
test,apply-indicators.test.ts,src/lib/external-data/worldbank/apply-indicators.test.ts,apply-indicators.test.ts,CENTRO_STUDI,Immigrati Imprenditori - Centro Studi sull'Imprenditoria Migrante,MIGRARE_NELL_CENTRO_STUDI,,DEFINITIVA,verifica automatizzata,"runner,modulo sotto test",Finalità statistica o documentale,Unità eseguibile
test,indicators.test.ts,src/lib/external-data/worldbank/indicators.test.ts,indicators.test.ts,CENTRO_STUDI,Immigrati Imprenditori - Centro Studi sull'Imprenditoria Migrante,MIGRARE_NELL_CENTRO_STUDI,,DEFINITIVA,verifica automatizzata,"runner,modulo sotto test",Finalità statistica o documentale,Unità eseguibile
test,l1.3-m2-legal-retention.test.ts,src/lib/legal/l1.3-m2-legal-retention.test.ts,l1.3-m2-legal-retention.test.ts,PONTE_IMPRESE,PonteImprese,MIGRARE_E_RIVALUTARE,,DEFINITIVA,verifica automatizzata,"runner,modulo sotto test",Responsabilità legale legata ai dati operativi attuali,Unità eseguibile
test,l1.4-legal-public.test.ts,src/lib/legal/l1.4-legal-public.test.ts,l1.4-legal-public.test.ts,PONTE_IMPRESE,PonteImprese,MIGRARE_E_RIVALUTARE,,DEFINITIVA,verifica automatizzata,"runner,modulo sotto test",Responsabilità legale legata ai dati operativi attuali,Unità eseguibile
test,record-terms-acceptance.test.ts,src/lib/legal/record-terms-acceptance.test.ts,record-terms-acceptance.test.ts,PONTE_IMPRESE,PonteImprese,MIGRARE_E_RIVALUTARE,,DEFINITIVA,verifica automatizzata,"runner,modulo sotto test",Responsabilità legale legata ai dati operativi attuali,Unità eseguibile
test,subject-ref.test.ts,src/lib/legal/subject-ref.test.ts,subject-ref.test.ts,PONTE_IMPRESE,PonteImprese,MIGRARE_E_RIVALUTARE,,DEFINITIVA,verifica automatizzata,"runner,modulo sotto test",Responsabilità legale legata ai dati operativi attuali,Unità eseguibile
test,temporal-label.test.ts,src/lib/opportunities/temporal-label.test.ts,temporal-label.test.ts,PONTE_IMPRESE,PonteImprese,MIGRARE_IN_PONTEIMPRESE,,DEFINITIVA,verifica automatizzata,"runner,modulo sotto test","Funzione operativa, identitaria o commerciale",Unità eseguibile
test,slug.test.ts,src/lib/profile/slug.test.ts,slug.test.ts,CONDIVISO,Entrambi con versioni indipendenti,ESTRARRE_O_DUPLICARE,PACKAGE_VERSIONATO,DEFINITIVA,verifica automatizzata,"runner,modulo sotto test",Catalogo o utilità tecnica neutrale,Unità eseguibile
test,copy-humanization.test.ts,src/lib/public/copy-humanization.test.ts,copy-humanization.test.ts,PONTE_IMPRESE,PonteImprese,MIGRARE_IN_PONTEIMPRESE,,DEFINITIVA,verifica automatizzata,"runner,modulo sotto test","Funzione operativa, identitaria o commerciale",Unità eseguibile
test,guards.test.ts,src/lib/session/guards.test.ts,guards.test.ts,PONTE_IMPRESE,PonteImprese,MIGRARE_IN_PONTEIMPRESE,,DEFINITIVA,verifica automatizzata,"runner,modulo sotto test","Funzione operativa, identitaria o commerciale",Unità eseguibile
test,security-boundary.test.ts,src/lib/supabase/security-boundary.test.ts,security-boundary.test.ts,CONDIVISO,Entrambi con implementazioni autonome,DUPLICAZIONE_CONTROLLATA,DUPLICAZIONE_CONTROLLATA,DEFINITIVA,verifica automatizzata,"runner,modulo sotto test",Fondazione tecnica neutrale,Unità eseguibile
migration,20260718103949_create_profiles_table.sql,supabase/migrations/20260718103949_create_profiles_table.sql,20260718103949_create_profiles_table.sql,CONDIVISO,Entrambi con implementazioni autonome,DUPLICAZIONE_CONTROLLATA,DUPLICAZIONE_CONTROLLATA,DEFINITIVA,evoluzione schema immutabile,"PostgreSQL,Supabase",Fondazione tecnica neutrale,Migration storica: non modificare
migration,20260718112212_create_languages_table.sql,supabase/migrations/20260718112212_create_languages_table.sql,20260718112212_create_languages_table.sql,CONDIVISO,Entrambi con versioni indipendenti,ESTRARRE_O_DUPLICARE,PACKAGE_VERSIONATO,DEFINITIVA,evoluzione schema immutabile,"PostgreSQL,Supabase",Catalogo o utilità tecnica neutrale,Migration storica: non modificare
migration,20260718113000_extend_profiles_for_person_domain.sql,supabase/migrations/20260718113000_extend_profiles_for_person_domain.sql,20260718113000_extend_profiles_for_person_domain.sql,CONDIVISO,Entrambi con implementazioni autonome,DUPLICAZIONE_CONTROLLATA,DUPLICAZIONE_CONTROLLATA,DEFINITIVA,evoluzione schema immutabile,"PostgreSQL,Supabase",Fondazione tecnica neutrale,Migration storica: non modificare
migration,20260718113607_create_profile_languages_table.sql,supabase/migrations/20260718113607_create_profile_languages_table.sql,20260718113607_create_profile_languages_table.sql,CONDIVISO,Entrambi con versioni indipendenti,ESTRARRE_O_DUPLICARE,PACKAGE_VERSIONATO,DEFINITIVA,evoluzione schema immutabile,"PostgreSQL,Supabase",Catalogo o utilità tecnica neutrale,Migration storica: non modificare
migration,20260718190540_create_language_service_types_table.sql,supabase/migrations/20260718190540_create_language_service_types_table.sql,20260718190540_create_language_service_types_table.sql,CONDIVISO,Entrambi con versioni indipendenti,ESTRARRE_O_DUPLICARE,PACKAGE_VERSIONATO,DEFINITIVA,evoluzione schema immutabile,"PostgreSQL,Supabase",Catalogo o utilità tecnica neutrale,Migration storica: non modificare
migration,20260718190638_create_language_service_specializations_table.sql,supabase/migrations/20260718190638_create_language_service_specializations_table.sql,20260718190638_create_language_service_specializations_table.sql,CONDIVISO,Entrambi con versioni indipendenti,ESTRARRE_O_DUPLICARE,PACKAGE_VERSIONATO,DEFINITIVA,evoluzione schema immutabile,"PostgreSQL,Supabase",Catalogo o utilità tecnica neutrale,Migration storica: non modificare
migration,20260718190718_create_profile_language_services_table.sql,supabase/migrations/20260718190718_create_profile_language_services_table.sql,20260718190718_create_profile_language_services_table.sql,CONDIVISO,Entrambi con versioni indipendenti,ESTRARRE_O_DUPLICARE,PACKAGE_VERSIONATO,DEFINITIVA,evoluzione schema immutabile,"PostgreSQL,Supabase",Catalogo o utilità tecnica neutrale,Migration storica: non modificare
migration,20260718190814_create_profile_language_service_specializations_table.sql,supabase/migrations/20260718190814_create_profile_language_service_specializations_table.sql,20260718190814_create_profile_language_service_specializations_table.sql,CONDIVISO,Entrambi con versioni indipendenti,ESTRARRE_O_DUPLICARE,PACKAGE_VERSIONATO,DEFINITIVA,evoluzione schema immutabile,"PostgreSQL,Supabase",Catalogo o utilità tecnica neutrale,Migration storica: non modificare
migration,20260718192646_create_business_sectors_table.sql,supabase/migrations/20260718192646_create_business_sectors_table.sql,20260718192646_create_business_sectors_table.sql,CONDIVISO,Entrambi con versioni indipendenti,ESTRARRE_O_DUPLICARE,PACKAGE_VERSIONATO,DEFINITIVA,evoluzione schema immutabile,"PostgreSQL,Supabase",Catalogo o utilità tecnica neutrale,Migration storica: non modificare
migration,20260718192647_create_training_course_types_table.sql,supabase/migrations/20260718192647_create_training_course_types_table.sql,20260718192647_create_training_course_types_table.sql,CONDIVISO,Entrambi con implementazioni autonome,DUPLICAZIONE_CONTROLLATA,DUPLICAZIONE_CONTROLLATA,DEFINITIVA,evoluzione schema immutabile,"PostgreSQL,Supabase",Fondazione tecnica neutrale,Migration storica: non modificare
migration,20260718192648_create_training_delivery_modes_and_venue_types_tables.sql,supabase/migrations/20260718192648_create_training_delivery_modes_and_venue_types_tables.sql,20260718192648_create_training_delivery_modes_and_venue_types_tables.sql,CONDIVISO,Entrambi con implementazioni autonome,DUPLICAZIONE_CONTROLLATA,DUPLICAZIONE_CONTROLLATA,DEFINITIVA,evoluzione schema immutabile,"PostgreSQL,Supabase",Fondazione tecnica neutrale,Migration storica: non modificare
migration,20260718192650_create_training_offers_table.sql,supabase/migrations/20260718192650_create_training_offers_table.sql,20260718192650_create_training_offers_table.sql,CONDIVISO,Entrambi con implementazioni autonome,DUPLICAZIONE_CONTROLLATA,DUPLICAZIONE_CONTROLLATA,DEFINITIVA,evoluzione schema immutabile,"PostgreSQL,Supabase",Fondazione tecnica neutrale,Migration storica: non modificare
migration,20260718192651_create_training_offer_languages_table.sql,supabase/migrations/20260718192651_create_training_offer_languages_table.sql,20260718192651_create_training_offer_languages_table.sql,CONDIVISO,Entrambi con versioni indipendenti,ESTRARRE_O_DUPLICARE,PACKAGE_VERSIONATO,DEFINITIVA,evoluzione schema immutabile,"PostgreSQL,Supabase",Catalogo o utilità tecnica neutrale,Migration storica: non modificare
migration,20260718192652_create_training_offer_sectors_table.sql,supabase/migrations/20260718192652_create_training_offer_sectors_table.sql,20260718192652_create_training_offer_sectors_table.sql,CONDIVISO,Entrambi con versioni indipendenti,ESTRARRE_O_DUPLICARE,PACKAGE_VERSIONATO,DEFINITIVA,evoluzione schema immutabile,"PostgreSQL,Supabase",Catalogo o utilità tecnica neutrale,Migration storica: non modificare
migration,20260718192653_create_training_offer_venue_types_table.sql,supabase/migrations/20260718192653_create_training_offer_venue_types_table.sql,20260718192653_create_training_offer_venue_types_table.sql,CONDIVISO,Entrambi con implementazioni autonome,DUPLICAZIONE_CONTROLLATA,DUPLICAZIONE_CONTROLLATA,DEFINITIVA,evoluzione schema immutabile,"PostgreSQL,Supabase",Fondazione tecnica neutrale,Migration storica: non modificare
migration,20260718192654_create_training_requests_table.sql,supabase/migrations/20260718192654_create_training_requests_table.sql,20260718192654_create_training_requests_table.sql,CONDIVISO,Entrambi con implementazioni autonome,DUPLICAZIONE_CONTROLLATA,DUPLICAZIONE_CONTROLLATA,DEFINITIVA,evoluzione schema immutabile,"PostgreSQL,Supabase",Fondazione tecnica neutrale,Migration storica: non modificare
migration,20260718192655_create_training_request_languages_table.sql,supabase/migrations/20260718192655_create_training_request_languages_table.sql,20260718192655_create_training_request_languages_table.sql,CONDIVISO,Entrambi con versioni indipendenti,ESTRARRE_O_DUPLICARE,PACKAGE_VERSIONATO,DEFINITIVA,evoluzione schema immutabile,"PostgreSQL,Supabase",Catalogo o utilità tecnica neutrale,Migration storica: non modificare
migration,20260718192656_create_training_provider_qualifications_table.sql,supabase/migrations/20260718192656_create_training_provider_qualifications_table.sql,20260718192656_create_training_provider_qualifications_table.sql,CONDIVISO,Entrambi con implementazioni autonome,DUPLICAZIONE_CONTROLLATA,DUPLICAZIONE_CONTROLLATA,DEFINITIVA,evoluzione schema immutabile,"PostgreSQL,Supabase",Fondazione tecnica neutrale,Migration storica: non modificare
migration,20260719153227_create_competencies_table.sql,supabase/migrations/20260719153227_create_competencies_table.sql,20260719153227_create_competencies_table.sql,CONDIVISO,Entrambi con implementazioni autonome,DUPLICAZIONE_CONTROLLATA,DUPLICAZIONE_CONTROLLATA,DEFINITIVA,evoluzione schema immutabile,"PostgreSQL,Supabase",Fondazione tecnica neutrale,Migration storica: non modificare
migration,20260719154330_create_profile_competencies_table.sql,supabase/migrations/20260719154330_create_profile_competencies_table.sql,20260719154330_create_profile_competencies_table.sql,CONDIVISO,Entrambi con implementazioni autonome,DUPLICAZIONE_CONTROLLATA,DUPLICAZIONE_CONTROLLATA,DEFINITIVA,evoluzione schema immutabile,"PostgreSQL,Supabase",Fondazione tecnica neutrale,Migration storica: non modificare
migration,20260719155533_create_personal_stories_table.sql,supabase/migrations/20260719155533_create_personal_stories_table.sql,20260719155533_create_personal_stories_table.sql,CONDIVISO,Entrambi con implementazioni autonome,DUPLICAZIONE_CONTROLLATA,DUPLICAZIONE_CONTROLLATA,DEFINITIVA,evoluzione schema immutabile,"PostgreSQL,Supabase",Fondazione tecnica neutrale,Migration storica: non modificare
migration,20260720225301_create_opportunities_core.sql,supabase/migrations/20260720225301_create_opportunities_core.sql,20260720225301_create_opportunities_core.sql,CONDIVISO,Entrambi con implementazioni autonome,DUPLICAZIONE_CONTROLLATA,DUPLICAZIONE_CONTROLLATA,DEFINITIVA,evoluzione schema immutabile,"PostgreSQL,Supabase",Fondazione tecnica neutrale,Migration storica: non modificare
migration,20260720231348_extend_opportunity_lifecycle_vocabularies.sql,supabase/migrations/20260720231348_extend_opportunity_lifecycle_vocabularies.sql,20260720231348_extend_opportunity_lifecycle_vocabularies.sql,CONDIVISO,Entrambi con implementazioni autonome,DUPLICAZIONE_CONTROLLATA,DUPLICAZIONE_CONTROLLATA,DEFINITIVA,evoluzione schema immutabile,"PostgreSQL,Supabase",Fondazione tecnica neutrale,Migration storica: non modificare
migration,20260720234303_create_opportunity_controlled_lists.sql,supabase/migrations/20260720234303_create_opportunity_controlled_lists.sql,20260720234303_create_opportunity_controlled_lists.sql,CONDIVISO,Entrambi con implementazioni autonome,DUPLICAZIONE_CONTROLLATA,DUPLICAZIONE_CONTROLLATA,DEFINITIVA,evoluzione schema immutabile,"PostgreSQL,Supabase",Fondazione tecnica neutrale,Migration storica: non modificare
migration,20260720235323_associate_opportunity_classifications.sql,supabase/migrations/20260720235323_associate_opportunity_classifications.sql,20260720235323_associate_opportunity_classifications.sql,CONDIVISO,Entrambi con implementazioni autonome,DUPLICAZIONE_CONTROLLATA,DUPLICAZIONE_CONTROLLATA,DEFINITIVA,evoluzione schema immutabile,"PostgreSQL,Supabase",Fondazione tecnica neutrale,Migration storica: non modificare
migration,20260721102213_create_opportunity_sources.sql,supabase/migrations/20260721102213_create_opportunity_sources.sql,20260721102213_create_opportunity_sources.sql,CONDIVISO,Entrambi con implementazioni autonome,DUPLICAZIONE_CONTROLLATA,DUPLICAZIONE_CONTROLLATA,DEFINITIVA,evoluzione schema immutabile,"PostgreSQL,Supabase",Fondazione tecnica neutrale,Migration storica: non modificare
migration,20260721105727_create_opportunity_evidences.sql,supabase/migrations/20260721105727_create_opportunity_evidences.sql,20260721105727_create_opportunity_evidences.sql,CONDIVISO,Entrambi con implementazioni autonome,DUPLICAZIONE_CONTROLLATA,DUPLICAZIONE_CONTROLLATA,DEFINITIVA,evoluzione schema immutabile,"PostgreSQL,Supabase",Fondazione tecnica neutrale,Migration storica: non modificare
migration,20260721131942_create_opportunity_audience_classifications.sql,supabase/migrations/20260721131942_create_opportunity_audience_classifications.sql,20260721131942_create_opportunity_audience_classifications.sql,CONDIVISO,Entrambi con implementazioni autonome,DUPLICAZIONE_CONTROLLATA,DUPLICAZIONE_CONTROLLATA,DEFINITIVA,evoluzione schema immutabile,"PostgreSQL,Supabase",Fondazione tecnica neutrale,Migration storica: non modificare
migration,20260730094530_create_opportunity_requirements.sql,supabase/migrations/20260730094530_create_opportunity_requirements.sql,20260730094530_create_opportunity_requirements.sql,CONDIVISO,Entrambi con implementazioni autonome,DUPLICAZIONE_CONTROLLATA,DUPLICAZIONE_CONTROLLATA,DEFINITIVA,evoluzione schema immutabile,"PostgreSQL,Supabase",Fondazione tecnica neutrale,Migration storica: non modificare
migration,20260730221921_create_opportunity_benefits.sql,supabase/migrations/20260730221921_create_opportunity_benefits.sql,20260730221921_create_opportunity_benefits.sql,CONDIVISO,Entrambi con implementazioni autonome,DUPLICAZIONE_CONTROLLATA,DUPLICAZIONE_CONTROLLATA,DEFINITIVA,evoluzione schema immutabile,"PostgreSQL,Supabase",Fondazione tecnica neutrale,Migration storica: non modificare
migration,20260730232814_create_opportunity_access_procedure.sql,supabase/migrations/20260730232814_create_opportunity_access_procedure.sql,20260730232814_create_opportunity_access_procedure.sql,CONDIVISO,Entrambi con implementazioni autonome,DUPLICAZIONE_CONTROLLATA,DUPLICAZIONE_CONTROLLATA,DEFINITIVA,evoluzione schema immutabile,"PostgreSQL,Supabase",Fondazione tecnica neutrale,Migration storica: non modificare
migration,20260730234248_create_opportunity_time_windows.sql,supabase/migrations/20260730234248_create_opportunity_time_windows.sql,20260730234248_create_opportunity_time_windows.sql,CONDIVISO,Entrambi con implementazioni autonome,DUPLICAZIONE_CONTROLLATA,DUPLICAZIONE_CONTROLLATA,DEFINITIVA,evoluzione schema immutabile,"PostgreSQL,Supabase",Fondazione tecnica neutrale,Migration storica: non modificare
migration,20260730234300_add_opportunity_temporal_milestones.sql,supabase/migrations/20260730234300_add_opportunity_temporal_milestones.sql,20260730234300_add_opportunity_temporal_milestones.sql,CONDIVISO,Entrambi con implementazioni autonome,DUPLICAZIONE_CONTROLLATA,DUPLICAZIONE_CONTROLLATA,DEFINITIVA,evoluzione schema immutabile,"PostgreSQL,Supabase",Fondazione tecnica neutrale,Migration storica: non modificare
migration,20260731000110_create_opportunity_party_references.sql,supabase/migrations/20260731000110_create_opportunity_party_references.sql,20260731000110_create_opportunity_party_references.sql,CONDIVISO,Entrambi con implementazioni autonome,DUPLICAZIONE_CONTROLLATA,DUPLICAZIONE_CONTROLLATA,DEFINITIVA,evoluzione schema immutabile,"PostgreSQL,Supabase",Fondazione tecnica neutrale,Migration storica: non modificare
migration,20260731000927_create_opportunity_representation_utilizations.sql,supabase/migrations/20260731000927_create_opportunity_representation_utilizations.sql,20260731000927_create_opportunity_representation_utilizations.sql,CONDIVISO,Entrambi con implementazioni autonome,DUPLICAZIONE_CONTROLLATA,DUPLICAZIONE_CONTROLLATA,DEFINITIVA,evoluzione schema immutabile,"PostgreSQL,Supabase",Fondazione tecnica neutrale,Migration storica: non modificare
migration,20260731001652_create_opportunity_context_references.sql,supabase/migrations/20260731001652_create_opportunity_context_references.sql,20260731001652_create_opportunity_context_references.sql,CONDIVISO,Entrambi con implementazioni autonome,DUPLICAZIONE_CONTROLLATA,DUPLICAZIONE_CONTROLLATA,DEFINITIVA,evoluzione schema immutabile,"PostgreSQL,Supabase",Fondazione tecnica neutrale,Migration storica: non modificare
migration,20260731010517_create_opportunity_verifications.sql,supabase/migrations/20260731010517_create_opportunity_verifications.sql,20260731010517_create_opportunity_verifications.sql,CONDIVISO,Entrambi con implementazioni autonome,DUPLICAZIONE_CONTROLLATA,DUPLICAZIONE_CONTROLLATA,DEFINITIVA,evoluzione schema immutabile,"PostgreSQL,Supabase",Fondazione tecnica neutrale,Migration storica: non modificare
migration,20260731011847_add_opportunity_publication_state.sql,supabase/migrations/20260731011847_add_opportunity_publication_state.sql,20260731011847_add_opportunity_publication_state.sql,CENTRO_STUDI,Immigrati Imprenditori - Centro Studi sull'Imprenditoria Migrante,MIGRARE_E_SCINDERE_LINK,API_READ_ONLY,DEFINITIVA,evoluzione schema immutabile,"PostgreSQL,Supabase",Oggetto editoriale con possibili riferimenti commerciali,Migration storica: non modificare
migration,20260731070000_create_businesses_core.sql,supabase/migrations/20260731070000_create_businesses_core.sql,20260731070000_create_businesses_core.sql,CONDIVISO,Entrambi con implementazioni autonome,DUPLICAZIONE_CONTROLLATA,DUPLICAZIONE_CONTROLLATA,DEFINITIVA,evoluzione schema immutabile,"PostgreSQL,Supabase",Fondazione tecnica neutrale,Migration storica: non modificare
migration,20260731080000_add_business_lifecycle_and_publication_axes.sql,supabase/migrations/20260731080000_add_business_lifecycle_and_publication_axes.sql,20260731080000_add_business_lifecycle_and_publication_axes.sql,CENTRO_STUDI,Immigrati Imprenditori - Centro Studi sull'Imprenditoria Migrante,MIGRARE_E_SCINDERE_LINK,API_READ_ONLY,DEFINITIVA,evoluzione schema immutabile,"PostgreSQL,Supabase",Oggetto editoriale con possibili riferimenti commerciali,Migration storica: non modificare
migration,20260731090000_create_business_sector_declarations.sql,supabase/migrations/20260731090000_create_business_sector_declarations.sql,20260731090000_create_business_sector_declarations.sql,CONDIVISO,Entrambi con versioni indipendenti,ESTRARRE_O_DUPLICARE,PACKAGE_VERSIONATO,DEFINITIVA,evoluzione schema immutabile,"PostgreSQL,Supabase",Catalogo o utilità tecnica neutrale,Migration storica: non modificare
migration,20260731100000_create_business_operational_language_declarations.sql,supabase/migrations/20260731100000_create_business_operational_language_declarations.sql,20260731100000_create_business_operational_language_declarations.sql,CONDIVISO,Entrambi con versioni indipendenti,ESTRARRE_O_DUPLICARE,PACKAGE_VERSIONATO,DEFINITIVA,evoluzione schema immutabile,"PostgreSQL,Supabase",Catalogo o utilità tecnica neutrale,Migration storica: non modificare
migration,20260731110000_create_business_locations.sql,supabase/migrations/20260731110000_create_business_locations.sql,20260731110000_create_business_locations.sql,CONDIVISO,Entrambi con implementazioni autonome,DUPLICAZIONE_CONTROLLATA,DUPLICAZIONE_CONTROLLATA,DEFINITIVA,evoluzione schema immutabile,"PostgreSQL,Supabase",Fondazione tecnica neutrale,Migration storica: non modificare
migration,20260731120000_create_business_channels.sql,supabase/migrations/20260731120000_create_business_channels.sql,20260731120000_create_business_channels.sql,CONDIVISO,Entrambi con implementazioni autonome,DUPLICAZIONE_CONTROLLATA,DUPLICAZIONE_CONTROLLATA,DEFINITIVA,evoluzione schema immutabile,"PostgreSQL,Supabase",Fondazione tecnica neutrale,Migration storica: non modificare
migration,20260731130000_create_business_services.sql,supabase/migrations/20260731130000_create_business_services.sql,20260731130000_create_business_services.sql,CONDIVISO,Entrambi con implementazioni autonome,DUPLICAZIONE_CONTROLLATA,DUPLICAZIONE_CONTROLLATA,DEFINITIVA,evoluzione schema immutabile,"PostgreSQL,Supabase",Fondazione tecnica neutrale,Migration storica: non modificare
migration,20260731140000_create_business_products.sql,supabase/migrations/20260731140000_create_business_products.sql,20260731140000_create_business_products.sql,CONDIVISO,Entrambi con implementazioni autonome,DUPLICAZIONE_CONTROLLATA,DUPLICAZIONE_CONTROLLATA,DEFINITIVA,evoluzione schema immutabile,"PostgreSQL,Supabase",Fondazione tecnica neutrale,Migration storica: non modificare
migration,20260731150000_create_business_certifications.sql,supabase/migrations/20260731150000_create_business_certifications.sql,20260731150000_create_business_certifications.sql,CONDIVISO,Entrambi con implementazioni autonome,DUPLICAZIONE_CONTROLLATA,DUPLICAZIONE_CONTROLLATA,DEFINITIVA,evoluzione schema immutabile,"PostgreSQL,Supabase",Fondazione tecnica neutrale,Migration storica: non modificare
migration,20260731160000_create_business_media.sql,supabase/migrations/20260731160000_create_business_media.sql,20260731160000_create_business_media.sql,CONDIVISO,Entrambi con implementazioni autonome,DUPLICAZIONE_CONTROLLATA,DUPLICAZIONE_CONTROLLATA,DEFINITIVA,evoluzione schema immutabile,"PostgreSQL,Supabase",Fondazione tecnica neutrale,Migration storica: non modificare
migration,20260731170000_create_business_verifications.sql,supabase/migrations/20260731170000_create_business_verifications.sql,20260731170000_create_business_verifications.sql,CONDIVISO,Entrambi con implementazioni autonome,DUPLICAZIONE_CONTROLLATA,DUPLICAZIONE_CONTROLLATA,DEFINITIVA,evoluzione schema immutabile,"PostgreSQL,Supabase",Fondazione tecnica neutrale,Migration storica: non modificare
migration,20260731220000_add_business_publication_and_visibility_coherence.sql,supabase/migrations/20260731220000_add_business_publication_and_visibility_coherence.sql,20260731220000_add_business_publication_and_visibility_coherence.sql,CENTRO_STUDI,Immigrati Imprenditori - Centro Studi sull'Imprenditoria Migrante,MIGRARE_E_SCINDERE_LINK,API_READ_ONLY,DEFINITIVA,evoluzione schema immutabile,"PostgreSQL,Supabase",Oggetto editoriale con possibili riferimenti commerciali,Migration storica: non modificare
migration,20260731230000_create_business_membership_roles.sql,supabase/migrations/20260731230000_create_business_membership_roles.sql,20260731230000_create_business_membership_roles.sql,CONDIVISO,Entrambi con implementazioni autonome,DUPLICAZIONE_CONTROLLATA,DUPLICAZIONE_CONTROLLATA,DEFINITIVA,evoluzione schema immutabile,"PostgreSQL,Supabase",Fondazione tecnica neutrale,Migration storica: non modificare
migration,20260731231000_create_business_memberships.sql,supabase/migrations/20260731231000_create_business_memberships.sql,20260731231000_create_business_memberships.sql,CONDIVISO,Entrambi con implementazioni autonome,DUPLICAZIONE_CONTROLLATA,DUPLICAZIONE_CONTROLLATA,DEFINITIVA,evoluzione schema immutabile,"PostgreSQL,Supabase",Fondazione tecnica neutrale,Migration storica: non modificare
migration,20260731232000_create_business_membership_qualifications.sql,supabase/migrations/20260731232000_create_business_membership_qualifications.sql,20260731232000_create_business_membership_qualifications.sql,CONDIVISO,Entrambi con implementazioni autonome,DUPLICAZIONE_CONTROLLATA,DUPLICAZIONE_CONTROLLATA,DEFINITIVA,evoluzione schema immutabile,"PostgreSQL,Supabase",Fondazione tecnica neutrale,Migration storica: non modificare
migration,20260731233000_create_business_membership_sources.sql,supabase/migrations/20260731233000_create_business_membership_sources.sql,20260731233000_create_business_membership_sources.sql,CONDIVISO,Entrambi con implementazioni autonome,DUPLICAZIONE_CONTROLLATA,DUPLICAZIONE_CONTROLLATA,DEFINITIVA,evoluzione schema immutabile,"PostgreSQL,Supabase",Fondazione tecnica neutrale,Migration storica: non modificare
migration,20260731234000_create_business_membership_evidences.sql,supabase/migrations/20260731234000_create_business_membership_evidences.sql,20260731234000_create_business_membership_evidences.sql,CONDIVISO,Entrambi con implementazioni autonome,DUPLICAZIONE_CONTROLLATA,DUPLICAZIONE_CONTROLLATA,DEFINITIVA,evoluzione schema immutabile,"PostgreSQL,Supabase",Fondazione tecnica neutrale,Migration storica: non modificare
migration,20260731235000_create_business_membership_management_authorizations.sql,supabase/migrations/20260731235000_create_business_membership_management_authorizations.sql,20260731235000_create_business_membership_management_authorizations.sql,CONDIVISO,Entrambi con implementazioni autonome,DUPLICAZIONE_CONTROLLATA,DUPLICAZIONE_CONTROLLATA,DEFINITIVA,evoluzione schema immutabile,"PostgreSQL,Supabase",Fondazione tecnica neutrale,Migration storica: non modificare
migration,20260731236000_create_business_membership_responsibility_declarations.sql,supabase/migrations/20260731236000_create_business_membership_responsibility_declarations.sql,20260731236000_create_business_membership_responsibility_declarations.sql,CONDIVISO,Entrambi con implementazioni autonome,DUPLICAZIONE_CONTROLLATA,DUPLICAZIONE_CONTROLLATA,DEFINITIVA,evoluzione schema immutabile,"PostgreSQL,Supabase",Fondazione tecnica neutrale,Migration storica: non modificare
migration,20260731237000_create_business_membership_verifications.sql,supabase/migrations/20260731237000_create_business_membership_verifications.sql,20260731237000_create_business_membership_verifications.sql,CONDIVISO,Entrambi con implementazioni autonome,DUPLICAZIONE_CONTROLLATA,DUPLICAZIONE_CONTROLLATA,DEFINITIVA,evoluzione schema immutabile,"PostgreSQL,Supabase",Fondazione tecnica neutrale,Migration storica: non modificare
migration,20260731238000_create_international_activity_types.sql,supabase/migrations/20260731238000_create_international_activity_types.sql,20260731238000_create_international_activity_types.sql,CONDIVISO,Entrambi con implementazioni autonome,DUPLICAZIONE_CONTROLLATA,DUPLICAZIONE_CONTROLLATA,DEFINITIVA,evoluzione schema immutabile,"PostgreSQL,Supabase",Fondazione tecnica neutrale,Migration storica: non modificare
migration,20260731239000_create_international_access_channels.sql,supabase/migrations/20260731239000_create_international_access_channels.sql,20260731239000_create_international_access_channels.sql,CONDIVISO,Entrambi con implementazioni autonome,DUPLICAZIONE_CONTROLLATA,DUPLICAZIONE_CONTROLLATA,DEFINITIVA,evoluzione schema immutabile,"PostgreSQL,Supabase",Fondazione tecnica neutrale,Migration storica: non modificare
migration,20260731240000_create_internationalization_need_types.sql,supabase/migrations/20260731240000_create_internationalization_need_types.sql,20260731240000_create_internationalization_need_types.sql,CONDIVISO,Entrambi con implementazioni autonome,DUPLICAZIONE_CONTROLLATA,DUPLICAZIONE_CONTROLLATA,DEFINITIVA,evoluzione schema immutabile,"PostgreSQL,Supabase",Fondazione tecnica neutrale,Migration storica: non modificare
migration,20260802090000_create_international_markets.sql,supabase/migrations/20260802090000_create_international_markets.sql,20260802090000_create_international_markets.sql,CONDIVISO,Entrambi con implementazioni autonome,DUPLICAZIONE_CONTROLLATA,DUPLICAZIONE_CONTROLLATA,DEFINITIVA,evoluzione schema immutabile,"PostgreSQL,Supabase",Fondazione tecnica neutrale,Migration storica: non modificare
migration,20260802100000_create_international_market_countries.sql,supabase/migrations/20260802100000_create_international_market_countries.sql,20260802100000_create_international_market_countries.sql,CONDIVISO,Entrambi con versioni indipendenti,ESTRARRE_O_DUPLICARE,PACKAGE_VERSIONATO,DEFINITIVA,evoluzione schema immutabile,"PostgreSQL,Supabase",Catalogo o utilità tecnica neutrale,Migration storica: non modificare
migration,20260802110000_create_international_market_support_resources.sql,supabase/migrations/20260802110000_create_international_market_support_resources.sql,20260802110000_create_international_market_support_resources.sql,CONDIVISO,Entrambi con implementazioni autonome,DUPLICAZIONE_CONTROLLATA,DUPLICAZIONE_CONTROLLATA,DEFINITIVA,evoluzione schema immutabile,"PostgreSQL,Supabase",Fondazione tecnica neutrale,Migration storica: non modificare
migration,20260802120000_create_international_market_presences.sql,supabase/migrations/20260802120000_create_international_market_presences.sql,20260802120000_create_international_market_presences.sql,CONDIVISO,Entrambi con implementazioni autonome,DUPLICAZIONE_CONTROLLATA,DUPLICAZIONE_CONTROLLATA,DEFINITIVA,evoluzione schema immutabile,"PostgreSQL,Supabase",Fondazione tecnica neutrale,Migration storica: non modificare
migration,20260802130000_create_international_market_interests.sql,supabase/migrations/20260802130000_create_international_market_interests.sql,20260802130000_create_international_market_interests.sql,CONDIVISO,Entrambi con implementazioni autonome,DUPLICAZIONE_CONTROLLATA,DUPLICAZIONE_CONTROLLATA,DEFINITIVA,evoluzione schema immutabile,"PostgreSQL,Supabase",Fondazione tecnica neutrale,Migration storica: non modificare
migration,20260802140000_create_international_market_activities.sql,supabase/migrations/20260802140000_create_international_market_activities.sql,20260802140000_create_international_market_activities.sql,CONDIVISO,Entrambi con implementazioni autonome,DUPLICAZIONE_CONTROLLATA,DUPLICAZIONE_CONTROLLATA,DEFINITIVA,evoluzione schema immutabile,"PostgreSQL,Supabase",Fondazione tecnica neutrale,Migration storica: non modificare
migration,20260802150000_create_international_commercial_relations.sql,supabase/migrations/20260802150000_create_international_commercial_relations.sql,20260802150000_create_international_commercial_relations.sql,CONDIVISO,Entrambi con implementazioni autonome,DUPLICAZIONE_CONTROLLATA,DUPLICAZIONE_CONTROLLATA,DEFINITIVA,evoluzione schema immutabile,"PostgreSQL,Supabase",Fondazione tecnica neutrale,Migration storica: non modificare
migration,20260802160000_create_internationalization_needs.sql,supabase/migrations/20260802160000_create_internationalization_needs.sql,20260802160000_create_internationalization_needs.sql,CONDIVISO,Entrambi con implementazioni autonome,DUPLICAZIONE_CONTROLLATA,DUPLICAZIONE_CONTROLLATA,DEFINITIVA,evoluzione schema immutabile,"PostgreSQL,Supabase",Fondazione tecnica neutrale,Migration storica: non modificare
migration,20260802170000_create_international_market_presence_sources.sql,supabase/migrations/20260802170000_create_international_market_presence_sources.sql,20260802170000_create_international_market_presence_sources.sql,CONDIVISO,Entrambi con implementazioni autonome,DUPLICAZIONE_CONTROLLATA,DUPLICAZIONE_CONTROLLATA,DEFINITIVA,evoluzione schema immutabile,"PostgreSQL,Supabase",Fondazione tecnica neutrale,Migration storica: non modificare
migration,20260802180000_create_international_market_presence_evidences.sql,supabase/migrations/20260802180000_create_international_market_presence_evidences.sql,20260802180000_create_international_market_presence_evidences.sql,CONDIVISO,Entrambi con implementazioni autonome,DUPLICAZIONE_CONTROLLATA,DUPLICAZIONE_CONTROLLATA,DEFINITIVA,evoluzione schema immutabile,"PostgreSQL,Supabase",Fondazione tecnica neutrale,Migration storica: non modificare
migration,20260802190000_create_international_market_presence_verifications.sql,supabase/migrations/20260802190000_create_international_market_presence_verifications.sql,20260802190000_create_international_market_presence_verifications.sql,CONDIVISO,Entrambi con implementazioni autonome,DUPLICAZIONE_CONTROLLATA,DUPLICAZIONE_CONTROLLATA,DEFINITIVA,evoluzione schema immutabile,"PostgreSQL,Supabase",Fondazione tecnica neutrale,Migration storica: non modificare
migration,20260802200000_create_international_commercial_relation_sources.sql,supabase/migrations/20260802200000_create_international_commercial_relation_sources.sql,20260802200000_create_international_commercial_relation_sources.sql,CONDIVISO,Entrambi con implementazioni autonome,DUPLICAZIONE_CONTROLLATA,DUPLICAZIONE_CONTROLLATA,DEFINITIVA,evoluzione schema immutabile,"PostgreSQL,Supabase",Fondazione tecnica neutrale,Migration storica: non modificare
migration,20260802210000_create_international_commercial_relation_evidences.sql,supabase/migrations/20260802210000_create_international_commercial_relation_evidences.sql,20260802210000_create_international_commercial_relation_evidences.sql,CONDIVISO,Entrambi con implementazioni autonome,DUPLICAZIONE_CONTROLLATA,DUPLICAZIONE_CONTROLLATA,DEFINITIVA,evoluzione schema immutabile,"PostgreSQL,Supabase",Fondazione tecnica neutrale,Migration storica: non modificare
migration,20260802220000_create_international_commercial_relation_verifications.sql,supabase/migrations/20260802220000_create_international_commercial_relation_verifications.sql,20260802220000_create_international_commercial_relation_verifications.sql,CONDIVISO,Entrambi con implementazioni autonome,DUPLICAZIONE_CONTROLLATA,DUPLICAZIONE_CONTROLLATA,DEFINITIVA,evoluzione schema immutabile,"PostgreSQL,Supabase",Fondazione tecnica neutrale,Migration storica: non modificare
migration,20260803090000_create_professional_categories.sql,supabase/migrations/20260803090000_create_professional_categories.sql,20260803090000_create_professional_categories.sql,CONDIVISO,Entrambi con implementazioni autonome,DUPLICAZIONE_CONTROLLATA,DUPLICAZIONE_CONTROLLATA,DEFINITIVA,evoluzione schema immutabile,"PostgreSQL,Supabase",Fondazione tecnica neutrale,Migration storica: non modificare
migration,20260803100000_create_professional_practice_modes.sql,supabase/migrations/20260803100000_create_professional_practice_modes.sql,20260803100000_create_professional_practice_modes.sql,CONDIVISO,Entrambi con implementazioni autonome,DUPLICAZIONE_CONTROLLATA,DUPLICAZIONE_CONTROLLATA,DEFINITIVA,evoluzione schema immutabile,"PostgreSQL,Supabase",Fondazione tecnica neutrale,Migration storica: non modificare
migration,20260803110000_create_professional_source_kinds.sql,supabase/migrations/20260803110000_create_professional_source_kinds.sql,20260803110000_create_professional_source_kinds.sql,CONDIVISO,Entrambi con implementazioni autonome,DUPLICAZIONE_CONTROLLATA,DUPLICAZIONE_CONTROLLATA,DEFINITIVA,evoluzione schema immutabile,"PostgreSQL,Supabase",Fondazione tecnica neutrale,Migration storica: non modificare
migration,20260803120000_create_professional_service_natures.sql,supabase/migrations/20260803120000_create_professional_service_natures.sql,20260803120000_create_professional_service_natures.sql,CONDIVISO,Entrambi con implementazioni autonome,DUPLICAZIONE_CONTROLLATA,DUPLICAZIONE_CONTROLLATA,DEFINITIVA,evoluzione schema immutabile,"PostgreSQL,Supabase",Fondazione tecnica neutrale,Migration storica: non modificare
migration,20260804090000_create_professional_profiles.sql,supabase/migrations/20260804090000_create_professional_profiles.sql,20260804090000_create_professional_profiles.sql,CONDIVISO,Entrambi con implementazioni autonome,DUPLICAZIONE_CONTROLLATA,DUPLICAZIONE_CONTROLLATA,DEFINITIVA,evoluzione schema immutabile,"PostgreSQL,Supabase",Fondazione tecnica neutrale,Migration storica: non modificare
migration,20260804100000_create_professional_qualifications.sql,supabase/migrations/20260804100000_create_professional_qualifications.sql,20260804100000_create_professional_qualifications.sql,CONDIVISO,Entrambi con implementazioni autonome,DUPLICAZIONE_CONTROLLATA,DUPLICAZIONE_CONTROLLATA,DEFINITIVA,evoluzione schema immutabile,"PostgreSQL,Supabase",Fondazione tecnica neutrale,Migration storica: non modificare
migration,20260804110000_create_professional_registrations.sql,supabase/migrations/20260804110000_create_professional_registrations.sql,20260804110000_create_professional_registrations.sql,CONDIVISO,Entrambi con implementazioni autonome,DUPLICAZIONE_CONTROLLATA,DUPLICAZIONE_CONTROLLATA,DEFINITIVA,evoluzione schema immutabile,"PostgreSQL,Supabase",Fondazione tecnica neutrale,Migration storica: non modificare
migration,20260804120000_create_professional_authorizations.sql,supabase/migrations/20260804120000_create_professional_authorizations.sql,20260804120000_create_professional_authorizations.sql,CONDIVISO,Entrambi con implementazioni autonome,DUPLICAZIONE_CONTROLLATA,DUPLICAZIONE_CONTROLLATA,DEFINITIVA,evoluzione schema immutabile,"PostgreSQL,Supabase",Fondazione tecnica neutrale,Migration storica: non modificare
migration,20260804130000_create_professional_certifications.sql,supabase/migrations/20260804130000_create_professional_certifications.sql,20260804130000_create_professional_certifications.sql,CONDIVISO,Entrambi con implementazioni autonome,DUPLICAZIONE_CONTROLLATA,DUPLICAZIONE_CONTROLLATA,DEFINITIVA,evoluzione schema immutabile,"PostgreSQL,Supabase",Fondazione tecnica neutrale,Migration storica: non modificare
migration,20260804140000_create_professional_association_memberships.sql,supabase/migrations/20260804140000_create_professional_association_memberships.sql,20260804140000_create_professional_association_memberships.sql,CONDIVISO,Entrambi con implementazioni autonome,DUPLICAZIONE_CONTROLLATA,DUPLICAZIONE_CONTROLLATA,DEFINITIVA,evoluzione schema immutabile,"PostgreSQL,Supabase",Fondazione tecnica neutrale,Migration storica: non modificare
migration,20260804150000_create_professional_profile_categories.sql,supabase/migrations/20260804150000_create_professional_profile_categories.sql,20260804150000_create_professional_profile_categories.sql,CONDIVISO,Entrambi con implementazioni autonome,DUPLICAZIONE_CONTROLLATA,DUPLICAZIONE_CONTROLLATA,DEFINITIVA,evoluzione schema immutabile,"PostgreSQL,Supabase",Fondazione tecnica neutrale,Migration storica: non modificare
migration,20260804160000_create_professional_competencies.sql,supabase/migrations/20260804160000_create_professional_competencies.sql,20260804160000_create_professional_competencies.sql,CONDIVISO,Entrambi con implementazioni autonome,DUPLICAZIONE_CONTROLLATA,DUPLICAZIONE_CONTROLLATA,DEFINITIVA,evoluzione schema immutabile,"PostgreSQL,Supabase",Fondazione tecnica neutrale,Migration storica: non modificare
migration,20260804170000_create_professional_services.sql,supabase/migrations/20260804170000_create_professional_services.sql,20260804170000_create_professional_services.sql,CONDIVISO,Entrambi con implementazioni autonome,DUPLICAZIONE_CONTROLLATA,DUPLICAZIONE_CONTROLLATA,DEFINITIVA,evoluzione schema immutabile,"PostgreSQL,Supabase",Fondazione tecnica neutrale,Migration storica: non modificare
migration,20260804180000_create_professional_served_territories.sql,supabase/migrations/20260804180000_create_professional_served_territories.sql,20260804180000_create_professional_served_territories.sql,CONDIVISO,Entrambi con versioni indipendenti,ESTRARRE_O_DUPLICARE,PACKAGE_VERSIONATO,DEFINITIVA,evoluzione schema immutabile,"PostgreSQL,Supabase",Catalogo o utilità tecnica neutrale,Migration storica: non modificare
migration,20260804190000_create_professional_operational_languages.sql,supabase/migrations/20260804190000_create_professional_operational_languages.sql,20260804190000_create_professional_operational_languages.sql,CONDIVISO,Entrambi con versioni indipendenti,ESTRARRE_O_DUPLICARE,PACKAGE_VERSIONATO,DEFINITIVA,evoluzione schema immutabile,"PostgreSQL,Supabase",Catalogo o utilità tecnica neutrale,Migration storica: non modificare
migration,20260804200000_create_professional_served_markets.sql,supabase/migrations/20260804200000_create_professional_served_markets.sql,20260804200000_create_professional_served_markets.sql,CONDIVISO,Entrambi con implementazioni autonome,DUPLICAZIONE_CONTROLLATA,DUPLICAZIONE_CONTROLLATA,DEFINITIVA,evoluzione schema immutabile,"PostgreSQL,Supabase",Fondazione tecnica neutrale,Migration storica: non modificare
migration,20260804210000_create_professional_served_sectors.sql,supabase/migrations/20260804210000_create_professional_served_sectors.sql,20260804210000_create_professional_served_sectors.sql,CONDIVISO,Entrambi con versioni indipendenti,ESTRARRE_O_DUPLICARE,PACKAGE_VERSIONATO,DEFINITIVA,evoluzione schema immutabile,"PostgreSQL,Supabase",Catalogo o utilità tecnica neutrale,Migration storica: non modificare
migration,20260804220000_create_professional_profile_sources.sql,supabase/migrations/20260804220000_create_professional_profile_sources.sql,20260804220000_create_professional_profile_sources.sql,CONDIVISO,Entrambi con implementazioni autonome,DUPLICAZIONE_CONTROLLATA,DUPLICAZIONE_CONTROLLATA,DEFINITIVA,evoluzione schema immutabile,"PostgreSQL,Supabase",Fondazione tecnica neutrale,Migration storica: non modificare
migration,20260804230000_create_professional_profile_evidences.sql,supabase/migrations/20260804230000_create_professional_profile_evidences.sql,20260804230000_create_professional_profile_evidences.sql,CONDIVISO,Entrambi con implementazioni autonome,DUPLICAZIONE_CONTROLLATA,DUPLICAZIONE_CONTROLLATA,DEFINITIVA,evoluzione schema immutabile,"PostgreSQL,Supabase",Fondazione tecnica neutrale,Migration storica: non modificare
migration,20260804240000_create_professional_profile_verifications.sql,supabase/migrations/20260804240000_create_professional_profile_verifications.sql,20260804240000_create_professional_profile_verifications.sql,CONDIVISO,Entrambi con implementazioni autonome,DUPLICAZIONE_CONTROLLATA,DUPLICAZIONE_CONTROLLATA,DEFINITIVA,evoluzione schema immutabile,"PostgreSQL,Supabase",Fondazione tecnica neutrale,Migration storica: non modificare
migration,20260805090000_create_service_categories.sql,supabase/migrations/20260805090000_create_service_categories.sql,20260805090000_create_service_categories.sql,CONDIVISO,Entrambi con implementazioni autonome,DUPLICAZIONE_CONTROLLATA,DUPLICAZIONE_CONTROLLATA,DEFINITIVA,evoluzione schema immutabile,"PostgreSQL,Supabase",Fondazione tecnica neutrale,Migration storica: non modificare
migration,20260805100000_create_service_economic_bands.sql,supabase/migrations/20260805100000_create_service_economic_bands.sql,20260805100000_create_service_economic_bands.sql,CONDIVISO,Entrambi con implementazioni autonome,DUPLICAZIONE_CONTROLLATA,DUPLICAZIONE_CONTROLLATA,DEFINITIVA,evoluzione schema immutabile,"PostgreSQL,Supabase",Fondazione tecnica neutrale,Migration storica: non modificare
migration,20260805110000_create_service_offers.sql,supabase/migrations/20260805110000_create_service_offers.sql,20260805110000_create_service_offers.sql,CONDIVISO,Entrambi con implementazioni autonome,DUPLICAZIONE_CONTROLLATA,DUPLICAZIONE_CONTROLLATA,DEFINITIVA,evoluzione schema immutabile,"PostgreSQL,Supabase",Fondazione tecnica neutrale,Migration storica: non modificare
migration,20260805120000_create_service_offer_territories.sql,supabase/migrations/20260805120000_create_service_offer_territories.sql,20260805120000_create_service_offer_territories.sql,CONDIVISO,Entrambi con versioni indipendenti,ESTRARRE_O_DUPLICARE,PACKAGE_VERSIONATO,DEFINITIVA,evoluzione schema immutabile,"PostgreSQL,Supabase",Catalogo o utilità tecnica neutrale,Migration storica: non modificare
migration,20260805130000_create_service_offer_languages.sql,supabase/migrations/20260805130000_create_service_offer_languages.sql,20260805130000_create_service_offer_languages.sql,CONDIVISO,Entrambi con versioni indipendenti,ESTRARRE_O_DUPLICARE,PACKAGE_VERSIONATO,DEFINITIVA,evoluzione schema immutabile,"PostgreSQL,Supabase",Catalogo o utilità tecnica neutrale,Migration storica: non modificare
migration,20260805140000_create_service_offer_sectors.sql,supabase/migrations/20260805140000_create_service_offer_sectors.sql,20260805140000_create_service_offer_sectors.sql,CONDIVISO,Entrambi con versioni indipendenti,ESTRARRE_O_DUPLICARE,PACKAGE_VERSIONATO,DEFINITIVA,evoluzione schema immutabile,"PostgreSQL,Supabase",Catalogo o utilità tecnica neutrale,Migration storica: non modificare
migration,20260805150000_create_service_offer_markets.sql,supabase/migrations/20260805150000_create_service_offer_markets.sql,20260805150000_create_service_offer_markets.sql,CONDIVISO,Entrambi con implementazioni autonome,DUPLICAZIONE_CONTROLLATA,DUPLICAZIONE_CONTROLLATA,DEFINITIVA,evoluzione schema immutabile,"PostgreSQL,Supabase",Fondazione tecnica neutrale,Migration storica: non modificare
migration,20260805160000_create_service_requests.sql,supabase/migrations/20260805160000_create_service_requests.sql,20260805160000_create_service_requests.sql,CONDIVISO,Entrambi con implementazioni autonome,DUPLICAZIONE_CONTROLLATA,DUPLICAZIONE_CONTROLLATA,DEFINITIVA,evoluzione schema immutabile,"PostgreSQL,Supabase",Fondazione tecnica neutrale,Migration storica: non modificare
migration,20260805170000_create_service_request_territories.sql,supabase/migrations/20260805170000_create_service_request_territories.sql,20260805170000_create_service_request_territories.sql,CONDIVISO,Entrambi con versioni indipendenti,ESTRARRE_O_DUPLICARE,PACKAGE_VERSIONATO,DEFINITIVA,evoluzione schema immutabile,"PostgreSQL,Supabase",Catalogo o utilità tecnica neutrale,Migration storica: non modificare
migration,20260805180000_create_service_request_languages.sql,supabase/migrations/20260805180000_create_service_request_languages.sql,20260805180000_create_service_request_languages.sql,CONDIVISO,Entrambi con versioni indipendenti,ESTRARRE_O_DUPLICARE,PACKAGE_VERSIONATO,DEFINITIVA,evoluzione schema immutabile,"PostgreSQL,Supabase",Catalogo o utilità tecnica neutrale,Migration storica: non modificare
migration,20260805190000_create_service_request_sectors.sql,supabase/migrations/20260805190000_create_service_request_sectors.sql,20260805190000_create_service_request_sectors.sql,CONDIVISO,Entrambi con versioni indipendenti,ESTRARRE_O_DUPLICARE,PACKAGE_VERSIONATO,DEFINITIVA,evoluzione schema immutabile,"PostgreSQL,Supabase",Catalogo o utilità tecnica neutrale,Migration storica: non modificare
migration,20260806090000_create_event_types.sql,supabase/migrations/20260806090000_create_event_types.sql,20260806090000_create_event_types.sql,CONDIVISO,Entrambi con dati separati,DUPLICARE_SCHEMA_O_ESTRARRE_MOTORE,SCHEMA_TEMPLATE_DUPLICATO,DEFINITIVA,evoluzione schema immutabile,"PostgreSQL,Supabase",Eventi B2B e osservatorio separati per tassonomia e dati,Migration storica: non modificare
migration,20260806100000_create_events.sql,supabase/migrations/20260806100000_create_events.sql,20260806100000_create_events.sql,CONDIVISO,Entrambi con dati separati,DUPLICARE_SCHEMA_O_ESTRARRE_MOTORE,SCHEMA_TEMPLATE_DUPLICATO,DEFINITIVA,evoluzione schema immutabile,"PostgreSQL,Supabase",Eventi B2B e osservatorio separati per tassonomia e dati,Migration storica: non modificare
migration,20260806110000_create_event_editions.sql,supabase/migrations/20260806110000_create_event_editions.sql,20260806110000_create_event_editions.sql,CONDIVISO,Entrambi con dati separati,DUPLICARE_SCHEMA_O_ESTRARRE_MOTORE,SCHEMA_TEMPLATE_DUPLICATO,DEFINITIVA,evoluzione schema immutabile,"PostgreSQL,Supabase",Eventi B2B e osservatorio separati per tassonomia e dati,Migration storica: non modificare
migration,20260806120000_create_event_sessions.sql,supabase/migrations/20260806120000_create_event_sessions.sql,20260806120000_create_event_sessions.sql,CONDIVISO,Entrambi con dati separati,DUPLICARE_SCHEMA_O_ESTRARRE_MOTORE,SCHEMA_TEMPLATE_DUPLICATO,DEFINITIVA,evoluzione schema immutabile,"PostgreSQL,Supabase",Eventi B2B e osservatorio separati per tassonomia e dati,Migration storica: non modificare
migration,20260806130000_create_event_organizers.sql,supabase/migrations/20260806130000_create_event_organizers.sql,20260806130000_create_event_organizers.sql,CONDIVISO,Entrambi con dati separati,DUPLICARE_SCHEMA_O_ESTRARRE_MOTORE,SCHEMA_TEMPLATE_DUPLICATO,DEFINITIVA,evoluzione schema immutabile,"PostgreSQL,Supabase",Eventi B2B e osservatorio separati per tassonomia e dati,Migration storica: non modificare
migration,20260806140000_create_event_speakers.sql,supabase/migrations/20260806140000_create_event_speakers.sql,20260806140000_create_event_speakers.sql,CONDIVISO,Entrambi con dati separati,DUPLICARE_SCHEMA_O_ESTRARRE_MOTORE,SCHEMA_TEMPLATE_DUPLICATO,DEFINITIVA,evoluzione schema immutabile,"PostgreSQL,Supabase",Eventi B2B e osservatorio separati per tassonomia e dati,Migration storica: non modificare
migration,20260806150000_create_event_languages.sql,supabase/migrations/20260806150000_create_event_languages.sql,20260806150000_create_event_languages.sql,CONDIVISO,Entrambi con dati separati,DUPLICARE_SCHEMA_O_ESTRARRE_MOTORE,SCHEMA_TEMPLATE_DUPLICATO,DEFINITIVA,evoluzione schema immutabile,"PostgreSQL,Supabase",Eventi B2B e osservatorio separati per tassonomia e dati,Migration storica: non modificare
migration,20260806160000_create_event_markets.sql,supabase/migrations/20260806160000_create_event_markets.sql,20260806160000_create_event_markets.sql,CONDIVISO,Entrambi con dati separati,DUPLICARE_SCHEMA_O_ESTRARRE_MOTORE,SCHEMA_TEMPLATE_DUPLICATO,DEFINITIVA,evoluzione schema immutabile,"PostgreSQL,Supabase",Eventi B2B e osservatorio separati per tassonomia e dati,Migration storica: non modificare
migration,20260806170000_create_event_registrations.sql,supabase/migrations/20260806170000_create_event_registrations.sql,20260806170000_create_event_registrations.sql,CONDIVISO,Entrambi con dati separati,DUPLICARE_SCHEMA_O_ESTRARRE_MOTORE,SCHEMA_TEMPLATE_DUPLICATO,DEFINITIVA,evoluzione schema immutabile,"PostgreSQL,Supabase",Eventi B2B e osservatorio separati per tassonomia e dati,Migration storica: non modificare
migration,20260807090000_create_content_types.sql,supabase/migrations/20260807090000_create_content_types.sql,20260807090000_create_content_types.sql,CENTRO_STUDI,Immigrati Imprenditori - Centro Studi sull'Imprenditoria Migrante,MIGRARE_E_SCINDERE_LINK,API_READ_ONLY,DEFINITIVA,evoluzione schema immutabile,"PostgreSQL,Supabase",Oggetto editoriale con possibili riferimenti commerciali,Migration storica: non modificare
migration,20260807100000_create_content_categories.sql,supabase/migrations/20260807100000_create_content_categories.sql,20260807100000_create_content_categories.sql,CENTRO_STUDI,Immigrati Imprenditori - Centro Studi sull'Imprenditoria Migrante,MIGRARE_E_SCINDERE_LINK,API_READ_ONLY,DEFINITIVA,evoluzione schema immutabile,"PostgreSQL,Supabase",Oggetto editoriale con possibili riferimenti commerciali,Migration storica: non modificare
migration,20260807110000_create_content_tags.sql,supabase/migrations/20260807110000_create_content_tags.sql,20260807110000_create_content_tags.sql,CENTRO_STUDI,Immigrati Imprenditori - Centro Studi sull'Imprenditoria Migrante,MIGRARE_E_SCINDERE_LINK,API_READ_ONLY,DEFINITIVA,evoluzione schema immutabile,"PostgreSQL,Supabase",Oggetto editoriale con possibili riferimenti commerciali,Migration storica: non modificare
migration,20260807120000_create_contents.sql,supabase/migrations/20260807120000_create_contents.sql,20260807120000_create_contents.sql,CENTRO_STUDI,Immigrati Imprenditori - Centro Studi sull'Imprenditoria Migrante,MIGRARE_E_SCINDERE_LINK,API_READ_ONLY,DEFINITIVA,evoluzione schema immutabile,"PostgreSQL,Supabase",Oggetto editoriale con possibili riferimenti commerciali,Migration storica: non modificare
migration,20260807130000_create_content_authors.sql,supabase/migrations/20260807130000_create_content_authors.sql,20260807130000_create_content_authors.sql,CENTRO_STUDI,Immigrati Imprenditori - Centro Studi sull'Imprenditoria Migrante,MIGRARE_E_SCINDERE_LINK,API_READ_ONLY,DEFINITIVA,evoluzione schema immutabile,"PostgreSQL,Supabase",Oggetto editoriale con possibili riferimenti commerciali,Migration storica: non modificare
migration,20260807140000_create_content_tag_links.sql,supabase/migrations/20260807140000_create_content_tag_links.sql,20260807140000_create_content_tag_links.sql,CENTRO_STUDI,Immigrati Imprenditori - Centro Studi sull'Imprenditoria Migrante,MIGRARE_E_SCINDERE_LINK,API_READ_ONLY,DEFINITIVA,evoluzione schema immutabile,"PostgreSQL,Supabase",Oggetto editoriale con possibili riferimenti commerciali,Migration storica: non modificare
migration,20260807150000_create_content_subject_links.sql,supabase/migrations/20260807150000_create_content_subject_links.sql,20260807150000_create_content_subject_links.sql,CENTRO_STUDI,Immigrati Imprenditori - Centro Studi sull'Imprenditoria Migrante,MIGRARE_E_SCINDERE_LINK,API_READ_ONLY,DEFINITIVA,evoluzione schema immutabile,"PostgreSQL,Supabase",Oggetto editoriale con possibili riferimenti commerciali,Migration storica: non modificare
migration,20260807160000_create_content_event_links.sql,supabase/migrations/20260807160000_create_content_event_links.sql,20260807160000_create_content_event_links.sql,CONDIVISO,Entrambi con dati separati,DUPLICARE_SCHEMA_O_ESTRARRE_MOTORE,SCHEMA_TEMPLATE_DUPLICATO,DEFINITIVA,evoluzione schema immutabile,"PostgreSQL,Supabase",Eventi B2B e osservatorio separati per tassonomia e dati,Migration storica: non modificare
migration,20260807170000_create_content_opportunity_links.sql,supabase/migrations/20260807170000_create_content_opportunity_links.sql,20260807170000_create_content_opportunity_links.sql,CENTRO_STUDI,Immigrati Imprenditori - Centro Studi sull'Imprenditoria Migrante,MIGRARE_E_SCINDERE_LINK,API_READ_ONLY,DEFINITIVA,evoluzione schema immutabile,"PostgreSQL,Supabase",Oggetto editoriale con possibili riferimenti commerciali,Migration storica: non modificare
migration,20260807180000_create_content_service_links.sql,supabase/migrations/20260807180000_create_content_service_links.sql,20260807180000_create_content_service_links.sql,CENTRO_STUDI,Immigrati Imprenditori - Centro Studi sull'Imprenditoria Migrante,MIGRARE_E_SCINDERE_LINK,API_READ_ONLY,DEFINITIVA,evoluzione schema immutabile,"PostgreSQL,Supabase",Oggetto editoriale con possibili riferimenti commerciali,Migration storica: non modificare
migration,20260807190000_create_content_market_links.sql,supabase/migrations/20260807190000_create_content_market_links.sql,20260807190000_create_content_market_links.sql,CENTRO_STUDI,Immigrati Imprenditori - Centro Studi sull'Imprenditoria Migrante,MIGRARE_E_SCINDERE_LINK,API_READ_ONLY,DEFINITIVA,evoluzione schema immutabile,"PostgreSQL,Supabase",Oggetto editoriale con possibili riferimenti commerciali,Migration storica: non modificare
migration,20260807200000_create_content_relations.sql,supabase/migrations/20260807200000_create_content_relations.sql,20260807200000_create_content_relations.sql,CENTRO_STUDI,Immigrati Imprenditori - Centro Studi sull'Imprenditoria Migrante,MIGRARE_E_SCINDERE_LINK,API_READ_ONLY,DEFINITIVA,evoluzione schema immutabile,"PostgreSQL,Supabase",Oggetto editoriale con possibili riferimenti commerciali,Migration storica: non modificare
migration,20260808090000_create_organization_types.sql,supabase/migrations/20260808090000_create_organization_types.sql,20260808090000_create_organization_types.sql,CONDIVISO,Entrambi con record separati,DUPLICARE_SCHEMA_E_STABILIRE_OWNER,SCHEMA_TEMPLATE_DUPLICATO,DEFINITIVA,evoluzione schema immutabile,"PostgreSQL,Supabase",Organizzazioni con finalità B2B o ricerca,Migration storica: non modificare
migration,20260808100000_create_organization_activity_scopes.sql,supabase/migrations/20260808100000_create_organization_activity_scopes.sql,20260808100000_create_organization_activity_scopes.sql,CONDIVISO,Entrambi con record separati,DUPLICARE_SCHEMA_E_STABILIRE_OWNER,SCHEMA_TEMPLATE_DUPLICATO,DEFINITIVA,evoluzione schema immutabile,"PostgreSQL,Supabase",Organizzazioni con finalità B2B o ricerca,Migration storica: non modificare
migration,20260808110000_create_organizations.sql,supabase/migrations/20260808110000_create_organizations.sql,20260808110000_create_organizations.sql,CONDIVISO,Entrambi con record separati,DUPLICARE_SCHEMA_E_STABILIRE_OWNER,SCHEMA_TEMPLATE_DUPLICATO,DEFINITIVA,evoluzione schema immutabile,"PostgreSQL,Supabase",Organizzazioni con finalità B2B o ricerca,Migration storica: non modificare
migration,20260808120000_create_organization_officials.sql,supabase/migrations/20260808120000_create_organization_officials.sql,20260808120000_create_organization_officials.sql,CONDIVISO,Entrambi con record separati,DUPLICARE_SCHEMA_E_STABILIRE_OWNER,SCHEMA_TEMPLATE_DUPLICATO,DEFINITIVA,evoluzione schema immutabile,"PostgreSQL,Supabase",Organizzazioni con finalità B2B o ricerca,Migration storica: non modificare
migration,20260809090000_create_accounts.sql,supabase/migrations/20260809090000_create_accounts.sql,20260809090000_create_accounts.sql,CONDIVISO,Entrambi con implementazioni autonome,DUPLICAZIONE_CONTROLLATA,DUPLICAZIONE_CONTROLLATA,DEFINITIVA,evoluzione schema immutabile,"PostgreSQL,Supabase",Fondazione tecnica neutrale,Migration storica: non modificare
migration,20260809100000_create_account_role_assignments.sql,supabase/migrations/20260809100000_create_account_role_assignments.sql,20260809100000_create_account_role_assignments.sql,CONDIVISO,Entrambi con implementazioni autonome,DUPLICAZIONE_CONTROLLATA,DUPLICAZIONE_CONTROLLATA,DEFINITIVA,evoluzione schema immutabile,"PostgreSQL,Supabase",Fondazione tecnica neutrale,Migration storica: non modificare
migration,20260810090000_create_collaborations.sql,supabase/migrations/20260810090000_create_collaborations.sql,20260810090000_create_collaborations.sql,CONDIVISO,Entrambi con implementazioni autonome,DUPLICAZIONE_CONTROLLATA,DUPLICAZIONE_CONTROLLATA,DEFINITIVA,evoluzione schema immutabile,"PostgreSQL,Supabase",Fondazione tecnica neutrale,Migration storica: non modificare
migration,20260810100000_create_collaboration_participants.sql,supabase/migrations/20260810100000_create_collaboration_participants.sql,20260810100000_create_collaboration_participants.sql,CONDIVISO,Entrambi con implementazioni autonome,DUPLICAZIONE_CONTROLLATA,DUPLICAZIONE_CONTROLLATA,DEFINITIVA,evoluzione schema immutabile,"PostgreSQL,Supabase",Fondazione tecnica neutrale,Migration storica: non modificare
migration,20260811090000_create_observatory_indicators.sql,supabase/migrations/20260811090000_create_observatory_indicators.sql,20260811090000_create_observatory_indicators.sql,CENTRO_STUDI,Immigrati Imprenditori - Centro Studi sull'Imprenditoria Migrante,MIGRARE_NELL_CENTRO_STUDI,,DEFINITIVA,evoluzione schema immutabile,"PostgreSQL,Supabase",Finalità statistica o documentale,Migration storica: non modificare
migration,20260811100000_create_observatory_statistical_sources.sql,supabase/migrations/20260811100000_create_observatory_statistical_sources.sql,20260811100000_create_observatory_statistical_sources.sql,CENTRO_STUDI,Immigrati Imprenditori - Centro Studi sull'Imprenditoria Migrante,MIGRARE_NELL_CENTRO_STUDI,,DEFINITIVA,evoluzione schema immutabile,"PostgreSQL,Supabase",Finalità statistica o documentale,Migration storica: non modificare
migration,20260811110000_create_observatory_indicator_values.sql,supabase/migrations/20260811110000_create_observatory_indicator_values.sql,20260811110000_create_observatory_indicator_values.sql,CENTRO_STUDI,Immigrati Imprenditori - Centro Studi sull'Imprenditoria Migrante,MIGRARE_NELL_CENTRO_STUDI,,DEFINITIVA,evoluzione schema immutabile,"PostgreSQL,Supabase",Finalità statistica o documentale,Migration storica: non modificare
migration,20260812090000_create_access_identity_helpers.sql,supabase/migrations/20260812090000_create_access_identity_helpers.sql,20260812090000_create_access_identity_helpers.sql,CONDIVISO,Entrambi con implementazioni autonome,DUPLICAZIONE_CONTROLLATA,DUPLICAZIONE_CONTROLLATA,DEFINITIVA,evoluzione schema immutabile,"PostgreSQL,Supabase",Fondazione tecnica neutrale,Migration storica: non modificare
migration,20260812100000_create_access_role_helpers.sql,supabase/migrations/20260812100000_create_access_role_helpers.sql,20260812100000_create_access_role_helpers.sql,CONDIVISO,Entrambi con implementazioni autonome,DUPLICAZIONE_CONTROLLATA,DUPLICAZIONE_CONTROLLATA,DEFINITIVA,evoluzione schema immutabile,"PostgreSQL,Supabase",Fondazione tecnica neutrale,Migration storica: non modificare
migration,20260812110000_create_access_business_context_helpers.sql,supabase/migrations/20260812110000_create_access_business_context_helpers.sql,20260812110000_create_access_business_context_helpers.sql,CONDIVISO,Entrambi con implementazioni autonome,DUPLICAZIONE_CONTROLLATA,DUPLICAZIONE_CONTROLLATA,DEFINITIVA,evoluzione schema immutabile,"PostgreSQL,Supabase",Fondazione tecnica neutrale,Migration storica: non modificare
migration,20260812120000_create_access_identity_rpcs.sql,supabase/migrations/20260812120000_create_access_identity_rpcs.sql,20260812120000_create_access_identity_rpcs.sql,CONDIVISO,Entrambi con implementazioni autonome,DUPLICAZIONE_CONTROLLATA,DUPLICAZIONE_CONTROLLATA,DEFINITIVA,evoluzione schema immutabile,"PostgreSQL,Supabase",Fondazione tecnica neutrale,Migration storica: non modificare
migration,20260812130000_create_access_business_management_rpcs.sql,supabase/migrations/20260812130000_create_access_business_management_rpcs.sql,20260812130000_create_access_business_management_rpcs.sql,CONDIVISO,Entrambi con implementazioni autonome,DUPLICAZIONE_CONTROLLATA,DUPLICAZIONE_CONTROLLATA,DEFINITIVA,evoluzione schema immutabile,"PostgreSQL,Supabase",Fondazione tecnica neutrale,Migration storica: non modificare
migration,20260812140000_create_access_accounts_roles_rls.sql,supabase/migrations/20260812140000_create_access_accounts_roles_rls.sql,20260812140000_create_access_accounts_roles_rls.sql,CONDIVISO,Entrambi con implementazioni autonome,DUPLICAZIONE_CONTROLLATA,DUPLICAZIONE_CONTROLLATA,DEFINITIVA,evoluzione schema immutabile,"PostgreSQL,Supabase",Fondazione tecnica neutrale,Migration storica: non modificare
migration,20260812150000_create_access_profiles_rls.sql,supabase/migrations/20260812150000_create_access_profiles_rls.sql,20260812150000_create_access_profiles_rls.sql,CONDIVISO,Entrambi con implementazioni autonome,DUPLICAZIONE_CONTROLLATA,DUPLICAZIONE_CONTROLLATA,DEFINITIVA,evoluzione schema immutabile,"PostgreSQL,Supabase",Fondazione tecnica neutrale,Migration storica: non modificare
migration,20260812160000_create_access_businesses_rls.sql,supabase/migrations/20260812160000_create_access_businesses_rls.sql,20260812160000_create_access_businesses_rls.sql,CONDIVISO,Entrambi con implementazioni autonome,DUPLICAZIONE_CONTROLLATA,DUPLICAZIONE_CONTROLLATA,DEFINITIVA,evoluzione schema immutabile,"PostgreSQL,Supabase",Fondazione tecnica neutrale,Migration storica: non modificare
migration,20260812170000_create_access_memberships_rls.sql,supabase/migrations/20260812170000_create_access_memberships_rls.sql,20260812170000_create_access_memberships_rls.sql,CONDIVISO,Entrambi con implementazioni autonome,DUPLICAZIONE_CONTROLLATA,DUPLICAZIONE_CONTROLLATA,DEFINITIVA,evoluzione schema immutabile,"PostgreSQL,Supabase",Fondazione tecnica neutrale,Migration storica: non modificare
migration,20260812180000_create_access_business_authorizations_rls.sql,supabase/migrations/20260812180000_create_access_business_authorizations_rls.sql,20260812180000_create_access_business_authorizations_rls.sql,CONDIVISO,Entrambi con implementazioni autonome,DUPLICAZIONE_CONTROLLATA,DUPLICAZIONE_CONTROLLATA,DEFINITIVA,evoluzione schema immutabile,"PostgreSQL,Supabase",Fondazione tecnica neutrale,Migration storica: non modificare
migration,20260812190000_create_access_foundation_catalogs_rls.sql,supabase/migrations/20260812190000_create_access_foundation_catalogs_rls.sql,20260812190000_create_access_foundation_catalogs_rls.sql,CONDIVISO,Entrambi con implementazioni autonome,DUPLICAZIONE_CONTROLLATA,DUPLICAZIONE_CONTROLLATA,DEFINITIVA,evoluzione schema immutabile,"PostgreSQL,Supabase",Fondazione tecnica neutrale,Migration storica: non modificare
migration,20260812200000_create_access_mercati_internazionali_rls.sql,supabase/migrations/20260812200000_create_access_mercati_internazionali_rls.sql,20260812200000_create_access_mercati_internazionali_rls.sql,CONDIVISO,Entrambi con implementazioni autonome,DUPLICAZIONE_CONTROLLATA,DUPLICAZIONE_CONTROLLATA,DEFINITIVA,evoluzione schema immutabile,"PostgreSQL,Supabase",Fondazione tecnica neutrale,Migration storica: non modificare
migration,20260812210000_create_access_professionisti_rls.sql,supabase/migrations/20260812210000_create_access_professionisti_rls.sql,20260812210000_create_access_professionisti_rls.sql,CONDIVISO,Entrambi con implementazioni autonome,DUPLICAZIONE_CONTROLLATA,DUPLICAZIONE_CONTROLLATA,DEFINITIVA,evoluzione schema immutabile,"PostgreSQL,Supabase",Fondazione tecnica neutrale,Migration storica: non modificare
migration,20260812220000_create_access_opportunita_rls.sql,supabase/migrations/20260812220000_create_access_opportunita_rls.sql,20260812220000_create_access_opportunita_rls.sql,CONDIVISO,Entrambi con implementazioni autonome,DUPLICAZIONE_CONTROLLATA,DUPLICAZIONE_CONTROLLATA,DEFINITIVA,evoluzione schema immutabile,"PostgreSQL,Supabase",Fondazione tecnica neutrale,Migration storica: non modificare
migration,20260812230000_create_access_servizi_rls.sql,supabase/migrations/20260812230000_create_access_servizi_rls.sql,20260812230000_create_access_servizi_rls.sql,CONDIVISO,Entrambi con implementazioni autonome,DUPLICAZIONE_CONTROLLATA,DUPLICAZIONE_CONTROLLATA,DEFINITIVA,evoluzione schema immutabile,"PostgreSQL,Supabase",Fondazione tecnica neutrale,Migration storica: non modificare
migration,20260812240000_create_access_eventi_rls.sql,supabase/migrations/20260812240000_create_access_eventi_rls.sql,20260812240000_create_access_eventi_rls.sql,CONDIVISO,Entrambi con dati separati,DUPLICARE_SCHEMA_O_ESTRARRE_MOTORE,SCHEMA_TEMPLATE_DUPLICATO,DEFINITIVA,evoluzione schema immutabile,"PostgreSQL,Supabase",Eventi B2B e osservatorio separati per tassonomia e dati,Migration storica: non modificare
migration,20260812250000_create_access_collaborazioni_rls.sql,supabase/migrations/20260812250000_create_access_collaborazioni_rls.sql,20260812250000_create_access_collaborazioni_rls.sql,CONDIVISO,Entrambi con implementazioni autonome,DUPLICAZIONE_CONTROLLATA,DUPLICAZIONE_CONTROLLATA,DEFINITIVA,evoluzione schema immutabile,"PostgreSQL,Supabase",Fondazione tecnica neutrale,Migration storica: non modificare
migration,20260812260000_create_access_contenuti_rls.sql,supabase/migrations/20260812260000_create_access_contenuti_rls.sql,20260812260000_create_access_contenuti_rls.sql,CENTRO_STUDI,Immigrati Imprenditori - Centro Studi sull'Imprenditoria Migrante,MIGRARE_E_SCINDERE_LINK,API_READ_ONLY,DEFINITIVA,evoluzione schema immutabile,"PostgreSQL,Supabase",Oggetto editoriale con possibili riferimenti commerciali,Migration storica: non modificare
migration,20260812270000_create_access_organizzazioni_rls.sql,supabase/migrations/20260812270000_create_access_organizzazioni_rls.sql,20260812270000_create_access_organizzazioni_rls.sql,CONDIVISO,Entrambi con record separati,DUPLICARE_SCHEMA_E_STABILIRE_OWNER,SCHEMA_TEMPLATE_DUPLICATO,DEFINITIVA,evoluzione schema immutabile,"PostgreSQL,Supabase",Organizzazioni con finalità B2B o ricerca,Migration storica: non modificare
migration,20260812280000_create_access_osservatorio_rls.sql,supabase/migrations/20260812280000_create_access_osservatorio_rls.sql,20260812280000_create_access_osservatorio_rls.sql,CENTRO_STUDI,Immigrati Imprenditori - Centro Studi sull'Imprenditoria Migrante,MIGRARE_NELL_CENTRO_STUDI,,DEFINITIVA,evoluzione schema immutabile,"PostgreSQL,Supabase",Finalità statistica o documentale,Migration storica: non modificare
migration,20260812290000_create_access_residual_catalogs_rls.sql,supabase/migrations/20260812290000_create_access_residual_catalogs_rls.sql,20260812290000_create_access_residual_catalogs_rls.sql,CONDIVISO,Entrambi con implementazioni autonome,DUPLICAZIONE_CONTROLLATA,DUPLICAZIONE_CONTROLLATA,DEFINITIVA,evoluzione schema immutabile,"PostgreSQL,Supabase",Fondazione tecnica neutrale,Migration storica: non modificare
migration,20260812300000_harden_access_function_execute_privileges.sql,supabase/migrations/20260812300000_harden_access_function_execute_privileges.sql,20260812300000_harden_access_function_execute_privileges.sql,CONDIVISO,Entrambi con implementazioni autonome,DUPLICAZIONE_CONTROLLATA,DUPLICAZIONE_CONTROLLATA,DEFINITIVA,evoluzione schema immutabile,"PostgreSQL,Supabase",Fondazione tecnica neutrale,Migration storica: non modificare
migration,20260813100000_seed_cultural_organization_activity_scopes.sql,supabase/migrations/20260813100000_seed_cultural_organization_activity_scopes.sql,20260813100000_seed_cultural_organization_activity_scopes.sql,CONDIVISO,Entrambi con record separati,DUPLICARE_SCHEMA_E_STABILIRE_OWNER,SCHEMA_TEMPLATE_DUPLICATO,DEFINITIVA,evoluzione schema immutabile,"PostgreSQL,Supabase",Organizzazioni con finalità B2B o ricerca,Migration storica: non modificare
migration,20260813110000_extend_professional_cultural_creative_categories.sql,supabase/migrations/20260813110000_extend_professional_cultural_creative_categories.sql,20260813110000_extend_professional_cultural_creative_categories.sql,CENTRO_STUDI,Immigrati Imprenditori - Centro Studi sull'Imprenditoria Migrante,MIGRARE_NELL_CENTRO_STUDI,,DEFINITIVA,evoluzione schema immutabile,"PostgreSQL,Supabase",Finalità culturale/editoriale,Migration storica: non modificare
migration,20260813120000_seed_creative_cultural_business_sectors.sql,supabase/migrations/20260813120000_seed_creative_cultural_business_sectors.sql,20260813120000_seed_creative_cultural_business_sectors.sql,CONDIVISO,Entrambi con versioni indipendenti,ESTRARRE_O_DUPLICARE,PACKAGE_VERSIONATO,DEFINITIVA,evoluzione schema immutabile,"PostgreSQL,Supabase",Catalogo o utilità tecnica neutrale,Migration storica: non modificare
migration,20260813130000_seed_cultural_content_service_categories.sql,supabase/migrations/20260813130000_seed_cultural_content_service_categories.sql,20260813130000_seed_cultural_content_service_categories.sql,CENTRO_STUDI,Immigrati Imprenditori - Centro Studi sull'Imprenditoria Migrante,MIGRARE_E_SCINDERE_LINK,API_READ_ONLY,DEFINITIVA,evoluzione schema immutabile,"PostgreSQL,Supabase",Oggetto editoriale con possibili riferimenti commerciali,Migration storica: non modificare
migration,20260813140000_create_opportunity_activity_scopes.sql,supabase/migrations/20260813140000_create_opportunity_activity_scopes.sql,20260813140000_create_opportunity_activity_scopes.sql,CONDIVISO,Entrambi con implementazioni autonome,DUPLICAZIONE_CONTROLLATA,DUPLICAZIONE_CONTROLLATA,DEFINITIVA,evoluzione schema immutabile,"PostgreSQL,Supabase",Fondazione tecnica neutrale,Migration storica: non modificare
migration,20260813150000_add_collaboration_activity_scope.sql,supabase/migrations/20260813150000_add_collaboration_activity_scope.sql,20260813150000_add_collaboration_activity_scope.sql,CONDIVISO,Entrambi con implementazioni autonome,DUPLICAZIONE_CONTROLLATA,DUPLICAZIONE_CONTROLLATA,DEFINITIVA,evoluzione schema immutabile,"PostgreSQL,Supabase",Fondazione tecnica neutrale,Migration storica: non modificare
migration,20260814100000_create_person_contact_channels.sql,supabase/migrations/20260814100000_create_person_contact_channels.sql,20260814100000_create_person_contact_channels.sql,PONTE_IMPRESE,PonteImprese,MIGRARE_E_RIVALUTARE,,DEFINITIVA,evoluzione schema immutabile,"PostgreSQL,Supabase",Responsabilità legale legata ai dati operativi attuali,Migration storica: non modificare
migration,20260814110000_harden_legacy_profiles_phone.sql,supabase/migrations/20260814110000_harden_legacy_profiles_phone.sql,20260814110000_harden_legacy_profiles_phone.sql,CONDIVISO,Entrambi con implementazioni autonome,DUPLICAZIONE_CONTROLLATA,DUPLICAZIONE_CONTROLLATA,DEFINITIVA,evoluzione schema immutabile,"PostgreSQL,Supabase",Fondazione tecnica neutrale,Migration storica: non modificare
migration,20260815100000_create_terms_acceptances.sql,supabase/migrations/20260815100000_create_terms_acceptances.sql,20260815100000_create_terms_acceptances.sql,PONTE_IMPRESE,PonteImprese,MIGRARE_E_RIVALUTARE,,DEFINITIVA,evoluzione schema immutabile,"PostgreSQL,Supabase",Responsabilità legale legata ai dati operativi attuali,Migration storica: non modificare
migration,20260816100000_create_legal_retention_records.sql,supabase/migrations/20260816100000_create_legal_retention_records.sql,20260816100000_create_legal_retention_records.sql,PONTE_IMPRESE,PonteImprese,MIGRARE_E_RIVALUTARE,,DEFINITIVA,evoluzione schema immutabile,"PostgreSQL,Supabase",Responsabilità legale legata ai dati operativi attuali,Migration storica: non modificare
migration,20260817100000_create_self_service_account_deletion.sql,supabase/migrations/20260817100000_create_self_service_account_deletion.sql,20260817100000_create_self_service_account_deletion.sql,CONDIVISO,Entrambi con implementazioni autonome,DUPLICAZIONE_CONTROLLATA,DUPLICAZIONE_CONTROLLATA,DEFINITIVA,evoluzione schema immutabile,"PostgreSQL,Supabase",Fondazione tecnica neutrale,Migration storica: non modificare
migration,20260818100000_create_management_reassignment_cases.sql,supabase/migrations/20260818100000_create_management_reassignment_cases.sql,20260818100000_create_management_reassignment_cases.sql,CONDIVISO,Entrambi con implementazioni autonome,DUPLICAZIONE_CONTROLLATA,DUPLICAZIONE_CONTROLLATA,DEFINITIVA,evoluzione schema immutabile,"PostgreSQL,Supabase",Fondazione tecnica neutrale,Migration storica: non modificare
migration,20260819100000_grant_observatory_ingestion_writer.sql,supabase/migrations/20260819100000_grant_observatory_ingestion_writer.sql,20260819100000_grant_observatory_ingestion_writer.sql,CENTRO_STUDI,Immigrati Imprenditori - Centro Studi sull'Imprenditoria Migrante,MIGRARE_NELL_CENTRO_STUDI,,DEFINITIVA,evoluzione schema immutabile,"PostgreSQL,Supabase",Finalità statistica o documentale,Migration storica: non modificare
migration,20260820100000_prepare_opportunity_external_ingestion.sql,supabase/migrations/20260820100000_prepare_opportunity_external_ingestion.sql,20260820100000_prepare_opportunity_external_ingestion.sql,CONDIVISO,Entrambi con implementazioni autonome,DUPLICAZIONE_CONTROLLATA,DUPLICAZIONE_CONTROLLATA,DEFINITIVA,evoluzione schema immutabile,"PostgreSQL,Supabase",Fondazione tecnica neutrale,Migration storica: non modificare
migration,20260820110000_fix_opportunity_rls_recursion_for_editorial.sql,supabase/migrations/20260820110000_fix_opportunity_rls_recursion_for_editorial.sql,20260820110000_fix_opportunity_rls_recursion_for_editorial.sql,CENTRO_STUDI,Immigrati Imprenditori - Centro Studi sull'Imprenditoria Migrante,MIGRARE_E_SCINDERE_LINK,API_READ_ONLY,DEFINITIVA,evoluzione schema immutabile,"PostgreSQL,Supabase",Oggetto editoriale con possibili riferimenti commerciali,Migration storica: non modificare
migration,20260820120000_opportunity_sources_public_select.sql,supabase/migrations/20260820120000_opportunity_sources_public_select.sql,20260820120000_opportunity_sources_public_select.sql,CONDIVISO,Entrambi con implementazioni autonome,DUPLICAZIONE_CONTROLLATA,DUPLICAZIONE_CONTROLLATA,DEFINITIVA,evoluzione schema immutabile,"PostgreSQL,Supabase",Fondazione tecnica neutrale,Migration storica: non modificare
migration,20260820130000_mercati_editorial_select_rls.sql,supabase/migrations/20260820130000_mercati_editorial_select_rls.sql,20260820130000_mercati_editorial_select_rls.sql,CENTRO_STUDI,Immigrati Imprenditori - Centro Studi sull'Imprenditoria Migrante,MIGRARE_E_SCINDERE_LINK,API_READ_ONLY,DEFINITIVA,evoluzione schema immutabile,"PostgreSQL,Supabase",Oggetto editoriale con possibili riferimenti commerciali,Migration storica: non modificare
migration,20260820140000_events_editorial_ownership.sql,supabase/migrations/20260820140000_events_editorial_ownership.sql,20260820140000_events_editorial_ownership.sql,CONDIVISO,Entrambi con dati separati,DUPLICARE_SCHEMA_O_ESTRARRE_MOTORE,SCHEMA_TEMPLATE_DUPLICATO,DEFINITIVA,evoluzione schema immutabile,"PostgreSQL,Supabase",Eventi B2B e osservatorio separati per tassonomia e dati,Migration storica: non modificare
migration,20260820150000_events_external_identity_provenance.sql,supabase/migrations/20260820150000_events_external_identity_provenance.sql,20260820150000_events_external_identity_provenance.sql,CONDIVISO,Entrambi con dati separati,DUPLICARE_SCHEMA_O_ESTRARRE_MOTORE,SCHEMA_TEMPLATE_DUPLICATO,DEFINITIVA,evoluzione schema immutabile,"PostgreSQL,Supabase",Eventi B2B e osservatorio separati per tassonomia e dati,Migration storica: non modificare
migration,20260820160000_prepare_events_external_ingestion_rls.sql,supabase/migrations/20260820160000_prepare_events_external_ingestion_rls.sql,20260820160000_prepare_events_external_ingestion_rls.sql,CONDIVISO,Entrambi con dati separati,DUPLICARE_SCHEMA_O_ESTRARRE_MOTORE,SCHEMA_TEMPLATE_DUPLICATO,DEFINITIVA,evoluzione schema immutabile,"PostgreSQL,Supabase",Eventi B2B e osservatorio separati per tassonomia e dati,Migration storica: non modificare
script_cli,d1-d8a-events-dry-run.ts,scripts/external-data/d1-d8a-events-dry-run.ts,d1-d8a-events-dry-run.ts,CONDIVISO,Entrambi con dati separati,DUPLICARE_SCHEMA_O_ESTRARRE_MOTORE,SCHEMA_TEMPLATE_DUPLICATO,DEFINITIVA,operazione o smoke check,"Node.js,moduli interni",Eventi B2B e osservatorio separati per tassonomia e dati,Entry point
test,dry-run.test.ts,src/lib/external-data/events/dry-run.test.ts,dry-run.test.ts,CONDIVISO,Entrambi con dati separati,DUPLICARE_SCHEMA_O_ESTRARRE_MOTORE,SCHEMA_TEMPLATE_DUPLICATO,DEFINITIVA,verifica automatizzata,"runner,modulo sotto test",Eventi B2B e osservatorio separati per tassonomia e dati,Unità eseguibile
funzione_arrow_o_costante,metadata,src/app/accedi/page.tsx,metadata:11,PONTE_IMPRESE,PonteImprese,MIGRARE_IN_PONTEIMPRESE,,DEFINITIVA,logica applicativa o presentazionale,import del file,"Funzione operativa, identitaria o commerciale",export const metadata: Metadata = {
funzione,AccediPage,src/app/accedi/page.tsx,AccediPage:20,PONTE_IMPRESE,PonteImprese,MIGRARE_IN_PONTEIMPRESE,,DEFINITIVA,logica applicativa o presentazionale,import del file,"Funzione operativa, identitaria o commerciale",export default async function AccediPage({ searchParams }: PageProps) {
funzione_arrow_o_costante,metadata,src/app/chi-siamo/page.tsx,metadata:11,PONTE_IMPRESE,PonteImprese,MIGRARE_IN_PONTEIMPRESE,,DEFINITIVA,logica applicativa o presentazionale,import del file,"Funzione operativa, identitaria o commerciale",export const metadata: Metadata = {
funzione,ChiSiamoPage,src/app/chi-siamo/page.tsx,ChiSiamoPage:17,PONTE_IMPRESE,PonteImprese,MIGRARE_IN_PONTEIMPRESE,,DEFINITIVA,logica applicativa o presentazionale,import del file,"Funzione operativa, identitaria o commerciale",export default function ChiSiamoPage() {
funzione,GET,src/app/auth/callback/route.ts,GET:7,PONTE_IMPRESE,PonteImprese,MIGRARE_IN_PONTEIMPRESE,,DEFINITIVA,logica applicativa o presentazionale,import del file,"Funzione operativa, identitaria o commerciale",export async function GET(request: Request) {
funzione,RootError,src/app/error.tsx,RootError:5,PONTE_IMPRESE,PonteImprese,MIGRARE_IN_PONTEIMPRESE,,DEFINITIVA,logica applicativa o presentazionale,import del file,"Funzione operativa, identitaria o commerciale",export default function RootError({
funzione,CollaborazioniLoading,src/app/collaborazioni/loading.tsx,CollaborazioniLoading:3,PONTE_IMPRESE,PonteImprese,MIGRARE_IN_PONTEIMPRESE,,DEFINITIVA,logica applicativa o presentazionale,import del file,"Funzione operativa, identitaria o commerciale",export default function CollaborazioniLoading() {
funzione_arrow_o_costante,metadata,src/app/collaborazioni/page.tsx,metadata:18,PONTE_IMPRESE,PonteImprese,MIGRARE_IN_PONTEIMPRESE,,DEFINITIVA,logica applicativa o presentazionale,import del file,"Funzione operativa, identitaria o commerciale",export const metadata: Metadata = {
funzione,CollaborazioniPage,src/app/collaborazioni/page.tsx,CollaborazioniPage:27,PONTE_IMPRESE,PonteImprese,MIGRARE_IN_PONTEIMPRESE,,DEFINITIVA,logica applicativa o presentazionale,import del file,"Funzione operativa, identitaria o commerciale",export default async function CollaborazioniPage({ searchParams }: PageProps) {
funzione,generateMetadata,src/app/collaborazioni/[slug]/page.tsx,generateMetadata:19,CONDIVISO,Entrambi con versioni indipendenti,ESTRARRE_O_DUPLICARE,PACKAGE_VERSIONATO,DEFINITIVA,logica applicativa o presentazionale,import del file,Catalogo o utilità tecnica neutrale,export async function generateMetadata({ params }: PageProps): Promise<Metadata> {
funzione,CollaborazioneDetailPage,src/app/collaborazioni/[slug]/page.tsx,CollaborazioneDetailPage:31,CONDIVISO,Entrambi con versioni indipendenti,ESTRARRE_O_DUPLICARE,PACKAGE_VERSIONATO,DEFINITIVA,logica applicativa o presentazionale,import del file,Catalogo o utilità tecnica neutrale,export default async function CollaborazioneDetailPage({ params }: PageProps) {
funzione,AppLoading,src/app/app/loading.tsx,AppLoading:3,PONTE_IMPRESE,PonteImprese,MIGRARE_IN_PONTEIMPRESE,,DEFINITIVA,logica applicativa o presentazionale,import del file,"Funzione operativa, identitaria o commerciale",export default function AppLoading() {
funzione,AppLayout,src/app/app/layout.tsx,AppLayout:5,PONTE_IMPRESE,PonteImprese,MIGRARE_IN_PONTEIMPRESE,,DEFINITIVA,logica applicativa o presentazionale,import del file,"Funzione operativa, identitaria o commerciale",export default async function AppLayout({
funzione_arrow_o_costante,metadata,src/app/dati-e-fonti/page.tsx,metadata:4,PONTE_IMPRESE,PonteImprese,MIGRARE_IN_PONTEIMPRESE,,DEFINITIVA,logica applicativa o presentazionale,import del file,"Funzione operativa, identitaria o commerciale",export const metadata: Metadata = {
funzione,DatiEFontiPage,src/app/dati-e-fonti/page.tsx,DatiEFontiPage:10,PONTE_IMPRESE,PonteImprese,MIGRARE_IN_PONTEIMPRESE,,DEFINITIVA,logica applicativa o presentazionale,import del file,"Funzione operativa, identitaria o commerciale",export default function DatiEFontiPage() {
funzione_arrow_o_costante,metadata,src/app/app/page.tsx,metadata:20,PONTE_IMPRESE,PonteImprese,MIGRARE_IN_PONTEIMPRESE,,DEFINITIVA,logica applicativa o presentazionale,import del file,"Funzione operativa, identitaria o commerciale",export const metadata: Metadata = {
funzione,AppDashboardPage,src/app/app/page.tsx,AppDashboardPage:24,PONTE_IMPRESE,PonteImprese,MIGRARE_IN_PONTEIMPRESE,,DEFINITIVA,logica applicativa o presentazionale,import del file,"Funzione operativa, identitaria o commerciale",export default async function AppDashboardPage() {
funzione_arrow_o_costante,metadata,src/app/cultura/page.tsx,metadata:29,CENTRO_STUDI,Immigrati Imprenditori - Centro Studi sull'Imprenditoria Migrante,MIGRARE_NELL_CENTRO_STUDI,,DEFINITIVA,logica applicativa o presentazionale,import del file,Finalità culturale/editoriale,export const metadata: Metadata = {
funzione,CulturaHubPage,src/app/cultura/page.tsx,CulturaHubPage:35,CENTRO_STUDI,Immigrati Imprenditori - Centro Studi sull'Imprenditoria Migrante,MIGRARE_NELL_CENTRO_STUDI,,DEFINITIVA,logica applicativa o presentazionale,import del file,Finalità culturale/editoriale,export default async function CulturaHubPage() {
funzione,generateMetadata,src/app/app/imprese/[id]/page.tsx,generateMetadata:34,PONTE_IMPRESE,PonteImprese,MIGRARE_IN_PONTEIMPRESE,,DEFINITIVA,logica applicativa o presentazionale,import del file,"Funzione operativa, identitaria o commerciale",export async function generateMetadata({ params }: Props): Promise<Metadata> {
funzione,ImpresaDetailPage,src/app/app/imprese/[id]/page.tsx,ImpresaDetailPage:40,PONTE_IMPRESE,PonteImprese,MIGRARE_IN_PONTEIMPRESE,,DEFINITIVA,logica applicativa o presentazionale,import del file,"Funzione operativa, identitaria o commerciale",export default async function ImpresaDetailPage({ params }: Props) {
funzione_arrow_o_costante,metadata,src/app/app/imprese/page.tsx,metadata:18,PONTE_IMPRESE,PonteImprese,MIGRARE_IN_PONTEIMPRESE,,DEFINITIVA,logica applicativa o presentazionale,import del file,"Funzione operativa, identitaria o commerciale",export const metadata: Metadata = {
funzione,ImpresePage,src/app/app/imprese/page.tsx,ImpresePage:22,PONTE_IMPRESE,PonteImprese,MIGRARE_IN_PONTEIMPRESE,,DEFINITIVA,logica applicativa o presentazionale,import del file,"Funzione operativa, identitaria o commerciale",export default async function ImpresePage() {
funzione_arrow_o_costante,metadata,src/app/app/onboarding/page.tsx,metadata:9,PONTE_IMPRESE,PonteImprese,MIGRARE_IN_PONTEIMPRESE,,DEFINITIVA,logica applicativa o presentazionale,import del file,"Funzione operativa, identitaria o commerciale",export const metadata: Metadata = {
funzione,OnboardingPage,src/app/app/onboarding/page.tsx,OnboardingPage:13,PONTE_IMPRESE,PonteImprese,MIGRARE_IN_PONTEIMPRESE,,DEFINITIVA,logica applicativa o presentazionale,import del file,"Funzione operativa, identitaria o commerciale",export default async function OnboardingPage() {
funzione_arrow_o_costante,metadata,src/app/app/stato/sospeso/page.tsx,metadata:4,PONTE_IMPRESE,PonteImprese,MIGRARE_IN_PONTEIMPRESE,,DEFINITIVA,logica applicativa o presentazionale,import del file,"Funzione operativa, identitaria o commerciale","export const metadata: Metadata = { title: ""Account sospeso"" };"
funzione,AccountSospesoPage,src/app/app/stato/sospeso/page.tsx,AccountSospesoPage:6,PONTE_IMPRESE,PonteImprese,MIGRARE_IN_PONTEIMPRESE,,DEFINITIVA,logica applicativa o presentazionale,import del file,"Funzione operativa, identitaria o commerciale",export default function AccountSospesoPage() {
funzione_arrow_o_costante,metadata,src/app/termini/page.tsx,metadata:4,PONTE_IMPRESE,PonteImprese,MIGRARE_IN_PONTEIMPRESE,,DEFINITIVA,logica applicativa o presentazionale,import del file,"Funzione operativa, identitaria o commerciale",export const metadata: Metadata = {
funzione,TerminiPage,src/app/termini/page.tsx,TerminiPage:9,PONTE_IMPRESE,PonteImprese,MIGRARE_IN_PONTEIMPRESE,,DEFINITIVA,logica applicativa o presentazionale,import del file,"Funzione operativa, identitaria o commerciale",export default function TerminiPage() {
funzione,generateMetadata,src/app/organizzazioni/[slug]/page.tsx,generateMetadata:15,PONTE_IMPRESE,PonteImprese,DUPLICARE_SCHEMA_E_STABILIRE_OWNER,,DEFINITIVA,logica applicativa o presentazionale,import del file,Organizzazioni con finalità B2B o ricerca,export async function generateMetadata({ params }: PageProps): Promise<Metadata> {
funzione,OrganizzazioneDetailPage,src/app/organizzazioni/[slug]/page.tsx,OrganizzazioneDetailPage:27,PONTE_IMPRESE,PonteImprese,DUPLICARE_SCHEMA_E_STABILIRE_OWNER,,DEFINITIVA,logica applicativa o presentazionale,import del file,Organizzazioni con finalità B2B o ricerca,export default async function OrganizzazioneDetailPage({ params }: PageProps) {
funzione,sitemap,src/app/sitemap.ts,sitemap:25,PONTE_IMPRESE,PonteImprese,MIGRARE_IN_PONTEIMPRESE,,DEFINITIVA,logica applicativa o presentazionale,import del file,"Funzione operativa, identitaria o commerciale",export default function sitemap(): MetadataRoute.Sitemap {
funzione_arrow_o_costante,metadata,src/app/organizzazioni/page.tsx,metadata:17,CONDIVISO,Entrambi con record separati,DUPLICARE_SCHEMA_E_STABILIRE_OWNER,SCHEMA_TEMPLATE_DUPLICATO,DEFINITIVA,logica applicativa o presentazionale,import del file,Organizzazioni con finalità B2B o ricerca,export const metadata: Metadata = {
funzione,OrganizzazioniPage,src/app/organizzazioni/page.tsx,OrganizzazioniPage:26,CONDIVISO,Entrambi con record separati,DUPLICARE_SCHEMA_E_STABILIRE_OWNER,SCHEMA_TEMPLATE_DUPLICATO,DEFINITIVA,logica applicativa o presentazionale,import del file,Organizzazioni con finalità B2B o ricerca,export default async function OrganizzazioniPage({ searchParams }: PageProps) {
funzione,OrganizzazioniLoading,src/app/organizzazioni/loading.tsx,OrganizzazioniLoading:3,CONDIVISO,Entrambi con record separati,DUPLICARE_SCHEMA_E_STABILIRE_OWNER,SCHEMA_TEMPLATE_DUPLICATO,DEFINITIVA,logica applicativa o presentazionale,import del file,Organizzazioni con finalità B2B o ricerca,export default function OrganizzazioniLoading() {
funzione_arrow_o_costante,metadata,src/app/app/forbidden/page.tsx,metadata:4,PONTE_IMPRESE,PonteImprese,MIGRARE_IN_PONTEIMPRESE,,DEFINITIVA,logica applicativa o presentazionale,import del file,"Funzione operativa, identitaria o commerciale",export const metadata: Metadata = {
funzione,AppForbiddenPage,src/app/app/forbidden/page.tsx,AppForbiddenPage:8,PONTE_IMPRESE,PonteImprese,MIGRARE_IN_PONTEIMPRESE,,DEFINITIVA,logica applicativa o presentazionale,import del file,"Funzione operativa, identitaria o commerciale",export default function AppForbiddenPage() {
funzione_arrow_o_costante,metadata,src/app/cookie/page.tsx,metadata:4,PONTE_IMPRESE,PonteImprese,MIGRARE_E_RIVALUTARE,,DEFINITIVA,logica applicativa o presentazionale,import del file,Responsabilità legale legata ai dati operativi attuali,export const metadata: Metadata = {
funzione,CookiePage,src/app/cookie/page.tsx,CookiePage:10,PONTE_IMPRESE,PonteImprese,MIGRARE_E_RIVALUTARE,,DEFINITIVA,logica applicativa o presentazionale,import del file,Responsabilità legale legata ai dati operativi attuali,export default function CookiePage() {
funzione,AppError,src/app/app/error.tsx,AppError:5,PONTE_IMPRESE,PonteImprese,MIGRARE_IN_PONTEIMPRESE,,DEFINITIVA,logica applicativa o presentazionale,import del file,"Funzione operativa, identitaria o commerciale",export default function AppError({
funzione,generateMetadata,src/app/servizi/richieste/[id]/page.tsx,generateMetadata:20,PONTE_IMPRESE,PonteImprese,MIGRARE_IN_PONTEIMPRESE,,DEFINITIVA,logica applicativa o presentazionale,import del file,"Funzione operativa, identitaria o commerciale",export async function generateMetadata({ params }: PageProps): Promise<Metadata> {
funzione,ServizioRichiestaDetailPage,src/app/servizi/richieste/[id]/page.tsx,ServizioRichiestaDetailPage:32,PONTE_IMPRESE,PonteImprese,MIGRARE_IN_PONTEIMPRESE,,DEFINITIVA,logica applicativa o presentazionale,import del file,"Funzione operativa, identitaria o commerciale",export default async function ServizioRichiestaDetailPage({ params }: PageProps) {
funzione,LingueEMercatiPage,src/app/lingue-e-mercati/page.tsx,LingueEMercatiPage:3,CONDIVISO,Entrambi con versioni indipendenti,ESTRARRE_O_DUPLICARE,PACKAGE_VERSIONATO,DEFINITIVA,logica applicativa o presentazionale,import del file,Catalogo o utilità tecnica neutrale,export default function LingueEMercatiPage() {
funzione_arrow_o_costante,metadata,src/app/servizi/page.tsx,metadata:29,PONTE_IMPRESE,PonteImprese,MIGRARE_IN_PONTEIMPRESE,,DEFINITIVA,logica applicativa o presentazionale,import del file,"Funzione operativa, identitaria o commerciale",export const metadata: Metadata = {
funzione,ServiziPage,src/app/servizi/page.tsx,ServiziPage:71,PONTE_IMPRESE,PonteImprese,MIGRARE_IN_PONTEIMPRESE,,DEFINITIVA,logica applicativa o presentazionale,import del file,"Funzione operativa, identitaria o commerciale",export default async function ServiziPage({ searchParams }: PageProps) {
funzione,generateMetadata,src/app/contenuti/[slug]/page.tsx,generateMetadata:17,CENTRO_STUDI,Immigrati Imprenditori - Centro Studi sull'Imprenditoria Migrante,MIGRARE_E_SCINDERE_LINK,API_READ_ONLY,DEFINITIVA,logica applicativa o presentazionale,import del file,Oggetto editoriale con possibili riferimenti commerciali,export async function generateMetadata({ params }: PageProps): Promise<Metadata> {
funzione,ContenutoDetailPage,src/app/contenuti/[slug]/page.tsx,ContenutoDetailPage:29,CENTRO_STUDI,Immigrati Imprenditori - Centro Studi sull'Imprenditoria Migrante,MIGRARE_E_SCINDERE_LINK,API_READ_ONLY,DEFINITIVA,logica applicativa o presentazionale,import del file,Oggetto editoriale con possibili riferimenti commerciali,export default async function ContenutoDetailPage({ params }: PageProps) {
funzione_arrow_o_costante,metadata,src/app/layout.tsx,metadata:18,PONTE_IMPRESE,PonteImprese,MIGRARE_IN_PONTEIMPRESE,,DEFINITIVA,logica applicativa o presentazionale,import del file,"Funzione operativa, identitaria o commerciale",export const metadata: Metadata = {
funzione,RootLayout,src/app/layout.tsx,RootLayout:41,PONTE_IMPRESE,PonteImprese,MIGRARE_IN_PONTEIMPRESE,,DEFINITIVA,logica applicativa o presentazionale,import del file,"Funzione operativa, identitaria o commerciale",export default function RootLayout({
funzione_arrow_o_costante,metadata,src/app/contenuti/page.tsx,metadata:17,CENTRO_STUDI,Immigrati Imprenditori - Centro Studi sull'Imprenditoria Migrante,MIGRARE_E_SCINDERE_LINK,API_READ_ONLY,DEFINITIVA,logica applicativa o presentazionale,import del file,Oggetto editoriale con possibili riferimenti commerciali,export const metadata: Metadata = {
funzione,ContenutiPage,src/app/contenuti/page.tsx,ContenutiPage:26,CENTRO_STUDI,Immigrati Imprenditori - Centro Studi sull'Imprenditoria Migrante,MIGRARE_E_SCINDERE_LINK,API_READ_ONLY,DEFINITIVA,logica applicativa o presentazionale,import del file,Oggetto editoriale con possibili riferimenti commerciali,export default async function ContenutiPage({ searchParams }: PageProps) {
funzione,ContenutiLoading,src/app/contenuti/loading.tsx,ContenutiLoading:3,CENTRO_STUDI,Immigrati Imprenditori - Centro Studi sull'Imprenditoria Migrante,MIGRARE_E_SCINDERE_LINK,API_READ_ONLY,DEFINITIVA,logica applicativa o presentazionale,import del file,Oggetto editoriale con possibili riferimenti commerciali,export default function ContenutiLoading() {
funzione_arrow_o_costante,metadata,src/app/app/redazione/contenuti/[id]/page.tsx,metadata:12,CENTRO_STUDI,Immigrati Imprenditori - Centro Studi sull'Imprenditoria Migrante,MIGRARE_E_SCINDERE_LINK,API_READ_ONLY,DEFINITIVA,logica applicativa o presentazionale,import del file,Oggetto editoriale con possibili riferimenti commerciali,export const metadata: Metadata = {
funzione,ContenutoRedazionePage,src/app/app/redazione/contenuti/[id]/page.tsx,ContenutoRedazionePage:18,CENTRO_STUDI,Immigrati Imprenditori - Centro Studi sull'Imprenditoria Migrante,MIGRARE_E_SCINDERE_LINK,API_READ_ONLY,DEFINITIVA,logica applicativa o presentazionale,import del file,Oggetto editoriale con possibili riferimenti commerciali,export default async function ContenutoRedazionePage({ params }: Props) {
funzione_arrow_o_costante,metadata,src/app/app/redazione/contenuti/page.tsx,metadata:17,CENTRO_STUDI,Immigrati Imprenditori - Centro Studi sull'Imprenditoria Migrante,MIGRARE_E_SCINDERE_LINK,API_READ_ONLY,DEFINITIVA,logica applicativa o presentazionale,import del file,Oggetto editoriale con possibili riferimenti commerciali,export const metadata: Metadata = {
funzione,ContenutiRedazionePage,src/app/app/redazione/contenuti/page.tsx,ContenutiRedazionePage:30,CENTRO_STUDI,Immigrati Imprenditori - Centro Studi sull'Imprenditoria Migrante,MIGRARE_E_SCINDERE_LINK,API_READ_ONLY,DEFINITIVA,logica applicativa o presentazionale,import del file,Oggetto editoriale con possibili riferimenti commerciali,export default async function ContenutiRedazionePage({ searchParams }: Props) {
funzione,generateMetadata,src/app/servizi/offerte/[id]/page.tsx,generateMetadata:22,PONTE_IMPRESE,PonteImprese,MIGRARE_IN_PONTEIMPRESE,,DEFINITIVA,logica applicativa o presentazionale,import del file,"Funzione operativa, identitaria o commerciale",export async function generateMetadata({ params }: PageProps): Promise<Metadata> {
funzione,ServizioOffertaDetailPage,src/app/servizi/offerte/[id]/page.tsx,ServizioOffertaDetailPage:34,PONTE_IMPRESE,PonteImprese,MIGRARE_IN_PONTEIMPRESE,,DEFINITIVA,logica applicativa o presentazionale,import del file,"Funzione operativa, identitaria o commerciale",export default async function ServizioOffertaDetailPage({ params }: PageProps) {
funzione_arrow_o_costante,metadata,src/app/app/amministrazione/ruoli/page.tsx,metadata:14,PONTE_IMPRESE,PonteImprese,MIGRARE_IN_PONTEIMPRESE,,DEFINITIVA,logica applicativa o presentazionale,import del file,"Funzione operativa, identitaria o commerciale",export const metadata: Metadata = {
funzione,AdminRuoliPage,src/app/app/amministrazione/ruoli/page.tsx,AdminRuoliPage:22,PONTE_IMPRESE,PonteImprese,MIGRARE_IN_PONTEIMPRESE,,DEFINITIVA,logica applicativa o presentazionale,import del file,"Funzione operativa, identitaria o commerciale",export default async function AdminRuoliPage({ searchParams }: PageProps) {
funzione,ServiziLoading,src/app/servizi/loading.tsx,ServiziLoading:3,PONTE_IMPRESE,PonteImprese,MIGRARE_IN_PONTEIMPRESE,,DEFINITIVA,logica applicativa o presentazionale,import del file,"Funzione operativa, identitaria o commerciale",export default function ServiziLoading() {
funzione_arrow_o_costante,metadata,src/app/contatti/page.tsx,metadata:6,PONTE_IMPRESE,PonteImprese,MIGRARE_IN_PONTEIMPRESE,,DEFINITIVA,logica applicativa o presentazionale,import del file,"Funzione operativa, identitaria o commerciale",export const metadata: Metadata = {
funzione,ContattiPage,src/app/contatti/page.tsx,ContattiPage:11,PONTE_IMPRESE,PonteImprese,MIGRARE_IN_PONTEIMPRESE,,DEFINITIVA,logica applicativa o presentazionale,import del file,"Funzione operativa, identitaria o commerciale",export default function ContattiPage() {
funzione,robots,src/app/robots.ts,robots:3,PONTE_IMPRESE,PonteImprese,MIGRARE_IN_PONTEIMPRESE,,DEFINITIVA,logica applicativa o presentazionale,import del file,"Funzione operativa, identitaria o commerciale",export default function robots(): MetadataRoute.Robots {
funzione,ImpreseLoading,src/app/imprese/loading.tsx,ImpreseLoading:3,PONTE_IMPRESE,PonteImprese,MIGRARE_IN_PONTEIMPRESE,,DEFINITIVA,logica applicativa o presentazionale,import del file,"Funzione operativa, identitaria o commerciale",export default function ImpreseLoading() {
funzione_arrow_o_costante,metadata,src/app/app/redazione/contenuti/nuovo/page.tsx,metadata:11,CENTRO_STUDI,Immigrati Imprenditori - Centro Studi sull'Imprenditoria Migrante,MIGRARE_E_SCINDERE_LINK,API_READ_ONLY,DEFINITIVA,logica applicativa o presentazionale,import del file,Oggetto editoriale con possibili riferimenti commerciali,export const metadata: Metadata = {
funzione,NuovoContenutoPage,src/app/app/redazione/contenuti/nuovo/page.tsx,NuovoContenutoPage:15,CENTRO_STUDI,Immigrati Imprenditori - Centro Studi sull'Imprenditoria Migrante,MIGRARE_E_SCINDERE_LINK,API_READ_ONLY,DEFINITIVA,logica applicativa o presentazionale,import del file,Oggetto editoriale con possibili riferimenti commerciali,export default async function NuovoContenutoPage() {
funzione_arrow_o_costante,metadata,src/app/app/redazione/page.tsx,metadata:5,CENTRO_STUDI,Immigrati Imprenditori - Centro Studi sull'Imprenditoria Migrante,MIGRARE_E_SCINDERE_LINK,API_READ_ONLY,DEFINITIVA,logica applicativa o presentazionale,import del file,Oggetto editoriale con possibili riferimenti commerciali,export const metadata: Metadata = {
funzione,RedazioneDashboardPage,src/app/app/redazione/page.tsx,RedazioneDashboardPage:45,CENTRO_STUDI,Immigrati Imprenditori - Centro Studi sull'Imprenditoria Migrante,MIGRARE_E_SCINDERE_LINK,API_READ_ONLY,DEFINITIVA,logica applicativa o presentazionale,import del file,Oggetto editoriale con possibili riferimenti commerciali,export default function RedazioneDashboardPage() {
funzione,generateMetadata,src/app/imprese/[id]/page.tsx,generateMetadata:17,PONTE_IMPRESE,PonteImprese,MIGRARE_IN_PONTEIMPRESE,,DEFINITIVA,logica applicativa o presentazionale,import del file,"Funzione operativa, identitaria o commerciale",export async function generateMetadata({ params }: PageProps): Promise<Metadata> {
funzione,ImpresaDetailPage,src/app/imprese/[id]/page.tsx,ImpresaDetailPage:29,PONTE_IMPRESE,PonteImprese,MIGRARE_IN_PONTEIMPRESE,,DEFINITIVA,logica applicativa o presentazionale,import del file,"Funzione operativa, identitaria o commerciale",export default async function ImpresaDetailPage({ params }: PageProps) {
funzione_arrow_o_costante,metadata,src/app/imprese/page.tsx,metadata:16,PONTE_IMPRESE,PonteImprese,MIGRARE_IN_PONTEIMPRESE,,DEFINITIVA,logica applicativa o presentazionale,import del file,"Funzione operativa, identitaria o commerciale",export const metadata: Metadata = {
funzione,ImpresePage,src/app/imprese/page.tsx,ImpresePage:25,PONTE_IMPRESE,PonteImprese,MIGRARE_IN_PONTEIMPRESE,,DEFINITIVA,logica applicativa o presentazionale,import del file,"Funzione operativa, identitaria o commerciale",export default async function ImpresePage({ searchParams }: PageProps) {
funzione_arrow_o_costante,metadata,src/app/registrati/page.tsx,metadata:10,PONTE_IMPRESE,PonteImprese,MIGRARE_IN_PONTEIMPRESE,,DEFINITIVA,logica applicativa o presentazionale,import del file,"Funzione operativa, identitaria o commerciale",export const metadata: Metadata = {
funzione,RegistratiPage,src/app/registrati/page.tsx,RegistratiPage:15,PONTE_IMPRESE,PonteImprese,MIGRARE_IN_PONTEIMPRESE,,DEFINITIVA,logica applicativa o presentazionale,import del file,"Funzione operativa, identitaria o commerciale",export default async function RegistratiPage() {
funzione_arrow_o_costante,metadata,src/app/app/profilo/page.tsx,metadata:21,PONTE_IMPRESE,PonteImprese,MIGRARE_IN_PONTEIMPRESE,,DEFINITIVA,logica applicativa o presentazionale,import del file,"Funzione operativa, identitaria o commerciale",export const metadata: Metadata = {
funzione,ProfiloPage,src/app/app/profilo/page.tsx,ProfiloPage:25,PONTE_IMPRESE,PonteImprese,MIGRARE_IN_PONTEIMPRESE,,DEFINITIVA,logica applicativa o presentazionale,import del file,"Funzione operativa, identitaria o commerciale",export default async function ProfiloPage() {
funzione_arrow_o_costante,metadata,src/app/app/amministrazione/riassegnazioni/page.tsx,metadata:5,PONTE_IMPRESE,PonteImprese,MIGRARE_IN_PONTEIMPRESE,,DEFINITIVA,logica applicativa o presentazionale,import del file,"Funzione operativa, identitaria o commerciale",export const metadata: Metadata = {
funzione,AdminRiassegnazioniPage,src/app/app/amministrazione/riassegnazioni/page.tsx,AdminRiassegnazioniPage:9,PONTE_IMPRESE,PonteImprese,MIGRARE_IN_PONTEIMPRESE,,DEFINITIVA,logica applicativa o presentazionale,import del file,"Funzione operativa, identitaria o commerciale",export default async function AdminRiassegnazioniPage() {
funzione,generateMetadata,src/app/opportunita/[id]/page.tsx,generateMetadata:22,PONTE_IMPRESE,PonteImprese,MIGRARE_IN_PONTEIMPRESE,,DEFINITIVA,logica applicativa o presentazionale,import del file,"Funzione operativa, identitaria o commerciale",export async function generateMetadata({ params }: PageProps): Promise<Metadata> {
funzione,OpportunitaDetailPage,src/app/opportunita/[id]/page.tsx,OpportunitaDetailPage:34,PONTE_IMPRESE,PonteImprese,MIGRARE_IN_PONTEIMPRESE,,DEFINITIVA,logica applicativa o presentazionale,import del file,"Funzione operativa, identitaria o commerciale",export default async function OpportunitaDetailPage({ params }: PageProps) {
funzione_arrow_o_costante,metadata,src/app/app/amministrazione/page.tsx,metadata:12,PONTE_IMPRESE,PonteImprese,MIGRARE_IN_PONTEIMPRESE,,DEFINITIVA,logica applicativa o presentazionale,import del file,"Funzione operativa, identitaria o commerciale",export const metadata: Metadata = {
funzione,AmministrazioneDashboardPage,src/app/app/amministrazione/page.tsx,AmministrazioneDashboardPage:40,PONTE_IMPRESE,PonteImprese,MIGRARE_IN_PONTEIMPRESE,,DEFINITIVA,logica applicativa o presentazionale,import del file,"Funzione operativa, identitaria o commerciale",export default async function AmministrazioneDashboardPage() {
funzione_arrow_o_costante,metadata,src/app/opportunita/page.tsx,metadata:16,PONTE_IMPRESE,PonteImprese,MIGRARE_IN_PONTEIMPRESE,,DEFINITIVA,logica applicativa o presentazionale,import del file,"Funzione operativa, identitaria o commerciale",export const metadata: Metadata = {
funzione,OpportunitaPage,src/app/opportunita/page.tsx,OpportunitaPage:26,PONTE_IMPRESE,PonteImprese,MIGRARE_IN_PONTEIMPRESE,,DEFINITIVA,logica applicativa o presentazionale,import del file,"Funzione operativa, identitaria o commerciale",export default async function OpportunitaPage({ searchParams }: PageProps) {
funzione_arrow_o_costante,metadata,src/app/pubblica/page.tsx,metadata:6,PONTE_IMPRESE,PonteImprese,MIGRARE_IN_PONTEIMPRESE,,DEFINITIVA,logica applicativa o presentazionale,import del file,"Funzione operativa, identitaria o commerciale",export const metadata: Metadata = {
funzione,PubblicaPage,src/app/pubblica/page.tsx,PubblicaPage:57,PONTE_IMPRESE,PonteImprese,MIGRARE_IN_PONTEIMPRESE,,DEFINITIVA,logica applicativa o presentazionale,import del file,"Funzione operativa, identitaria o commerciale",export default function PubblicaPage() {
funzione,generateMetadata,src/app/eventi/[id]/page.tsx,generateMetadata:24,CENTRO_STUDI,Immigrati Imprenditori - Centro Studi sull'Imprenditoria Migrante,DUPLICARE_SCHEMA_O_ESTRARRE_MOTORE,,DEFINITIVA,logica applicativa o presentazionale,import del file,Eventi B2B e osservatorio separati per tassonomia e dati,export async function generateMetadata({ params }: PageProps): Promise<Metadata> {
funzione,EventoDetailPage,src/app/eventi/[id]/page.tsx,EventoDetailPage:58,CENTRO_STUDI,Immigrati Imprenditori - Centro Studi sull'Imprenditoria Migrante,DUPLICARE_SCHEMA_O_ESTRARRE_MOTORE,,DEFINITIVA,logica applicativa o presentazionale,import del file,Eventi B2B e osservatorio separati per tassonomia e dati,export default async function EventoDetailPage({ params }: PageProps) {
funzione,NotizieEGuidePage,src/app/notizie-e-guide/page.tsx,NotizieEGuidePage:3,PONTE_IMPRESE,PonteImprese,MIGRARE_IN_PONTEIMPRESE,,DEFINITIVA,logica applicativa o presentazionale,import del file,"Funzione operativa, identitaria o commerciale",export default function NotizieEGuidePage() {
funzione_arrow_o_costante,metadata,src/app/eventi/page.tsx,metadata:18,CENTRO_STUDI,Immigrati Imprenditori - Centro Studi sull'Imprenditoria Migrante,DUPLICARE_SCHEMA_O_ESTRARRE_MOTORE,,DEFINITIVA,logica applicativa o presentazionale,import del file,Eventi B2B e osservatorio separati per tassonomia e dati,export const metadata: Metadata = {
funzione,EventiPage,src/app/eventi/page.tsx,EventiPage:27,CENTRO_STUDI,Immigrati Imprenditori - Centro Studi sull'Imprenditoria Migrante,DUPLICARE_SCHEMA_O_ESTRARRE_MOTORE,,DEFINITIVA,logica applicativa o presentazionale,import del file,Eventi B2B e osservatorio separati per tassonomia e dati,export default async function EventiPage({ searchParams }: PageProps) {
funzione,NotFound,src/app/not-found.tsx,NotFound:3,PONTE_IMPRESE,PonteImprese,MIGRARE_IN_PONTEIMPRESE,,DEFINITIVA,logica applicativa o presentazionale,import del file,"Funzione operativa, identitaria o commerciale",export default function NotFound() {
funzione,AmministrazioneLayout,src/app/app/amministrazione/layout.tsx,AmministrazioneLayout:6,PONTE_IMPRESE,PonteImprese,MIGRARE_IN_PONTEIMPRESE,,DEFINITIVA,logica applicativa o presentazionale,import del file,"Funzione operativa, identitaria o commerciale",export default async function AmministrazioneLayout({
funzione,EventiLoading,src/app/eventi/loading.tsx,EventiLoading:3,CONDIVISO,Entrambi con dati separati,DUPLICARE_SCHEMA_O_ESTRARRE_MOTORE,SCHEMA_TEMPLATE_DUPLICATO,DEFINITIVA,logica applicativa o presentazionale,import del file,Eventi B2B e osservatorio separati per tassonomia e dati,export default function EventiLoading() {
funzione_arrow_o_costante,metadata,src/app/app/redazione/mercati-internazionali/[id]/page.tsx,metadata:8,PONTE_IMPRESE,PonteImprese,MIGRARE_E_SCINDERE_LINK,API_READ_ONLY,DEFINITIVA,logica applicativa o presentazionale,import del file,Oggetto editoriale con possibili riferimenti commerciali,export const metadata: Metadata = {
funzione,MercatiInternazionaliRedazioneDetailPage,src/app/app/redazione/mercati-internazionali/[id]/page.tsx,MercatiInternazionaliRedazioneDetailPage:21,PONTE_IMPRESE,PonteImprese,MIGRARE_E_SCINDERE_LINK,API_READ_ONLY,DEFINITIVA,logica applicativa o presentazionale,import del file,Oggetto editoriale con possibili riferimenti commerciali,export default async function MercatiInternazionaliRedazioneDetailPage({
funzione,OpportunitaLoading,src/app/opportunita/loading.tsx,OpportunitaLoading:3,PONTE_IMPRESE,PonteImprese,MIGRARE_IN_PONTEIMPRESE,,DEFINITIVA,logica applicativa o presentazionale,import del file,"Funzione operativa, identitaria o commerciale",export default function OpportunitaLoading() {
funzione,ProfessionistiLoading,src/app/professionisti/loading.tsx,ProfessionistiLoading:3,PONTE_IMPRESE,PonteImprese,MIGRARE_IN_PONTEIMPRESE,,DEFINITIVA,logica applicativa o presentazionale,import del file,"Funzione operativa, identitaria o commerciale",export default function ProfessionistiLoading() {
funzione_arrow_o_costante,metadata,src/app/app/redazione/mercati-internazionali/page.tsx,metadata:6,PONTE_IMPRESE,PonteImprese,MIGRARE_E_SCINDERE_LINK,API_READ_ONLY,DEFINITIVA,logica applicativa o presentazionale,import del file,Oggetto editoriale con possibili riferimenti commerciali,export const metadata: Metadata = {
funzione,MercatiInternazionaliRedazionePage,src/app/app/redazione/mercati-internazionali/page.tsx,MercatiInternazionaliRedazionePage:27,PONTE_IMPRESE,PonteImprese,MIGRARE_E_SCINDERE_LINK,API_READ_ONLY,DEFINITIVA,logica applicativa o presentazionale,import del file,Oggetto editoriale con possibili riferimenti commerciali,export default async function MercatiInternazionaliRedazionePage({
funzione_arrow_o_costante,metadata,src/app/app/amministrazione/imprese/page.tsx,metadata:5,PONTE_IMPRESE,PonteImprese,MIGRARE_IN_PONTEIMPRESE,,DEFINITIVA,logica applicativa o presentazionale,import del file,"Funzione operativa, identitaria o commerciale",export const metadata: Metadata = {
funzione,AdminImpresePage,src/app/app/amministrazione/imprese/page.tsx,AdminImpresePage:9,PONTE_IMPRESE,PonteImprese,MIGRARE_IN_PONTEIMPRESE,,DEFINITIVA,logica applicativa o presentazionale,import del file,"Funzione operativa, identitaria o commerciale",export default function AdminImpresePage() {
funzione,RedazioneLayout,src/app/app/redazione/layout.tsx,RedazioneLayout:6,CENTRO_STUDI,Immigrati Imprenditori - Centro Studi sull'Imprenditoria Migrante,MIGRARE_E_SCINDERE_LINK,API_READ_ONLY,DEFINITIVA,logica applicativa o presentazionale,import del file,Oggetto editoriale con possibili riferimenti commerciali,export default async function RedazioneLayout({
funzione,generateMetadata,src/app/professionisti/[id]/page.tsx,generateMetadata:21,PONTE_IMPRESE,PonteImprese,MIGRARE_IN_PONTEIMPRESE,,DEFINITIVA,logica applicativa o presentazionale,import del file,"Funzione operativa, identitaria o commerciale",export async function generateMetadata({ params }: PageProps): Promise<Metadata> {
funzione,ProfessionistaDetailPage,src/app/professionisti/[id]/page.tsx,ProfessionistaDetailPage:33,PONTE_IMPRESE,PonteImprese,MIGRARE_IN_PONTEIMPRESE,,DEFINITIVA,logica applicativa o presentazionale,import del file,"Funzione operativa, identitaria o commerciale",export default async function ProfessionistaDetailPage({ params }: PageProps) {
funzione,generateMetadata,src/app/mercati/[code]/page.tsx,generateMetadata:23,PONTE_IMPRESE,PonteImprese,MIGRARE_IN_PONTEIMPRESE,,DEFINITIVA,logica applicativa o presentazionale,import del file,"Funzione operativa, identitaria o commerciale",export async function generateMetadata({ params }: PageProps): Promise<Metadata> {
funzione,MercatoDetailPage,src/app/mercati/[code]/page.tsx,MercatoDetailPage:35,PONTE_IMPRESE,PonteImprese,MIGRARE_IN_PONTEIMPRESE,,DEFINITIVA,logica applicativa o presentazionale,import del file,"Funzione operativa, identitaria o commerciale",export default async function MercatoDetailPage({ params }: PageProps) {
funzione_arrow_o_costante,metadata,src/app/professionisti/page.tsx,metadata:16,PONTE_IMPRESE,PonteImprese,MIGRARE_IN_PONTEIMPRESE,,DEFINITIVA,logica applicativa o presentazionale,import del file,"Funzione operativa, identitaria o commerciale",export const metadata: Metadata = {
funzione,ProfessionistiPage,src/app/professionisti/page.tsx,ProfessionistiPage:25,PONTE_IMPRESE,PonteImprese,MIGRARE_IN_PONTEIMPRESE,,DEFINITIVA,logica applicativa o presentazionale,import del file,"Funzione operativa, identitaria o commerciale",export default async function ProfessionistiPage({ searchParams }: PageProps) {
funzione,generateMetadata,src/app/persone/[slug]/page.tsx,generateMetadata:30,CONDIVISO,Entrambi con versioni indipendenti,ESTRARRE_O_DUPLICARE,PACKAGE_VERSIONATO,DEFINITIVA,logica applicativa o presentazionale,import del file,Catalogo o utilità tecnica neutrale,export async function generateMetadata({
funzione,PersonaPubblicaPage,src/app/persone/[slug]/page.tsx,PersonaPubblicaPage:44,CONDIVISO,Entrambi con versioni indipendenti,ESTRARRE_O_DUPLICARE,PACKAGE_VERSIONATO,DEFINITIVA,logica applicativa o presentazionale,import del file,Catalogo o utilità tecnica neutrale,export default async function PersonaPubblicaPage({ params }: PageProps) {
funzione_arrow_o_costante,metadata,src/app/mercati/page.tsx,metadata:16,PONTE_IMPRESE,PonteImprese,MIGRARE_IN_PONTEIMPRESE,,DEFINITIVA,logica applicativa o presentazionale,import del file,"Funzione operativa, identitaria o commerciale",export const metadata: Metadata = {
funzione,MercatiPage,src/app/mercati/page.tsx,MercatiPage:25,PONTE_IMPRESE,PonteImprese,MIGRARE_IN_PONTEIMPRESE,,DEFINITIVA,logica applicativa o presentazionale,import del file,"Funzione operativa, identitaria o commerciale",export default async function MercatiPage({ searchParams }: PageProps) {
funzione_arrow_o_costante,metadata,src/app/persone/page.tsx,metadata:13,PONTE_IMPRESE,PonteImprese,MIGRARE_IN_PONTEIMPRESE,,DEFINITIVA,logica applicativa o presentazionale,import del file,"Funzione operativa, identitaria o commerciale",export const metadata: Metadata = {
funzione,PersoneHubPage,src/app/persone/page.tsx,PersoneHubPage:21,PONTE_IMPRESE,PonteImprese,MIGRARE_IN_PONTEIMPRESE,,DEFINITIVA,logica applicativa o presentazionale,import del file,"Funzione operativa, identitaria o commerciale",export default async function PersoneHubPage() {
funzione,MercatiLoading,src/app/mercati/loading.tsx,MercatiLoading:3,PONTE_IMPRESE,PonteImprese,MIGRARE_IN_PONTEIMPRESE,,DEFINITIVA,logica applicativa o presentazionale,import del file,"Funzione operativa, identitaria o commerciale",export default function MercatiLoading() {
funzione_arrow_o_costante,metadata,src/app/page.tsx,metadata:35,PONTE_IMPRESE,PonteImprese,MIGRARE_IN_PONTEIMPRESE,,DEFINITIVA,logica applicativa o presentazionale,import del file,"Funzione operativa, identitaria o commerciale",export const metadata: Metadata = {
funzione,HomePage,src/app/page.tsx,HomePage:40,PONTE_IMPRESE,PonteImprese,MIGRARE_IN_PONTEIMPRESE,,DEFINITIVA,logica applicativa o presentazionale,import del file,"Funzione operativa, identitaria o commerciale",export default async function HomePage({
funzione_arrow_o_costante,metadata,src/app/app/redazione/eventi/[id]/page.tsx,metadata:8,CENTRO_STUDI,Immigrati Imprenditori - Centro Studi sull'Imprenditoria Migrante,DUPLICARE_SCHEMA_O_ESTRARRE_MOTORE,,DEFINITIVA,logica applicativa o presentazionale,import del file,Eventi B2B e osservatorio separati per tassonomia e dati,export const metadata: Metadata = {
funzione,EventoRedazionePage,src/app/app/redazione/eventi/[id]/page.tsx,EventoRedazionePage:14,CENTRO_STUDI,Immigrati Imprenditori - Centro Studi sull'Imprenditoria Migrante,DUPLICARE_SCHEMA_O_ESTRARRE_MOTORE,,DEFINITIVA,logica applicativa o presentazionale,import del file,Eventi B2B e osservatorio separati per tassonomia e dati,export default async function EventoRedazionePage({ params }: Props) {
funzione_arrow_o_costante,metadata,src/app/app/redazione/eventi/page.tsx,metadata:18,CENTRO_STUDI,Immigrati Imprenditori - Centro Studi sull'Imprenditoria Migrante,DUPLICARE_SCHEMA_O_ESTRARRE_MOTORE,,DEFINITIVA,logica applicativa o presentazionale,import del file,Eventi B2B e osservatorio separati per tassonomia e dati,export const metadata: Metadata = {
funzione,EventiRedazionePage,src/app/app/redazione/eventi/page.tsx,EventiRedazionePage:32,CENTRO_STUDI,Immigrati Imprenditori - Centro Studi sull'Imprenditoria Migrante,DUPLICARE_SCHEMA_O_ESTRARRE_MOTORE,,DEFINITIVA,logica applicativa o presentazionale,import del file,Eventi B2B e osservatorio separati per tassonomia e dati,export default async function EventiRedazionePage({ searchParams }: Props) {
funzione_arrow_o_costante,metadata,src/app/app/redazione/organizzazioni/[id]/page.tsx,metadata:14,PONTE_IMPRESE,PonteImprese,MIGRARE_E_SCINDERE_LINK,API_READ_ONLY,DEFINITIVA,logica applicativa o presentazionale,import del file,Oggetto editoriale con possibili riferimenti commerciali,export const metadata: Metadata = {
funzione,OrganizzazioneRedazionePage,src/app/app/redazione/organizzazioni/[id]/page.tsx,OrganizzazioneRedazionePage:20,PONTE_IMPRESE,PonteImprese,MIGRARE_E_SCINDERE_LINK,API_READ_ONLY,DEFINITIVA,logica applicativa o presentazionale,import del file,Oggetto editoriale con possibili riferimenti commerciali,export default async function OrganizzazioneRedazionePage({ params }: Props) {
funzione_arrow_o_costante,metadata,src/app/app/amministrazione/account/[id]/page.tsx,metadata:19,PONTE_IMPRESE,PonteImprese,MIGRARE_IN_PONTEIMPRESE,,DEFINITIVA,logica applicativa o presentazionale,import del file,"Funzione operativa, identitaria o commerciale",export const metadata: Metadata = {
funzione,AdminAccountDetailPage,src/app/app/amministrazione/account/[id]/page.tsx,AdminAccountDetailPage:44,PONTE_IMPRESE,PonteImprese,MIGRARE_IN_PONTEIMPRESE,,DEFINITIVA,logica applicativa o presentazionale,import del file,"Funzione operativa, identitaria o commerciale",export default async function AdminAccountDetailPage({ params }: PageProps) {
funzione_arrow_o_costante,metadata,src/app/app/redazione/opportunita/[id]/page.tsx,metadata:14,PONTE_IMPRESE,PonteImprese,MIGRARE_E_SCINDERE_LINK,API_READ_ONLY,DEFINITIVA,logica applicativa o presentazionale,import del file,Oggetto editoriale con possibili riferimenti commerciali,export const metadata: Metadata = {
funzione,OpportunitaRedazioneDetailPage,src/app/app/redazione/opportunita/[id]/page.tsx,OpportunitaRedazioneDetailPage:20,PONTE_IMPRESE,PonteImprese,MIGRARE_E_SCINDERE_LINK,API_READ_ONLY,DEFINITIVA,logica applicativa o presentazionale,import del file,Oggetto editoriale con possibili riferimenti commerciali,export default async function OpportunitaRedazioneDetailPage({ params }: Props) {
funzione_arrow_o_costante,metadata,src/app/app/redazione/organizzazioni/page.tsx,metadata:16,PONTE_IMPRESE,PonteImprese,MIGRARE_E_SCINDERE_LINK,API_READ_ONLY,DEFINITIVA,logica applicativa o presentazionale,import del file,Oggetto editoriale con possibili riferimenti commerciali,export const metadata: Metadata = {
funzione,OrganizzazioniRedazionePage,src/app/app/redazione/organizzazioni/page.tsx,OrganizzazioniRedazionePage:20,PONTE_IMPRESE,PonteImprese,MIGRARE_E_SCINDERE_LINK,API_READ_ONLY,DEFINITIVA,logica applicativa o presentazionale,import del file,Oggetto editoriale con possibili riferimenti commerciali,export default async function OrganizzazioniRedazionePage() {
funzione_arrow_o_costante,metadata,src/app/app/redazione/opportunita/page.tsx,metadata:7,PONTE_IMPRESE,PonteImprese,MIGRARE_E_SCINDERE_LINK,API_READ_ONLY,DEFINITIVA,logica applicativa o presentazionale,import del file,Oggetto editoriale con possibili riferimenti commerciali,export const metadata: Metadata = {
funzione,OpportunitaRedazionePage,src/app/app/redazione/opportunita/page.tsx,OpportunitaRedazionePage:35,PONTE_IMPRESE,PonteImprese,MIGRARE_E_SCINDERE_LINK,API_READ_ONLY,DEFINITIVA,logica applicativa o presentazionale,import del file,Oggetto editoriale con possibili riferimenti commerciali,export default async function OpportunitaRedazionePage({ searchParams }: Props) {
funzione_arrow_o_costante,metadata,src/app/app/redazione/osservatorio/valori/page.tsx,metadata:18,CENTRO_STUDI,Immigrati Imprenditori - Centro Studi sull'Imprenditoria Migrante,MIGRARE_NELL_CENTRO_STUDI,,DEFINITIVA,logica applicativa o presentazionale,import del file,Finalità statistica o documentale,export const metadata: Metadata = {
funzione,ValoriRedazionePage,src/app/app/redazione/osservatorio/valori/page.tsx,ValoriRedazionePage:26,CENTRO_STUDI,Immigrati Imprenditori - Centro Studi sull'Imprenditoria Migrante,MIGRARE_NELL_CENTRO_STUDI,,DEFINITIVA,logica applicativa o presentazionale,import del file,Finalità statistica o documentale,export default async function ValoriRedazionePage({ searchParams }: Props) {
funzione,generateMetadata,src/app/osservatorio/[slug]/page.tsx,generateMetadata:19,CENTRO_STUDI,Immigrati Imprenditori - Centro Studi sull'Imprenditoria Migrante,MIGRARE_NELL_CENTRO_STUDI,,DEFINITIVA,logica applicativa o presentazionale,import del file,Finalità statistica o documentale,export async function generateMetadata({ params }: PageProps): Promise<Metadata> {
funzione,IndicatoreDetailPage,src/app/osservatorio/[slug]/page.tsx,IndicatoreDetailPage:31,CENTRO_STUDI,Immigrati Imprenditori - Centro Studi sull'Imprenditoria Migrante,MIGRARE_NELL_CENTRO_STUDI,,DEFINITIVA,logica applicativa o presentazionale,import del file,Finalità statistica o documentale,export default async function IndicatoreDetailPage({ params }: PageProps) {
funzione_arrow_o_costante,metadata,src/app/osservatorio/page.tsx,metadata:16,CENTRO_STUDI,Immigrati Imprenditori - Centro Studi sull'Imprenditoria Migrante,MIGRARE_NELL_CENTRO_STUDI,,DEFINITIVA,logica applicativa o presentazionale,import del file,Finalità statistica o documentale,export const metadata: Metadata = {
funzione,OsservatorioPage,src/app/osservatorio/page.tsx,OsservatorioPage:25,CENTRO_STUDI,Immigrati Imprenditori - Centro Studi sull'Imprenditoria Migrante,MIGRARE_NELL_CENTRO_STUDI,,DEFINITIVA,logica applicativa o presentazionale,import del file,Finalità statistica o documentale,export default async function OsservatorioPage({ searchParams }: PageProps) {
funzione_arrow_o_costante,metadata,src/app/app/redazione/osservatorio/indicatori/[id]/page.tsx,metadata:7,CENTRO_STUDI,Immigrati Imprenditori - Centro Studi sull'Imprenditoria Migrante,MIGRARE_NELL_CENTRO_STUDI,,DEFINITIVA,logica applicativa o presentazionale,import del file,Finalità statistica o documentale,export const metadata: Metadata = {
funzione,IndicatoreRedazionePage,src/app/app/redazione/osservatorio/indicatori/[id]/page.tsx,IndicatoreRedazionePage:13,CENTRO_STUDI,Immigrati Imprenditori - Centro Studi sull'Imprenditoria Migrante,MIGRARE_NELL_CENTRO_STUDI,,DEFINITIVA,logica applicativa o presentazionale,import del file,Finalità statistica o documentale,export default async function IndicatoreRedazionePage({ params }: Props) {
funzione_arrow_o_costante,metadata,src/app/app/redazione/organizzazioni/nuovo/page.tsx,metadata:9,PONTE_IMPRESE,PonteImprese,MIGRARE_E_SCINDERE_LINK,API_READ_ONLY,DEFINITIVA,logica applicativa o presentazionale,import del file,Oggetto editoriale con possibili riferimenti commerciali,export const metadata: Metadata = {
funzione,NuovaOrganizzazionePage,src/app/app/redazione/organizzazioni/nuovo/page.tsx,NuovaOrganizzazionePage:13,PONTE_IMPRESE,PonteImprese,MIGRARE_E_SCINDERE_LINK,API_READ_ONLY,DEFINITIVA,logica applicativa o presentazionale,import del file,Oggetto editoriale con possibili riferimenti commerciali,export default async function NuovaOrganizzazionePage() {
funzione,OsservatorioLoading,src/app/osservatorio/loading.tsx,OsservatorioLoading:3,CENTRO_STUDI,Immigrati Imprenditori - Centro Studi sull'Imprenditoria Migrante,MIGRARE_NELL_CENTRO_STUDI,,DEFINITIVA,logica applicativa o presentazionale,import del file,Finalità statistica o documentale,export default function OsservatorioLoading() {
funzione_arrow_o_costante,metadata,src/app/app/redazione/osservatorio/indicatori/nuovo/page.tsx,metadata:5,CENTRO_STUDI,Immigrati Imprenditori - Centro Studi sull'Imprenditoria Migrante,MIGRARE_NELL_CENTRO_STUDI,,DEFINITIVA,logica applicativa o presentazionale,import del file,Finalità statistica o documentale,export const metadata: Metadata = {
funzione,NuovoIndicatorePage,src/app/app/redazione/osservatorio/indicatori/nuovo/page.tsx,NuovoIndicatorePage:9,CENTRO_STUDI,Immigrati Imprenditori - Centro Studi sull'Imprenditoria Migrante,MIGRARE_NELL_CENTRO_STUDI,,DEFINITIVA,logica applicativa o presentazionale,import del file,Finalità statistica o documentale,export default function NuovoIndicatorePage() {
funzione_arrow_o_costante,metadata,src/app/app/redazione/osservatorio/indicatori/page.tsx,metadata:19,CENTRO_STUDI,Immigrati Imprenditori - Centro Studi sull'Imprenditoria Migrante,MIGRARE_NELL_CENTRO_STUDI,,DEFINITIVA,logica applicativa o presentazionale,import del file,Finalità statistica o documentale,export const metadata: Metadata = {
funzione,IndicatoriRedazionePage,src/app/app/redazione/osservatorio/indicatori/page.tsx,IndicatoriRedazionePage:23,CENTRO_STUDI,Immigrati Imprenditori - Centro Studi sull'Imprenditoria Migrante,MIGRARE_NELL_CENTRO_STUDI,,DEFINITIVA,logica applicativa o presentazionale,import del file,Finalità statistica o documentale,export default async function IndicatoriRedazionePage() {
funzione_arrow_o_costante,metadata,src/app/app/redazione/osservatorio/page.tsx,metadata:4,CENTRO_STUDI,Immigrati Imprenditori - Centro Studi sull'Imprenditoria Migrante,MIGRARE_NELL_CENTRO_STUDI,,DEFINITIVA,logica applicativa o presentazionale,import del file,Finalità statistica o documentale,export const metadata: Metadata = {
funzione,OsservatorioHubPage,src/app/app/redazione/osservatorio/page.tsx,OsservatorioHubPage:26,CENTRO_STUDI,Immigrati Imprenditori - Centro Studi sull'Imprenditoria Migrante,MIGRARE_NELL_CENTRO_STUDI,,DEFINITIVA,logica applicativa o presentazionale,import del file,Finalità statistica o documentale,export default function OsservatorioHubPage() {
funzione_arrow_o_costante,metadata,src/app/app/stato/disabilitato/page.tsx,metadata:4,PONTE_IMPRESE,PonteImprese,MIGRARE_IN_PONTEIMPRESE,,DEFINITIVA,logica applicativa o presentazionale,import del file,"Funzione operativa, identitaria o commerciale","export const metadata: Metadata = { title: ""Account disabilitato"" };"
funzione,AccountDisabilitatoPage,src/app/app/stato/disabilitato/page.tsx,AccountDisabilitatoPage:6,PONTE_IMPRESE,PonteImprese,MIGRARE_IN_PONTEIMPRESE,,DEFINITIVA,logica applicativa o presentazionale,import del file,"Funzione operativa, identitaria o commerciale",export default function AccountDisabilitatoPage() {
funzione_arrow_o_costante,metadata,src/app/app/amministrazione/account/page.tsx,metadata:9,PONTE_IMPRESE,PonteImprese,MIGRARE_IN_PONTEIMPRESE,,DEFINITIVA,logica applicativa o presentazionale,import del file,"Funzione operativa, identitaria o commerciale",export const metadata: Metadata = {
funzione,AdminAccountsPage,src/app/app/amministrazione/account/page.tsx,AdminAccountsPage:17,PONTE_IMPRESE,PonteImprese,MIGRARE_IN_PONTEIMPRESE,,DEFINITIVA,logica applicativa o presentazionale,import del file,"Funzione operativa, identitaria o commerciale",export default async function AdminAccountsPage({ searchParams }: PageProps) {
funzione_arrow_o_costante,metadata,src/app/app/stato/chiuso/page.tsx,metadata:4,PONTE_IMPRESE,PonteImprese,MIGRARE_IN_PONTEIMPRESE,,DEFINITIVA,logica applicativa o presentazionale,import del file,"Funzione operativa, identitaria o commerciale","export const metadata: Metadata = { title: ""Account chiuso"" };"
funzione,AccountChiusoPage,src/app/app/stato/chiuso/page.tsx,AccountChiusoPage:6,PONTE_IMPRESE,PonteImprese,MIGRARE_IN_PONTEIMPRESE,,DEFINITIVA,logica applicativa o presentazionale,import del file,"Funzione operativa, identitaria o commerciale",export default function AccountChiusoPage() {
funzione_arrow_o_costante,metadata,src/app/app/redazione/osservatorio/fonti/page.tsx,metadata:6,CENTRO_STUDI,Immigrati Imprenditori - Centro Studi sull'Imprenditoria Migrante,MIGRARE_NELL_CENTRO_STUDI,,DEFINITIVA,logica applicativa o presentazionale,import del file,Finalità statistica o documentale,export const metadata: Metadata = {
funzione,FontiRedazionePage,src/app/app/redazione/osservatorio/fonti/page.tsx,FontiRedazionePage:10,CENTRO_STUDI,Immigrati Imprenditori - Centro Studi sull'Imprenditoria Migrante,MIGRARE_NELL_CENTRO_STUDI,,DEFINITIVA,logica applicativa o presentazionale,import del file,Finalità statistica o documentale,export default async function FontiRedazionePage() {
funzione_arrow_o_costante,metadata,src/app/privacy/page.tsx,metadata:4,PONTE_IMPRESE,PonteImprese,MIGRARE_E_RIVALUTARE,,DEFINITIVA,logica applicativa o presentazionale,import del file,Responsabilità legale legata ai dati operativi attuali,export const metadata: Metadata = {
funzione,PrivacyPage,src/app/privacy/page.tsx,PrivacyPage:10,PONTE_IMPRESE,PonteImprese,MIGRARE_E_RIVALUTARE,,DEFINITIVA,logica applicativa o presentazionale,import del file,Responsabilità legale legata ai dati operativi attuali,export default function PrivacyPage() {
funzione,AuthForm,src/components/auth/AuthForm.tsx,AuthForm:21,PONTE_IMPRESE,PonteImprese,MIGRARE_IN_PONTEIMPRESE,,DEFINITIVA,logica applicativa o presentazionale,import del file,"Funzione operativa, identitaria o commerciale","export function AuthForm({ mode, action, next }: AuthFormProps) {"
funzione,Header,src/components/layout/Header.tsx,Header:43,PONTE_IMPRESE,PonteImprese,MIGRARE_IN_PONTEIMPRESE,,DEFINITIVA,logica applicativa o presentazionale,import del file,"Funzione operativa, identitaria o commerciale",export function Header() {
funzione,FormField,src/components/forms/FormField.tsx,FormField:11,PONTE_IMPRESE,PonteImprese,MIGRARE_IN_PONTEIMPRESE,,DEFINITIVA,logica applicativa o presentazionale,import del file,"Funzione operativa, identitaria o commerciale",export function FormField({
funzione,Footer,src/components/layout/Footer.tsx,Footer:67,PONTE_IMPRESE,PonteImprese,MIGRARE_IN_PONTEIMPRESE,,DEFINITIVA,logica applicativa o presentazionale,import del file,"Funzione operativa, identitaria o commerciale",export function Footer() {
funzione,FinalCta,src/components/home/FinalCta.tsx,FinalCta:5,PONTE_IMPRESE,PonteImprese,MIGRARE_IN_PONTEIMPRESE,,DEFINITIVA,logica applicativa o presentazionale,import del file,"Funzione operativa, identitaria o commerciale",export function FinalCta() {
funzione,EcosystemGrid,src/components/home/EcosystemGrid.tsx,EcosystemGrid:6,PONTE_IMPRESE,PonteImprese,MIGRARE_IN_PONTEIMPRESE,,DEFINITIVA,logica applicativa o presentazionale,import del file,"Funzione operativa, identitaria o commerciale",export function EcosystemGrid() {
funzione,HomeDomainSection,src/components/home/HomeDomainSection.tsx,HomeDomainSection:35,PONTE_IMPRESE,PonteImprese,MIGRARE_IN_PONTEIMPRESE,,DEFINITIVA,logica applicativa o presentazionale,import del file,"Funzione operativa, identitaria o commerciale",export function HomeDomainSection({
funzione,AdminNav,src/components/app/AdminNav.tsx,AdminNav:19,PONTE_IMPRESE,PonteImprese,MIGRARE_IN_PONTEIMPRESE,,DEFINITIVA,logica applicativa o presentazionale,import del file,"Funzione operativa, identitaria o commerciale",export function AdminNav() {
funzione,HomeSectionHeader,src/components/home/HomeSectionHeader.tsx,HomeSectionHeader:12,PONTE_IMPRESE,PonteImprese,MIGRARE_IN_PONTEIMPRESE,,DEFINITIVA,logica applicativa o presentazionale,import del file,"Funzione operativa, identitaria o commerciale",export function HomeSectionHeader({
funzione,Hero,src/components/home/Hero.tsx,Hero:10,PONTE_IMPRESE,PonteImprese,MIGRARE_IN_PONTEIMPRESE,,DEFINITIVA,logica applicativa o presentazionale,import del file,"Funzione operativa, identitaria o commerciale",export function Hero() {
funzione,BootstrapGrantForm,src/components/app/BootstrapGrantForm.tsx,BootstrapGrantForm:13,PONTE_IMPRESE,PonteImprese,MIGRARE_IN_PONTEIMPRESE,,DEFINITIVA,logica applicativa o presentazionale,import del file,"Funzione operativa, identitaria o commerciale",export function BootstrapGrantForm() {
funzione,HomeSearch,src/components/home/HomeSearch.tsx,HomeSearch:7,PONTE_IMPRESE,PonteImprese,MIGRARE_IN_PONTEIMPRESE,,DEFINITIVA,logica applicativa o presentazionale,import del file,"Funzione operativa, identitaria o commerciale",export function HomeSearch() {
funzione,TransversalStrip,src/components/home/TransversalStrip.tsx,TransversalStrip:6,PONTE_IMPRESE,PonteImprese,MIGRARE_IN_PONTEIMPRESE,,DEFINITIVA,logica applicativa o presentazionale,import del file,"Funzione operativa, identitaria o commerciale",export function TransversalStrip() {
funzione,Badge,src/components/ui/Badge.tsx,Badge:14,PONTE_IMPRESE,PonteImprese,MIGRARE_IN_PONTEIMPRESE,,DEFINITIVA,logica applicativa o presentazionale,import del file,"Funzione operativa, identitaria o commerciale",export function Badge({
funzione,AppNav,src/components/app/AppNav.tsx,AppNav:21,PONTE_IMPRESE,PonteImprese,MIGRARE_IN_PONTEIMPRESE,,DEFINITIVA,logica applicativa o presentazionale,import del file,"Funzione operativa, identitaria o commerciale",export async function AppNav({ session }: AppNavProps) {
funzione,BusinessEditForm,src/components/app/BusinessEditForm.tsx,BusinessEditForm:30,PONTE_IMPRESE,PonteImprese,MIGRARE_IN_PONTEIMPRESE,,DEFINITIVA,logica applicativa o presentazionale,import del file,"Funzione operativa, identitaria o commerciale",export function BusinessEditForm({ business }: Props) {
funzione,Card,src/components/ui/Card.tsx,Card:7,PONTE_IMPRESE,PonteImprese,MIGRARE_IN_PONTEIMPRESE,,DEFINITIVA,logica applicativa o presentazionale,import del file,"Funzione operativa, identitaria o commerciale","export function Card({ children, className = """", as = ""article"" }: CardProps) {"
funzione,ButtonLink,src/components/ui/ButtonLink.tsx,ButtonLink:10,PONTE_IMPRESE,PonteImprese,MIGRARE_IN_PONTEIMPRESE,,DEFINITIVA,logica applicativa o presentazionale,import del file,"Funzione operativa, identitaria o commerciale",export function ButtonLink({
funzione,RevokeRoleButton,src/components/app/admin/RevokeRoleButton.tsx,RevokeRoleButton:18,PONTE_IMPRESE,PonteImprese,MIGRARE_IN_PONTEIMPRESE,,DEFINITIVA,logica applicativa o presentazionale,import del file,"Funzione operativa, identitaria o commerciale",export function RevokeRoleButton({
funzione,LoadingState,src/components/ui/states.tsx,LoadingState:46,PONTE_IMPRESE,PonteImprese,MIGRARE_IN_PONTEIMPRESE,,DEFINITIVA,logica applicativa o presentazionale,import del file,"Funzione operativa, identitaria o commerciale","export function LoadingState({ label = ""Caricamento…"" }: { label?: string }) {"
funzione,EmptyStatePanel,src/components/ui/states.tsx,EmptyStatePanel:56,PONTE_IMPRESE,PonteImprese,MIGRARE_IN_PONTEIMPRESE,,DEFINITIVA,logica applicativa o presentazionale,import del file,"Funzione operativa, identitaria o commerciale",export function EmptyStatePanel(props: StateProps) {
funzione,ErrorState,src/components/ui/states.tsx,ErrorState:60,PONTE_IMPRESE,PonteImprese,MIGRARE_IN_PONTEIMPRESE,,DEFINITIVA,logica applicativa o presentazionale,import del file,"Funzione operativa, identitaria o commerciale",export function ErrorState(props: StateProps) {
funzione,ForbiddenState,src/components/ui/states.tsx,ForbiddenState:64,PONTE_IMPRESE,PonteImprese,MIGRARE_IN_PONTEIMPRESE,,DEFINITIVA,logica applicativa o presentazionale,import del file,"Funzione operativa, identitaria o commerciale",export function ForbiddenState() {
funzione,UnauthenticatedState,src/components/ui/states.tsx,UnauthenticatedState:75,PONTE_IMPRESE,PonteImprese,MIGRARE_IN_PONTEIMPRESE,,DEFINITIVA,logica applicativa o presentazionale,import del file,"Funzione operativa, identitaria o commerciale",export function UnauthenticatedState() {
funzione,NotFoundState,src/components/ui/states.tsx,NotFoundState:86,PONTE_IMPRESE,PonteImprese,MIGRARE_IN_PONTEIMPRESE,,DEFINITIVA,logica applicativa o presentazionale,import del file,"Funzione operativa, identitaria o commerciale",export function NotFoundState() {
funzione,InlineLink,src/components/ui/states.tsx,InlineLink:97,PONTE_IMPRESE,PonteImprese,MIGRARE_IN_PONTEIMPRESE,,DEFINITIVA,logica applicativa o presentazionale,import del file,"Funzione operativa, identitaria o commerciale",export function InlineLink({
funzione,Button,src/components/ui/Button.tsx,Button:56,PONTE_IMPRESE,PonteImprese,MIGRARE_IN_PONTEIMPRESE,,DEFINITIVA,logica applicativa o presentazionale,import del file,"Funzione operativa, identitaria o commerciale",export function Button({
funzione,SectionIntro,src/components/ui/SectionIntro.tsx,SectionIntro:7,PONTE_IMPRESE,PonteImprese,MIGRARE_IN_PONTEIMPRESE,,DEFINITIVA,logica applicativa o presentazionale,import del file,"Funzione operativa, identitaria o commerciale",export function SectionIntro({
funzione,LinkPersonForm,src/components/app/admin/LinkPersonForm.tsx,LinkPersonForm:18,PONTE_IMPRESE,PonteImprese,MIGRARE_IN_PONTEIMPRESE,,DEFINITIVA,logica applicativa o presentazionale,import del file,"Funzione operativa, identitaria o commerciale","export function LinkPersonForm({ accountId, disabled = false }: LinkPersonFormProps) {"
funzione,Section,src/components/ui/Section.tsx,Section:14,PONTE_IMPRESE,PonteImprese,MIGRARE_IN_PONTEIMPRESE,,DEFINITIVA,logica applicativa o presentazionale,import del file,"Funzione operativa, identitaria o commerciale","export function Section({ children, className = """", id }: SectionProps) {"
funzione,CloseAccountForm,src/components/app/admin/CloseAccountForm.tsx,CloseAccountForm:17,PONTE_IMPRESE,PonteImprese,MIGRARE_IN_PONTEIMPRESE,,DEFINITIVA,logica applicativa o presentazionale,import del file,"Funzione operativa, identitaria o commerciale",export function CloseAccountForm({
funzione,EmptyState,src/components/ui/EmptyState.tsx,EmptyState:6,PONTE_IMPRESE,PonteImprese,MIGRARE_IN_PONTEIMPRESE,,DEFINITIVA,logica applicativa o presentazionale,import del file,"Funzione operativa, identitaria o commerciale",export function EmptyState({
funzione,Icon,src/components/ui/Icon.tsx,Icon:26,PONTE_IMPRESE,PonteImprese,MIGRARE_IN_PONTEIMPRESE,,DEFINITIVA,logica applicativa o presentazionale,import del file,"Funzione operativa, identitaria o commerciale","export function Icon({ name, className = ""h-5 w-5"", title }: IconProps) {"
funzione,AssignRoleForm,src/components/app/admin/AssignRoleForm.tsx,AssignRoleForm:23,PONTE_IMPRESE,PonteImprese,MIGRARE_IN_PONTEIMPRESE,,DEFINITIVA,logica applicativa o presentazionale,import del file,"Funzione operativa, identitaria o commerciale",export function AssignRoleForm({
funzione,DeleteAccountForm,src/components/app/DeleteAccountForm.tsx,DeleteAccountForm:23,PONTE_IMPRESE,PonteImprese,MIGRARE_IN_PONTEIMPRESE,,DEFINITIVA,logica applicativa o presentazionale,import del file,"Funzione operativa, identitaria o commerciale",export function DeleteAccountForm({
funzione,EditorialNav,src/components/app/EditorialNav.tsx,EditorialNav:21,CENTRO_STUDI,Immigrati Imprenditori - Centro Studi sull'Imprenditoria Migrante,MIGRARE_E_SCINDERE_LINK,API_READ_ONLY,DEFINITIVA,logica applicativa o presentazionale,import del file,Oggetto editoriale con possibili riferimenti commerciali,export function EditorialNav() {
funzione,EcosystemBanner,src/components/public/EcosystemBanner.tsx,EcosystemBanner:9,PONTE_IMPRESE,PonteImprese,MIGRARE_IN_PONTEIMPRESE,,DEFINITIVA,logica applicativa o presentazionale,import del file,"Funzione operativa, identitaria o commerciale",export function EcosystemBanner({
funzione,CreateBusinessForm,src/components/app/CreateBusinessForm.tsx,CreateBusinessForm:13,PONTE_IMPRESE,PonteImprese,MIGRARE_IN_PONTEIMPRESE,,DEFINITIVA,logica applicativa o presentazionale,import del file,"Funzione operativa, identitaria o commerciale",export function CreateBusinessForm() {
funzione,SectionPage,src/components/sections/SectionPage.tsx,SectionPage:9,PONTE_IMPRESE,PonteImprese,MIGRARE_IN_PONTEIMPRESE,,DEFINITIVA,logica applicativa o presentazionale,import del file,"Funzione operativa, identitaria o commerciale",export function SectionPage({
funzione,OnboardingForm,src/components/app/OnboardingForm.tsx,OnboardingForm:13,PONTE_IMPRESE,PonteImprese,MIGRARE_IN_PONTEIMPRESE,,DEFINITIVA,logica applicativa o presentazionale,import del file,"Funzione operativa, identitaria o commerciale",export function OnboardingForm({
funzione,BusinessSwitcher,src/components/app/BusinessSwitcher.tsx,BusinessSwitcher:11,PONTE_IMPRESE,PonteImprese,MIGRARE_IN_PONTEIMPRESE,,DEFINITIVA,logica applicativa o presentazionale,import del file,"Funzione operativa, identitaria o commerciale","export function BusinessSwitcher({ items, selectedBusinessId }: Props) {"
funzione,LegalDocumentPage,src/components/legal/LegalDocumentPage.tsx,LegalDocumentPage:13,PONTE_IMPRESE,PonteImprese,MIGRARE_E_RIVALUTARE,,DEFINITIVA,logica applicativa o presentazionale,import del file,Responsabilità legale legata ai dati operativi attuali,"export function LegalDocumentPage({ docId, title, description }: Props) {"
funzione,ProfileEditForm,src/components/app/ProfileEditForm.tsx,ProfileEditForm:24,PONTE_IMPRESE,PonteImprese,MIGRARE_IN_PONTEIMPRESE,,DEFINITIVA,logica applicativa o presentazionale,import del file,"Funzione operativa, identitaria o commerciale","export function ProfileEditForm({ profile, contact }: Props) {"
funzione,EditorialContentCreateForm,src/components/app/editorial/EditorialContentCreateForm.tsx,EditorialContentCreateForm:24,CENTRO_STUDI,Immigrati Imprenditori - Centro Studi sull'Imprenditoria Migrante,MIGRARE_E_SCINDERE_LINK,API_READ_ONLY,DEFINITIVA,logica applicativa o presentazionale,import del file,Oggetto editoriale con possibili riferimenti commerciali,export function EditorialContentCreateForm({
funzione,PersonNetworkContact,src/components/public/PersonNetworkContact.tsx,PersonNetworkContact:16,PONTE_IMPRESE,PonteImprese,MIGRARE_E_RIVALUTARE,,DEFINITIVA,logica applicativa o presentazionale,import del file,Responsabilità legale legata ai dati operativi attuali,export function PersonNetworkContact({
funzione,EditorialContentEditForm,src/components/app/editorial/EditorialContentEditForm.tsx,EditorialContentEditForm:29,CENTRO_STUDI,Immigrati Imprenditori - Centro Studi sull'Imprenditoria Migrante,MIGRARE_E_SCINDERE_LINK,API_READ_ONLY,DEFINITIVA,logica applicativa o presentazionale,import del file,Oggetto editoriale con possibili riferimenti commerciali,export function EditorialContentEditForm({
funzione,ReassignmentCasesPanel,src/components/app/ReassignmentCasesPanel.tsx,ReassignmentCasesPanel:79,PONTE_IMPRESE,PonteImprese,MIGRARE_IN_PONTEIMPRESE,,DEFINITIVA,logica applicativa o presentazionale,import del file,"Funzione operativa, identitaria o commerciale",export function ReassignmentCasesPanel({
funzione,MembershipGrantsPanel,src/components/app/MembershipGrantsPanel.tsx,MembershipGrantsPanel:110,PONTE_IMPRESE,PonteImprese,MIGRARE_IN_PONTEIMPRESE,,DEFINITIVA,logica applicativa o presentazionale,import del file,"Funzione operativa, identitaria o commerciale",export function MembershipGrantsPanel({
funzione,Container,src/components/ui/Container.tsx,Container:6,PONTE_IMPRESE,PonteImprese,MIGRARE_IN_PONTEIMPRESE,,DEFINITIVA,logica applicativa o presentazionale,import del file,"Funzione operativa, identitaria o commerciale","export function Container({ children, className = """" }: ContainerProps) {"
funzione,LegalMarkdown,src/components/legal/LegalMarkdown.tsx,LegalMarkdown:11,PONTE_IMPRESE,PonteImprese,MIGRARE_E_RIVALUTARE,,DEFINITIVA,logica applicativa o presentazionale,import del file,Responsabilità legale legata ai dati operativi attuali,export function LegalMarkdown({ markdown }: Props) {
funzione,PublicFilters,src/components/public/PublicFilters.tsx,PublicFilters:26,PONTE_IMPRESE,PonteImprese,MIGRARE_IN_PONTEIMPRESE,,DEFINITIVA,logica applicativa o presentazionale,import del file,"Funzione operativa, identitaria o commerciale",export function PublicFilters({
funzione,EditorialEventEditForm,src/components/app/editorial/EditorialEventEditForm.tsx,EditorialEventEditForm:25,CONDIVISO,Entrambi con dati separati,DUPLICARE_SCHEMA_O_ESTRARRE_MOTORE,SCHEMA_TEMPLATE_DUPLICATO,DEFINITIVA,logica applicativa o presentazionale,import del file,Eventi B2B e osservatorio separati per tassonomia e dati,export function EditorialEventEditForm({
funzione,PublicResultCard,src/components/public/PublicResultCard.tsx,PublicResultCard:14,PONTE_IMPRESE,PonteImprese,MIGRARE_IN_PONTEIMPRESE,,DEFINITIVA,logica applicativa o presentazionale,import del file,"Funzione operativa, identitaria o commerciale",export function PublicResultCard({
funzione,PublicPagination,src/components/public/PublicPagination.tsx,PublicPagination:12,PONTE_IMPRESE,PonteImprese,MIGRARE_IN_PONTEIMPRESE,,DEFINITIVA,logica applicativa o presentazionale,import del file,"Funzione operativa, identitaria o commerciale",export function PublicPagination({
funzione,PublicListLayout,src/components/public/PublicListLayout.tsx,PublicListLayout:31,PONTE_IMPRESE,PonteImprese,MIGRARE_IN_PONTEIMPRESE,,DEFINITIVA,logica applicativa o presentazionale,import del file,"Funzione operativa, identitaria o commerciale",export function PublicListLayout<T>({
funzione,EditorialLifecycleButtons,src/components/app/editorial/EditorialLifecycleButtons.tsx,EditorialLifecycleButtons:29,CENTRO_STUDI,Immigrati Imprenditori - Centro Studi sull'Imprenditoria Migrante,MIGRARE_E_SCINDERE_LINK,API_READ_ONLY,DEFINITIVA,logica applicativa o presentazionale,import del file,Oggetto editoriale con possibili riferimenti commerciali,export function EditorialLifecycleButtons({
funzione,PublicEmpty,src/components/public/PublicEmpty.tsx,PublicEmpty:8,PONTE_IMPRESE,PonteImprese,MIGRARE_IN_PONTEIMPRESE,,DEFINITIVA,logica applicativa o presentazionale,import del file,"Funzione operativa, identitaria o commerciale",export function PublicEmpty({
funzione,PublicPageHeader,src/components/public/PublicPageHeader.tsx,PublicPageHeader:8,PONTE_IMPRESE,PonteImprese,MIGRARE_IN_PONTEIMPRESE,,DEFINITIVA,logica applicativa o presentazionale,import del file,"Funzione operativa, identitaria o commerciale","export function PublicPageHeader({ title, description }: PublicPageHeaderProps) {"
funzione,EditorialMarketResourceActions,src/components/app/editorial/EditorialMarketResourceActions.tsx,EditorialMarketResourceActions:16,CENTRO_STUDI,Immigrati Imprenditori - Centro Studi sull'Imprenditoria Migrante,MIGRARE_E_SCINDERE_LINK,API_READ_ONLY,DEFINITIVA,logica applicativa o presentazionale,import del file,Oggetto editoriale con possibili riferimenti commerciali,export function EditorialMarketResourceActions({
funzione,IndicatorCreateForm,src/components/app/editorial/IndicatorForms.tsx,IndicatorCreateForm:41,CENTRO_STUDI,Immigrati Imprenditori - Centro Studi sull'Imprenditoria Migrante,MIGRARE_NELL_CENTRO_STUDI,,DEFINITIVA,logica applicativa o presentazionale,import del file,Finalità statistica o documentale,export function IndicatorCreateForm() {
funzione,IndicatorEditForm,src/components/app/editorial/IndicatorForms.tsx,IndicatorEditForm:90,CENTRO_STUDI,Immigrati Imprenditori - Centro Studi sull'Imprenditoria Migrante,MIGRARE_NELL_CENTRO_STUDI,,DEFINITIVA,logica applicativa o presentazionale,import del file,Finalità statistica o documentale,export function IndicatorEditForm({ indicator }: { indicator: ObservatoryIndicator }) {
funzione,ValueCreateForm,src/components/app/editorial/ValueForms.tsx,ValueCreateForm:41,CENTRO_STUDI,Immigrati Imprenditori - Centro Studi sull'Imprenditoria Migrante,MIGRARE_E_SCINDERE_LINK,API_READ_ONLY,DEFINITIVA,logica applicativa o presentazionale,import del file,Oggetto editoriale con possibili riferimenti commerciali,export function ValueCreateForm({
funzione,ValueReviseForm,src/components/app/editorial/ValueForms.tsx,ValueReviseForm:98,CENTRO_STUDI,Immigrati Imprenditori - Centro Studi sull'Imprenditoria Migrante,MIGRARE_E_SCINDERE_LINK,API_READ_ONLY,DEFINITIVA,logica applicativa o presentazionale,import del file,Oggetto editoriale con possibili riferimenti commerciali,export function ValueReviseForm({
funzione,SourceCreateForm,src/components/app/editorial/SourceForms.tsx,SourceCreateForm:23,CENTRO_STUDI,Immigrati Imprenditori - Centro Studi sull'Imprenditoria Migrante,MIGRARE_E_SCINDERE_LINK,API_READ_ONLY,DEFINITIVA,logica applicativa o presentazionale,import del file,Oggetto editoriale con possibili riferimenti commerciali,export function SourceCreateForm() {
funzione,SourceRowForm,src/components/app/editorial/SourceForms.tsx,SourceRowForm:43,CENTRO_STUDI,Immigrati Imprenditori - Centro Studi sull'Imprenditoria Migrante,MIGRARE_E_SCINDERE_LINK,API_READ_ONLY,DEFINITIVA,logica applicativa o presentazionale,import del file,Oggetto editoriale con possibili riferimenti commerciali,export function SourceRowForm({ source }: { source: ObservatorySource }) {
funzione,EditorialOpportunityEditForm,src/components/app/editorial/EditorialOpportunityEditForm.tsx,EditorialOpportunityEditForm:16,CENTRO_STUDI,Immigrati Imprenditori - Centro Studi sull'Imprenditoria Migrante,MIGRARE_E_SCINDERE_LINK,API_READ_ONLY,DEFINITIVA,logica applicativa o presentazionale,import del file,Oggetto editoriale con possibili riferimenti commerciali,export function EditorialOpportunityEditForm({
funzione,OrganizationCreateForm,src/components/app/editorial/OrganizationForms.tsx,OrganizationCreateForm:39,CENTRO_STUDI,Immigrati Imprenditori - Centro Studi sull'Imprenditoria Migrante,MIGRARE_E_SCINDERE_LINK,API_READ_ONLY,DEFINITIVA,logica applicativa o presentazionale,import del file,Oggetto editoriale con possibili riferimenti commerciali,"export function OrganizationCreateForm({ orgTypes, scopes }: CatalogProps) {"
funzione,OrganizationEditForm,src/components/app/editorial/OrganizationForms.tsx,OrganizationEditForm:74,CENTRO_STUDI,Immigrati Imprenditori - Centro Studi sull'Imprenditoria Migrante,MIGRARE_E_SCINDERE_LINK,API_READ_ONLY,DEFINITIVA,logica applicativa o presentazionale,import del file,Oggetto editoriale con possibili riferimenti commerciali,export function OrganizationEditForm({
funzione,RelatedLinks,src/components/public/RelatedLinks.tsx,RelatedLinks:18,PONTE_IMPRESE,PonteImprese,MIGRARE_IN_PONTEIMPRESE,,DEFINITIVA,logica applicativa o presentazionale,import del file,"Funzione operativa, identitaria o commerciale",export function RelatedLinks({ groups }: RelatedLinksProps) {
funzione,stripContentsAcquisitionTrailer,src/lib/contents/strip-acquisition-trailer.ts,stripContentsAcquisitionTrailer:8,CENTRO_STUDI,Immigrati Imprenditori - Centro Studi sull'Imprenditoria Migrante,MIGRARE_E_SCINDERE_LINK,API_READ_ONLY,DEFINITIVA,logica applicativa o presentazionale,import del file,Oggetto editoriale con possibili riferimenti commerciali,export function stripContentsAcquisitionTrailer(body: string): string {
funzione,extractContentsAcquisitionTrailer,src/lib/contents/strip-acquisition-trailer.ts,extractContentsAcquisitionTrailer:14,CENTRO_STUDI,Immigrati Imprenditori - Centro Studi sull'Imprenditoria Migrante,MIGRARE_E_SCINDERE_LINK,API_READ_ONLY,DEFINITIVA,logica applicativa o presentazionale,import del file,Oggetto editoriale con possibili riferimenti commerciali,export function extractContentsAcquisitionTrailer(
funzione,pickBusinessActUpdate,src/lib/business/whitelist.ts,pickBusinessActUpdate:6,CONDIVISO,Entrambi con versioni indipendenti,ESTRARRE_O_DUPLICARE,PACKAGE_VERSIONATO,DEFINITIVA,logica applicativa o presentazionale,import del file,Catalogo o utilità tecnica neutrale,export function pickBusinessActUpdate(
funzione,resolveSelectedBusinessId,src/lib/business/selection.ts,resolveSelectedBusinessId:3,PONTE_IMPRESE,PonteImprese,MIGRARE_IN_PONTEIMPRESE,,DEFINITIVA,logica applicativa o presentazionale,import del file,"Funzione operativa, identitaria o commerciale",export function resolveSelectedBusinessId(
funzione,getSelectedBusinessId,src/lib/business/selected-business.ts,getSelectedBusinessId:9,PONTE_IMPRESE,PonteImprese,MIGRARE_IN_PONTEIMPRESE,,DEFINITIVA,logica applicativa o presentazionale,import del file,"Funzione operativa, identitaria o commerciale",export async function getSelectedBusinessId(): Promise<string | null> {
funzione,setSelectedBusinessId,src/lib/business/selected-business.ts,setSelectedBusinessId:18,PONTE_IMPRESE,PonteImprese,MIGRARE_IN_PONTEIMPRESE,,DEFINITIVA,logica applicativa o presentazionale,import del file,"Funzione operativa, identitaria o commerciale",export async function setSelectedBusinessId(
funzione,bootstrapBusinessGrant,src/lib/data/rpc/business-management.ts,bootstrapBusinessGrant:8,PONTE_IMPRESE,PonteImprese,MIGRARE_IN_PONTEIMPRESE,,DEFINITIVA,logica applicativa o presentazionale,import del file,"Funzione operativa, identitaria o commerciale",export async function bootstrapBusinessGrant(
funzione,grantBusinessManagement,src/lib/data/rpc/business-management.ts,grantBusinessManagement:31,PONTE_IMPRESE,PonteImprese,MIGRARE_IN_PONTEIMPRESE,,DEFINITIVA,logica applicativa o presentazionale,import del file,"Funzione operativa, identitaria o commerciale",export async function grantBusinessManagement(
funzione,revokeBusinessManagement,src/lib/data/rpc/business-management.ts,revokeBusinessManagement:51,PONTE_IMPRESE,PonteImprese,MIGRARE_IN_PONTEIMPRESE,,DEFINITIVA,logica applicativa o presentazionale,import del file,"Funzione operativa, identitaria o commerciale",export async function revokeBusinessManagement(
funzione,deriveBusinessCapabilities,src/lib/business/capabilities.ts,deriveBusinessCapabilities:7,PONTE_IMPRESE,PonteImprese,MIGRARE_IN_PONTEIMPRESE,,DEFINITIVA,logica applicativa o presentazionale,import del file,"Funzione operativa, identitaria o commerciale",export function deriveBusinessCapabilities(input: {
funzione,labelForCapabilities,src/lib/business/capabilities.ts,labelForCapabilities:21,PONTE_IMPRESE,PonteImprese,MIGRARE_IN_PONTEIMPRESE,,DEFINITIVA,logica applicativa o presentazionale,import del file,"Funzione operativa, identitaria o commerciale",export function labelForCapabilities(caps: BusinessCapabilities): {
funzione,selectionDoesNotGrantAct,src/lib/business/capabilities.ts,selectionDoesNotGrantAct:35,PONTE_IMPRESE,PonteImprese,MIGRARE_IN_PONTEIMPRESE,,DEFINITIVA,logica applicativa o presentazionale,import del file,"Funzione operativa, identitaria o commerciale",export function selectionDoesNotGrantAct(params: {
funzione,selectBusinessAction,src/lib/business/actions.ts,selectBusinessAction:46,PONTE_IMPRESE,PonteImprese,MIGRARE_IN_PONTEIMPRESE,,DEFINITIVA,logica applicativa o presentazionale,import del file,"Funzione operativa, identitaria o commerciale",export async function selectBusinessAction(formData: FormData): Promise<void> {
funzione,createBusinessAction,src/lib/business/actions.ts,createBusinessAction:69,PONTE_IMPRESE,PonteImprese,MIGRARE_IN_PONTEIMPRESE,,DEFINITIVA,logica applicativa o presentazionale,import del file,"Funzione operativa, identitaria o commerciale",export async function createBusinessAction(
funzione,updateBusinessAction,src/lib/business/actions.ts,updateBusinessAction:98,CONDIVISO,Entrambi con versioni indipendenti,ESTRARRE_O_DUPLICARE,PACKAGE_VERSIONATO,DEFINITIVA,logica applicativa o presentazionale,import del file,Catalogo o utilità tecnica neutrale,export async function updateBusinessAction(
funzione,grantManagementAction,src/lib/business/actions.ts,grantManagementAction:134,PONTE_IMPRESE,PonteImprese,MIGRARE_IN_PONTEIMPRESE,,DEFINITIVA,logica applicativa o presentazionale,import del file,"Funzione operativa, identitaria o commerciale",export async function grantManagementAction(
funzione,revokeManagementAction,src/lib/business/actions.ts,revokeManagementAction:158,PONTE_IMPRESE,PonteImprese,MIGRARE_IN_PONTEIMPRESE,,DEFINITIVA,logica applicativa o presentazionale,import del file,"Funzione operativa, identitaria o commerciale",export async function revokeManagementAction(
funzione,bootstrapGrantAction,src/lib/business/actions.ts,bootstrapGrantAction:186,PONTE_IMPRESE,PonteImprese,MIGRARE_IN_PONTEIMPRESE,,DEFINITIVA,logica applicativa o presentazionale,import del file,"Funzione operativa, identitaria o commerciale",export async function bootstrapGrantAction(
funzione,concludeMembershipAction,src/lib/business/actions.ts,concludeMembershipAction:214,PONTE_IMPRESE,PonteImprese,MIGRARE_IN_PONTEIMPRESE,,DEFINITIVA,logica applicativa o presentazionale,import del file,"Funzione operativa, identitaria o commerciale",export async function concludeMembershipAction(
funzione,listPublicBusinesses,src/lib/data/public/businesses.ts,listPublicBusinesses:36,PONTE_IMPRESE,PonteImprese,MIGRARE_IN_PONTEIMPRESE,,DEFINITIVA,logica applicativa o presentazionale,import del file,"Funzione operativa, identitaria o commerciale",export async function listPublicBusinesses(
funzione,getPublicBusinessById,src/lib/data/public/businesses.ts,getPublicBusinessById:95,PONTE_IMPRESE,PonteImprese,MIGRARE_IN_PONTEIMPRESE,,DEFINITIVA,logica applicativa o presentazionale,import del file,"Funzione operativa, identitaria o commerciale",export async function getPublicBusinessById(
funzione,listHomeBusinesses,src/lib/data/public/businesses.ts,listHomeBusinesses:179,PONTE_IMPRESE,PonteImprese,MIGRARE_IN_PONTEIMPRESE,,DEFINITIVA,logica applicativa o presentazionale,import del file,"Funzione operativa, identitaria o commerciale",export async function listHomeBusinesses(limit = 3) {
funzione,listRoleAssignments,src/lib/data/admin/roles.ts,listRoleAssignments:22,PONTE_IMPRESE,PonteImprese,MIGRARE_IN_PONTEIMPRESE,,DEFINITIVA,logica applicativa o presentazionale,import del file,"Funzione operativa, identitaria o commerciale",export async function listRoleAssignments(
funzione,countActiveRolesByCode,src/lib/data/admin/roles.ts,countActiveRolesByCode:49,PONTE_IMPRESE,PonteImprese,MIGRARE_IN_PONTEIMPRESE,,DEFINITIVA,logica applicativa o presentazionale,import del file,"Funzione operativa, identitaria o commerciale",export async function countActiveRolesByCode(): Promise<RoleCountByCode> {
funzione,assignRole,src/lib/data/admin/roles.ts,assignRole:70,PONTE_IMPRESE,PonteImprese,MIGRARE_IN_PONTEIMPRESE,,DEFINITIVA,logica applicativa o presentazionale,import del file,"Funzione operativa, identitaria o commerciale",export async function assignRole(
funzione,revokeRole,src/lib/data/admin/roles.ts,revokeRole:96,PONTE_IMPRESE,PonteImprese,MIGRARE_IN_PONTEIMPRESE,,DEFINITIVA,logica applicativa o presentazionale,import del file,"Funzione operativa, identitaria o commerciale",export async function revokeRole(
funzione,listPendingReassignmentCases,src/lib/data/admin/reassignment.ts,listPendingReassignmentCases:14,PONTE_IMPRESE,PonteImprese,MIGRARE_IN_PONTEIMPRESE,,DEFINITIVA,logica applicativa o presentazionale,import del file,"Funzione operativa, identitaria o commerciale",export async function listPendingReassignmentCases(): Promise<
funzione,listEditorialOrganizations,src/lib/data/editorial/organizations.ts,listEditorialOrganizations:36,CENTRO_STUDI,Immigrati Imprenditori - Centro Studi sull'Imprenditoria Migrante,MIGRARE_E_SCINDERE_LINK,API_READ_ONLY,DEFINITIVA,logica applicativa o presentazionale,import del file,Oggetto editoriale con possibili riferimenti commerciali,export async function listEditorialOrganizations(): Promise<
funzione,getEditorialOrganizationById,src/lib/data/editorial/organizations.ts,getEditorialOrganizationById:48,CENTRO_STUDI,Immigrati Imprenditori - Centro Studi sull'Imprenditoria Migrante,MIGRARE_E_SCINDERE_LINK,API_READ_ONLY,DEFINITIVA,logica applicativa o presentazionale,import del file,Oggetto editoriale con possibili riferimenti commerciali,export async function getEditorialOrganizationById(
funzione,createEditorialOrganization,src/lib/data/editorial/organizations.ts,createEditorialOrganization:81,CENTRO_STUDI,Immigrati Imprenditori - Centro Studi sull'Imprenditoria Migrante,MIGRARE_E_SCINDERE_LINK,API_READ_ONLY,DEFINITIVA,logica applicativa o presentazionale,import del file,Oggetto editoriale con possibili riferimenti commerciali,export async function createEditorialOrganization(
funzione,updateEditorialOrganization,src/lib/data/editorial/organizations.ts,updateEditorialOrganization:113,CENTRO_STUDI,Immigrati Imprenditori - Centro Studi sull'Imprenditoria Migrante,MIGRARE_E_SCINDERE_LINK,API_READ_ONLY,DEFINITIVA,logica applicativa o presentazionale,import del file,Oggetto editoriale con possibili riferimenti commerciali,export async function updateEditorialOrganization(
funzione,publishEditorialOrganization,src/lib/data/editorial/organizations.ts,publishEditorialOrganization:163,CENTRO_STUDI,Immigrati Imprenditori - Centro Studi sull'Imprenditoria Migrante,MIGRARE_E_SCINDERE_LINK,API_READ_ONLY,DEFINITIVA,logica applicativa o presentazionale,import del file,Oggetto editoriale con possibili riferimenti commerciali,export async function publishEditorialOrganization(
funzione,withdrawEditorialOrganization,src/lib/data/editorial/organizations.ts,withdrawEditorialOrganization:185,CENTRO_STUDI,Immigrati Imprenditori - Centro Studi sull'Imprenditoria Migrante,MIGRARE_E_SCINDERE_LINK,API_READ_ONLY,DEFINITIVA,logica applicativa o presentazionale,import del file,Oggetto editoriale con possibili riferimenti commerciali,export async function withdrawEditorialOrganization(
funzione,listEditorialOrganizationOfficials,src/lib/data/editorial/organizations.ts,listEditorialOrganizationOfficials:222,CENTRO_STUDI,Immigrati Imprenditori - Centro Studi sull'Imprenditoria Migrante,MIGRARE_E_SCINDERE_LINK,API_READ_ONLY,DEFINITIVA,logica applicativa o presentazionale,import del file,Oggetto editoriale con possibili riferimenti commerciali,export async function listEditorialOrganizationOfficials(
funzione,addEditorialOrganizationOfficial,src/lib/data/editorial/organizations.ts,addEditorialOrganizationOfficial:244,CENTRO_STUDI,Immigrati Imprenditori - Centro Studi sull'Imprenditoria Migrante,MIGRARE_E_SCINDERE_LINK,API_READ_ONLY,DEFINITIVA,logica applicativa o presentazionale,import del file,Oggetto editoriale con possibili riferimenti commerciali,export async function addEditorialOrganizationOfficial(
funzione,getPublicSupabaseEnv,src/lib/env.ts,getPublicSupabaseEnv:12,CONDIVISO,Entrambi con implementazioni autonome,DUPLICAZIONE_CONTROLLATA,DUPLICAZIONE_CONTROLLATA,DEFINITIVA,logica applicativa o presentazionale,import del file,Fondazione tecnica neutrale,export function getPublicSupabaseEnv() {
funzione,getServiceRoleKey,src/lib/env.ts,getServiceRoleKey:26,PONTE_IMPRESE,PonteImprese,MIGRARE_IN_PONTEIMPRESE,,DEFINITIVA,logica applicativa o presentazionale,import del file,"Funzione operativa, identitaria o commerciale",export function getServiceRoleKey(): string {
funzione,getLegalSubjectHmacSecret,src/lib/env.ts,getLegalSubjectHmacSecret:40,PONTE_IMPRESE,PonteImprese,MIGRARE_E_RIVALUTARE,,DEFINITIVA,logica applicativa o presentazionale,import del file,Responsabilità legale legata ai dati operativi attuali,export function getLegalSubjectHmacSecret(): string {
funzione,getSiteUrl,src/lib/env.ts,getSiteUrl:54,PONTE_IMPRESE,PonteImprese,MIGRARE_IN_PONTEIMPRESE,,DEFINITIVA,logica applicativa o presentazionale,import del file,"Funzione operativa, identitaria o commerciale",export function getSiteUrl(): string {
funzione,linkPersonToAccount,src/lib/data/admin/link-person.ts,linkPersonToAccount:8,PONTE_IMPRESE,PonteImprese,MIGRARE_IN_PONTEIMPRESE,,DEFINITIVA,logica applicativa o presentazionale,import del file,"Funzione operativa, identitaria o commerciale",export async function linkPersonToAccount(params: {
funzione,listEditorialOpportunities,src/lib/data/editorial/opportunities.ts,listEditorialOpportunities:70,CENTRO_STUDI,Immigrati Imprenditori - Centro Studi sull'Imprenditoria Migrante,MIGRARE_E_SCINDERE_LINK,API_READ_ONLY,DEFINITIVA,logica applicativa o presentazionale,import del file,Oggetto editoriale con possibili riferimenti commerciali,export async function listEditorialOpportunities(
funzione,getEditorialOpportunityById,src/lib/data/editorial/opportunities.ts,getEditorialOpportunityById:185,CENTRO_STUDI,Immigrati Imprenditori - Centro Studi sull'Imprenditoria Migrante,MIGRARE_E_SCINDERE_LINK,API_READ_ONLY,DEFINITIVA,logica applicativa o presentazionale,import del file,Oggetto editoriale con possibili riferimenti commerciali,export async function getEditorialOpportunityById(
funzione,updateEditorialOpportunity,src/lib/data/editorial/opportunities.ts,updateEditorialOpportunity:248,CENTRO_STUDI,Immigrati Imprenditori - Centro Studi sull'Imprenditoria Migrante,MIGRARE_E_SCINDERE_LINK,API_READ_ONLY,DEFINITIVA,logica applicativa o presentazionale,import del file,Oggetto editoriale con possibili riferimenti commerciali,export async function updateEditorialOpportunity(
funzione,publishEditorialOpportunity,src/lib/data/editorial/opportunities.ts,publishEditorialOpportunity:267,CENTRO_STUDI,Immigrati Imprenditori - Centro Studi sull'Imprenditoria Migrante,MIGRARE_E_SCINDERE_LINK,API_READ_ONLY,DEFINITIVA,logica applicativa o presentazionale,import del file,Oggetto editoriale con possibili riferimenti commerciali,export async function publishEditorialOpportunity(
funzione,rejectEditorialOpportunity,src/lib/data/editorial/opportunities.ts,rejectEditorialOpportunity:288,CENTRO_STUDI,Immigrati Imprenditori - Centro Studi sull'Imprenditoria Migrante,MIGRARE_E_SCINDERE_LINK,API_READ_ONLY,DEFINITIVA,logica applicativa o presentazionale,import del file,Oggetto editoriale con possibili riferimenti commerciali,export async function rejectEditorialOpportunity(
funzione,withdrawEditorialOpportunity,src/lib/data/editorial/opportunities.ts,withdrawEditorialOpportunity:330,CENTRO_STUDI,Immigrati Imprenditori - Centro Studi sull'Imprenditoria Migrante,MIGRARE_E_SCINDERE_LINK,API_READ_ONLY,DEFINITIVA,logica applicativa o presentazionale,import del file,Oggetto editoriale con possibili riferimenti commerciali,export async function withdrawEditorialOpportunity(
funzione,createClient,src/lib/supabase/server.ts,createClient:6,CONDIVISO,Entrambi con implementazioni autonome,DUPLICAZIONE_CONTROLLATA,DUPLICAZIONE_CONTROLLATA,DEFINITIVA,logica applicativa o presentazionale,import del file,Fondazione tecnica neutrale,export async function createClient() {
funzione,safeRedirectPath,src/lib/auth/safe-redirect.ts,safeRedirectPath:4,CONDIVISO,Entrambi con implementazioni autonome,DUPLICAZIONE_CONTROLLATA,DUPLICAZIONE_CONTROLLATA,DEFINITIVA,logica applicativa o presentazionale,import del file,Fondazione tecnica neutrale,export function safeRedirectPath(
funzione,listAccounts,src/lib/data/admin/accounts.ts,listAccounts:127,PONTE_IMPRESE,PonteImprese,MIGRARE_IN_PONTEIMPRESE,,DEFINITIVA,logica applicativa o presentazionale,import del file,"Funzione operativa, identitaria o commerciale",export async function listAccounts(
funzione,getAccountById,src/lib/data/admin/accounts.ts,getAccountById:168,PONTE_IMPRESE,PonteImprese,MIGRARE_IN_PONTEIMPRESE,,DEFINITIVA,logica applicativa o presentazionale,import del file,"Funzione operativa, identitaria o commerciale",export async function getAccountById(
funzione,countAccountsByStatus,src/lib/data/admin/accounts.ts,countAccountsByStatus:187,PONTE_IMPRESE,PonteImprese,MIGRARE_IN_PONTEIMPRESE,,DEFINITIVA,logica applicativa o presentazionale,import del file,"Funzione operativa, identitaria o commerciale",export async function countAccountsByStatus(): Promise<AccountStatusCounts> {
funzione,closeAccount,src/lib/data/admin/accounts.ts,closeAccount:211,PONTE_IMPRESE,PonteImprese,MIGRARE_IN_PONTEIMPRESE,,DEFINITIVA,logica applicativa o presentazionale,import del file,"Funzione operativa, identitaria o commerciale",export async function closeAccount(
funzione,isNatureUnitCoherent,src/lib/data/editorial/observatory.ts,isNatureUnitCoherent:12,CENTRO_STUDI,Immigrati Imprenditori - Centro Studi sull'Imprenditoria Migrante,MIGRARE_NELL_CENTRO_STUDI,,DEFINITIVA,logica applicativa o presentazionale,import del file,Finalità statistica o documentale,export function isNatureUnitCoherent(
funzione,natureUnitError,src/lib/data/editorial/observatory.ts,natureUnitError:20,CENTRO_STUDI,Immigrati Imprenditori - Centro Studi sull'Imprenditoria Migrante,MIGRARE_NELL_CENTRO_STUDI,,DEFINITIVA,logica applicativa o presentazionale,import del file,Finalità statistica o documentale,export function natureUnitError(): AppError {
funzione,listObservatoryIndicators,src/lib/data/editorial/observatory.ts,listObservatoryIndicators:54,CENTRO_STUDI,Immigrati Imprenditori - Centro Studi sull'Imprenditoria Migrante,MIGRARE_NELL_CENTRO_STUDI,,DEFINITIVA,logica applicativa o presentazionale,import del file,Finalità statistica o documentale,export async function listObservatoryIndicators(): Promise<
funzione,getObservatoryIndicatorById,src/lib/data/editorial/observatory.ts,getObservatoryIndicatorById:66,CENTRO_STUDI,Immigrati Imprenditori - Centro Studi sull'Imprenditoria Migrante,MIGRARE_NELL_CENTRO_STUDI,,DEFINITIVA,logica applicativa o presentazionale,import del file,Finalità statistica o documentale,export async function getObservatoryIndicatorById(
funzione,createObservatoryIndicator,src/lib/data/editorial/observatory.ts,createObservatoryIndicator:91,CENTRO_STUDI,Immigrati Imprenditori - Centro Studi sull'Imprenditoria Migrante,MIGRARE_NELL_CENTRO_STUDI,,DEFINITIVA,logica applicativa o presentazionale,import del file,Finalità statistica o documentale,export async function createObservatoryIndicator(
funzione,updateObservatoryIndicator,src/lib/data/editorial/observatory.ts,updateObservatoryIndicator:122,CENTRO_STUDI,Immigrati Imprenditori - Centro Studi sull'Imprenditoria Migrante,MIGRARE_NELL_CENTRO_STUDI,,DEFINITIVA,logica applicativa o presentazionale,import del file,Finalità statistica o documentale,export async function updateObservatoryIndicator(
funzione,publishObservatoryIndicator,src/lib/data/editorial/observatory.ts,publishObservatoryIndicator:183,CENTRO_STUDI,Immigrati Imprenditori - Centro Studi sull'Imprenditoria Migrante,MIGRARE_NELL_CENTRO_STUDI,,DEFINITIVA,logica applicativa o presentazionale,import del file,Finalità statistica o documentale,export async function publishObservatoryIndicator(
funzione,withdrawObservatoryIndicator,src/lib/data/editorial/observatory.ts,withdrawObservatoryIndicator:216,CENTRO_STUDI,Immigrati Imprenditori - Centro Studi sull'Imprenditoria Migrante,MIGRARE_NELL_CENTRO_STUDI,,DEFINITIVA,logica applicativa o presentazionale,import del file,Finalità statistica o documentale,export async function withdrawObservatoryIndicator(
funzione,listObservatorySources,src/lib/data/editorial/observatory.ts,listObservatorySources:256,CENTRO_STUDI,Immigrati Imprenditori - Centro Studi sull'Imprenditoria Migrante,MIGRARE_NELL_CENTRO_STUDI,,DEFINITIVA,logica applicativa o presentazionale,import del file,Finalità statistica o documentale,export async function listObservatorySources(): Promise<ObservatorySource[]> {
funzione,getObservatorySourceById,src/lib/data/editorial/observatory.ts,getObservatorySourceById:266,CENTRO_STUDI,Immigrati Imprenditori - Centro Studi sull'Imprenditoria Migrante,MIGRARE_NELL_CENTRO_STUDI,,DEFINITIVA,logica applicativa o presentazionale,import del file,Finalità statistica o documentale,export async function getObservatorySourceById(
funzione,createObservatorySource,src/lib/data/editorial/observatory.ts,createObservatorySource:291,CENTRO_STUDI,Immigrati Imprenditori - Centro Studi sull'Imprenditoria Migrante,MIGRARE_NELL_CENTRO_STUDI,,DEFINITIVA,logica applicativa o presentazionale,import del file,Finalità statistica o documentale,export async function createObservatorySource(
funzione,updateObservatorySource,src/lib/data/editorial/observatory.ts,updateObservatorySource:318,CENTRO_STUDI,Immigrati Imprenditori - Centro Studi sull'Imprenditoria Migrante,MIGRARE_NELL_CENTRO_STUDI,,DEFINITIVA,logica applicativa o presentazionale,import del file,Finalità statistica o documentale,export async function updateObservatorySource(
funzione,listObservatoryIndicatorValues,src/lib/data/editorial/observatory.ts,listObservatoryIndicatorValues:388,CENTRO_STUDI,Immigrati Imprenditori - Centro Studi sull'Imprenditoria Migrante,MIGRARE_NELL_CENTRO_STUDI,,DEFINITIVA,logica applicativa o presentazionale,import del file,Finalità statistica o documentale,export async function listObservatoryIndicatorValues(
funzione,createObservatoryIndicatorValue,src/lib/data/editorial/observatory.ts,createObservatoryIndicatorValue:417,CENTRO_STUDI,Immigrati Imprenditori - Centro Studi sull'Imprenditoria Migrante,MIGRARE_NELL_CENTRO_STUDI,,DEFINITIVA,logica applicativa o presentazionale,import del file,Finalità statistica o documentale,export async function createObservatoryIndicatorValue(
funzione,reviseObservatoryIndicatorValue,src/lib/data/editorial/observatory.ts,reviseObservatoryIndicatorValue:447,CENTRO_STUDI,Immigrati Imprenditori - Centro Studi sull'Imprenditoria Migrante,MIGRARE_NELL_CENTRO_STUDI,,DEFINITIVA,logica applicativa o presentazionale,import del file,Finalità statistica o documentale,export async function reviseObservatoryIndicatorValue(
funzione,proxy,src/lib/supabase/security-boundary.test.ts,proxy:65,CONDIVISO,Entrambi con implementazioni autonome,DUPLICAZIONE_CONTROLLATA,DUPLICAZIONE_CONTROLLATA,DEFINITIVA,logica applicativa o presentazionale,import del file,Fondazione tecnica neutrale,"assert.match(proxySrc, /export async function proxy/);"
funzione,listPublicCollaborations,src/lib/data/public/collaborations.ts,listPublicCollaborations:77,PONTE_IMPRESE,PonteImprese,MIGRARE_IN_PONTEIMPRESE,,DEFINITIVA,logica applicativa o presentazionale,import del file,"Funzione operativa, identitaria o commerciale",export async function listPublicCollaborations(
funzione,getPublicCollaborationBySlug,src/lib/data/public/collaborations.ts,getPublicCollaborationBySlug:118,CONDIVISO,Entrambi con versioni indipendenti,ESTRARRE_O_DUPLICARE,PACKAGE_VERSIONATO,DEFINITIVA,logica applicativa o presentazionale,import del file,Catalogo o utilità tecnica neutrale,export async function getPublicCollaborationBySlug(
funzione,getPublicCollaborationById,src/lib/data/public/collaborations.ts,getPublicCollaborationById:133,PONTE_IMPRESE,PonteImprese,MIGRARE_IN_PONTEIMPRESE,,DEFINITIVA,logica applicativa o presentazionale,import del file,"Funzione operativa, identitaria o commerciale",export async function getPublicCollaborationById(
funzione,listHomeCollaborations,src/lib/data/public/collaborations.ts,listHomeCollaborations:148,PONTE_IMPRESE,PonteImprese,MIGRARE_IN_PONTEIMPRESE,,DEFINITIVA,logica applicativa o presentazionale,import del file,"Funzione operativa, identitaria o commerciale",export async function listHomeCollaborations(limit = 3) {
funzione,signInAction,src/lib/auth/actions.ts,signInAction:27,PONTE_IMPRESE,PonteImprese,MIGRARE_IN_PONTEIMPRESE,,DEFINITIVA,logica applicativa o presentazionale,import del file,"Funzione operativa, identitaria o commerciale",export async function signInAction(
funzione,signUpAction,src/lib/auth/actions.ts,signUpAction:72,PONTE_IMPRESE,PonteImprese,MIGRARE_IN_PONTEIMPRESE,,DEFINITIVA,logica applicativa o presentazionale,import del file,"Funzione operativa, identitaria o commerciale",export async function signUpAction(
funzione,signOutAction,src/lib/auth/actions.ts,signOutAction:148,PONTE_IMPRESE,PonteImprese,MIGRARE_IN_PONTEIMPRESE,,DEFINITIVA,logica applicativa o presentazionale,import del file,"Funzione operativa, identitaria o commerciale",export async function signOutAction(): Promise<void> {
funzione,completeOnboardingAction,src/lib/auth/actions.ts,completeOnboardingAction:154,PONTE_IMPRESE,PonteImprese,MIGRARE_IN_PONTEIMPRESE,,DEFINITIVA,logica applicativa o presentazionale,import del file,"Funzione operativa, identitaria o commerciale",export async function completeOnboardingAction(
funzione,updateSession,src/lib/supabase/middleware.ts,updateSession:9,CONDIVISO,Entrambi con versioni indipendenti,ESTRARRE_O_DUPLICARE,PACKAGE_VERSIONATO,DEFINITIVA,logica applicativa o presentazionale,import del file,Catalogo o utilità tecnica neutrale,export async function updateSession(request: NextRequest) {
funzione,listEditorialMarketResources,src/lib/data/editorial/markets.ts,listEditorialMarketResources:191,CENTRO_STUDI,Immigrati Imprenditori - Centro Studi sull'Imprenditoria Migrante,MIGRARE_E_SCINDERE_LINK,API_READ_ONLY,DEFINITIVA,logica applicativa o presentazionale,import del file,Oggetto editoriale con possibili riferimenti commerciali,export async function listEditorialMarketResources(params: {
funzione,getEditorialMarketResourceById,src/lib/data/editorial/markets.ts,getEditorialMarketResourceById:257,CENTRO_STUDI,Immigrati Imprenditori - Centro Studi sull'Imprenditoria Migrante,MIGRARE_E_SCINDERE_LINK,API_READ_ONLY,DEFINITIVA,logica applicativa o presentazionale,import del file,Oggetto editoriale con possibili riferimenti commerciali,export async function getEditorialMarketResourceById(
funzione,publishEditorialMarketResource,src/lib/data/editorial/markets.ts,publishEditorialMarketResource:279,CENTRO_STUDI,Immigrati Imprenditori - Centro Studi sull'Imprenditoria Migrante,MIGRARE_E_SCINDERE_LINK,API_READ_ONLY,DEFINITIVA,logica applicativa o presentazionale,import del file,Oggetto editoriale con possibili riferimenti commerciali,export async function publishEditorialMarketResource(
funzione,markQuestionableEditorialMarketResource,src/lib/data/editorial/markets.ts,markQuestionableEditorialMarketResource:322,CENTRO_STUDI,Immigrati Imprenditori - Centro Studi sull'Imprenditoria Migrante,MIGRARE_E_SCINDERE_LINK,API_READ_ONLY,DEFINITIVA,logica applicativa o presentazionale,import del file,Oggetto editoriale con possibili riferimenti commerciali,export async function markQuestionableEditorialMarketResource(
funzione,rejectEditorialMarketResource,src/lib/data/editorial/markets.ts,rejectEditorialMarketResource:339,CENTRO_STUDI,Immigrati Imprenditori - Centro Studi sull'Imprenditoria Migrante,MIGRARE_E_SCINDERE_LINK,API_READ_ONLY,DEFINITIVA,logica applicativa o presentazionale,import del file,Oggetto editoriale con possibili riferimenti commerciali,export async function rejectEditorialMarketResource(
funzione,withdrawEditorialMarketResource,src/lib/data/editorial/markets.ts,withdrawEditorialMarketResource:373,CENTRO_STUDI,Immigrati Imprenditori - Centro Studi sull'Imprenditoria Migrante,MIGRARE_E_SCINDERE_LINK,API_READ_ONLY,DEFINITIVA,logica applicativa o presentazionale,import del file,Oggetto editoriale con possibili riferimenti commerciali,export async function withdrawEditorialMarketResource(
funzione,createClient,src/lib/supabase/client.ts,createClient:5,CONDIVISO,Entrambi con implementazioni autonome,DUPLICAZIONE_CONTROLLATA,DUPLICAZIONE_CONTROLLATA,DEFINITIVA,logica applicativa o presentazionale,import del file,Fondazione tecnica neutrale,export function createClient() {
funzione,listPublicContents,src/lib/data/public/contents.ts,listPublicContents:110,CENTRO_STUDI,Immigrati Imprenditori - Centro Studi sull'Imprenditoria Migrante,MIGRARE_E_SCINDERE_LINK,API_READ_ONLY,DEFINITIVA,logica applicativa o presentazionale,import del file,Oggetto editoriale con possibili riferimenti commerciali,export async function listPublicContents(
funzione,getPublicContentBySlug,src/lib/data/public/contents.ts,getPublicContentBySlug:150,CENTRO_STUDI,Immigrati Imprenditori - Centro Studi sull'Imprenditoria Migrante,MIGRARE_E_SCINDERE_LINK,API_READ_ONLY,DEFINITIVA,logica applicativa o presentazionale,import del file,Oggetto editoriale con possibili riferimenti commerciali,export async function getPublicContentBySlug(
funzione,listHomeContents,src/lib/data/public/contents.ts,listHomeContents:171,CENTRO_STUDI,Immigrati Imprenditori - Centro Studi sull'Imprenditoria Migrante,MIGRARE_E_SCINDERE_LINK,API_READ_ONLY,DEFINITIVA,logica applicativa o presentazionale,import del file,Oggetto editoriale con possibili riferimenti commerciali,export async function listHomeContents(limit = 3) {
funzione,listEditorialEvents,src/lib/data/editorial/events.ts,listEditorialEvents:75,CONDIVISO,Entrambi con dati separati,DUPLICARE_SCHEMA_O_ESTRARRE_MOTORE,SCHEMA_TEMPLATE_DUPLICATO,DEFINITIVA,logica applicativa o presentazionale,import del file,Eventi B2B e osservatorio separati per tassonomia e dati,export async function listEditorialEvents(
funzione,getEditorialEventById,src/lib/data/editorial/events.ts,getEditorialEventById:130,CONDIVISO,Entrambi con dati separati,DUPLICARE_SCHEMA_O_ESTRARRE_MOTORE,SCHEMA_TEMPLATE_DUPLICATO,DEFINITIVA,logica applicativa o presentazionale,import del file,Eventi B2B e osservatorio separati per tassonomia e dati,export async function getEditorialEventById(
funzione,updateEditorialEvent,src/lib/data/editorial/events.ts,updateEditorialEvent:201,CONDIVISO,Entrambi con dati separati,DUPLICARE_SCHEMA_O_ESTRARRE_MOTORE,SCHEMA_TEMPLATE_DUPLICATO,DEFINITIVA,logica applicativa o presentazionale,import del file,Eventi B2B e osservatorio separati per tassonomia e dati,export async function updateEditorialEvent(
funzione,updateEditorialEventEdition,src/lib/data/editorial/events.ts,updateEditorialEventEdition:259,CONDIVISO,Entrambi con dati separati,DUPLICARE_SCHEMA_O_ESTRARRE_MOTORE,SCHEMA_TEMPLATE_DUPLICATO,DEFINITIVA,logica applicativa o presentazionale,import del file,Eventi B2B e osservatorio separati per tassonomia e dati,export async function updateEditorialEventEdition(
funzione,publishEditorialEvent,src/lib/data/editorial/events.ts,publishEditorialEvent:301,CONDIVISO,Entrambi con dati separati,DUPLICARE_SCHEMA_O_ESTRARRE_MOTORE,SCHEMA_TEMPLATE_DUPLICATO,DEFINITIVA,logica applicativa o presentazionale,import del file,Eventi B2B e osservatorio separati per tassonomia e dati,export async function publishEditorialEvent(
funzione,withdrawEditorialEvent,src/lib/data/editorial/events.ts,withdrawEditorialEvent:348,CONDIVISO,Entrambi con dati separati,DUPLICARE_SCHEMA_O_ESTRARRE_MOTORE,SCHEMA_TEMPLATE_DUPLICATO,DEFINITIVA,logica applicativa o presentazionale,import del file,Eventi B2B e osservatorio separati per tassonomia e dati,export async function withdrawEditorialEvent(
funzione,listPublicEvents,src/lib/data/public/events.ts,listPublicEvents:116,CONDIVISO,Entrambi con dati separati,DUPLICARE_SCHEMA_O_ESTRARRE_MOTORE,SCHEMA_TEMPLATE_DUPLICATO,DEFINITIVA,logica applicativa o presentazionale,import del file,Eventi B2B e osservatorio separati per tassonomia e dati,export async function listPublicEvents(
funzione,getPublicEventById,src/lib/data/public/events.ts,getPublicEventById:166,CONDIVISO,Entrambi con dati separati,DUPLICARE_SCHEMA_O_ESTRARRE_MOTORE,SCHEMA_TEMPLATE_DUPLICATO,DEFINITIVA,logica applicativa o presentazionale,import del file,Eventi B2B e osservatorio separati per tassonomia e dati,export async function getPublicEventById(
funzione,listHomeEvents,src/lib/data/public/events.ts,listHomeEvents:211,CONDIVISO,Entrambi con dati separati,DUPLICARE_SCHEMA_O_ESTRARRE_MOTORE,SCHEMA_TEMPLATE_DUPLICATO,DEFINITIVA,logica applicativa o presentazionale,import del file,Eventi B2B e osservatorio separati per tassonomia e dati,export async function listHomeEvents(limit = 3) {
funzione,createAdminClient,src/lib/supabase/admin.ts,createAdminClient:9,CONDIVISO,Entrambi con implementazioni autonome,DUPLICAZIONE_CONTROLLATA,DUPLICAZIONE_CONTROLLATA,DEFINITIVA,logica applicativa o presentazionale,import del file,Fondazione tecnica neutrale,export function createAdminClient() {
funzione,listEditorialContents,src/lib/data/editorial/contents.ts,listEditorialContents:51,CENTRO_STUDI,Immigrati Imprenditori - Centro Studi sull'Imprenditoria Migrante,MIGRARE_E_SCINDERE_LINK,API_READ_ONLY,DEFINITIVA,logica applicativa o presentazionale,import del file,Oggetto editoriale con possibili riferimenti commerciali,export async function listEditorialContents(
funzione,getEditorialContentById,src/lib/data/editorial/contents.ts,getEditorialContentById:87,CENTRO_STUDI,Immigrati Imprenditori - Centro Studi sull'Imprenditoria Migrante,MIGRARE_E_SCINDERE_LINK,API_READ_ONLY,DEFINITIVA,logica applicativa o presentazionale,import del file,Oggetto editoriale con possibili riferimenti commerciali,export async function getEditorialContentById(
funzione,createEditorialContent,src/lib/data/editorial/contents.ts,createEditorialContent:126,CENTRO_STUDI,Immigrati Imprenditori - Centro Studi sull'Imprenditoria Migrante,MIGRARE_E_SCINDERE_LINK,API_READ_ONLY,DEFINITIVA,logica applicativa o presentazionale,import del file,Oggetto editoriale con possibili riferimenti commerciali,export async function createEditorialContent(
funzione,updateEditorialContent,src/lib/data/editorial/contents.ts,updateEditorialContent:158,CENTRO_STUDI,Immigrati Imprenditori - Centro Studi sull'Imprenditoria Migrante,MIGRARE_E_SCINDERE_LINK,API_READ_ONLY,DEFINITIVA,logica applicativa o presentazionale,import del file,Oggetto editoriale con possibili riferimenti commerciali,export async function updateEditorialContent(
funzione,publishEditorialContent,src/lib/data/editorial/contents.ts,publishEditorialContent:217,CENTRO_STUDI,Immigrati Imprenditori - Centro Studi sull'Imprenditoria Migrante,MIGRARE_E_SCINDERE_LINK,API_READ_ONLY,DEFINITIVA,logica applicativa o presentazionale,import del file,Oggetto editoriale con possibili riferimenti commerciali,export async function publishEditorialContent(
funzione,withdrawEditorialContent,src/lib/data/editorial/contents.ts,withdrawEditorialContent:260,CENTRO_STUDI,Immigrati Imprenditori - Centro Studi sull'Imprenditoria Migrante,MIGRARE_E_SCINDERE_LINK,API_READ_ONLY,DEFINITIVA,logica applicativa o presentazionale,import del file,Oggetto editoriale con possibili riferimenti commerciali,export async function withdrawEditorialContent(
funzione,labelAccountStatus,src/lib/app/user-labels.ts,labelAccountStatus:4,PONTE_IMPRESE,PonteImprese,MIGRARE_IN_PONTEIMPRESE,,DEFINITIVA,logica applicativa o presentazionale,import del file,"Funzione operativa, identitaria o commerciale",export function labelAccountStatus(
funzione,labelPersonAssociation,src/lib/app/user-labels.ts,labelPersonAssociation:25,PONTE_IMPRESE,PonteImprese,MIGRARE_IN_PONTEIMPRESE,,DEFINITIVA,logica applicativa o presentazionale,import del file,"Funzione operativa, identitaria o commerciale",export function labelPersonAssociation(
funzione,labelProfileReady,src/lib/app/user-labels.ts,labelProfileReady:36,PONTE_IMPRESE,PonteImprese,MIGRARE_IN_PONTEIMPRESE,,DEFINITIVA,logica applicativa o presentazionale,import del file,"Funzione operativa, identitaria o commerciale",export function labelProfileReady(isActiveAccount: boolean): string {
funzione_arrow_o_costante,siteConfig,src/lib/site.ts,siteConfig:1,PONTE_IMPRESE,PonteImprese,MIGRARE_IN_PONTEIMPRESE,,DEFINITIVA,logica applicativa o presentazionale,import del file,"Funzione operativa, identitaria o commerciale",export const siteConfig = {
funzione_arrow_o_costante,CULTURAL_EVENT_TYPE_CODE,src/lib/data/public/culture.ts,CULTURAL_EVENT_TYPE_CODE:25,CONDIVISO,Entrambi con dati separati,DUPLICARE_SCHEMA_O_ESTRARRE_MOTORE,SCHEMA_TEMPLATE_DUPLICATO,DEFINITIVA,logica applicativa o presentazionale,import del file,Eventi B2B e osservatorio separati per tassonomia e dati,"export const CULTURAL_EVENT_TYPE_CODE = ""cultural"" as const;"
funzione_arrow_o_costante,CULTURE_PROFESSIONAL_CATEGORY_CODE,src/lib/data/public/culture.ts,CULTURE_PROFESSIONAL_CATEGORY_CODE:28,CENTRO_STUDI,Immigrati Imprenditori - Centro Studi sull'Imprenditoria Migrante,MIGRARE_NELL_CENTRO_STUDI,,DEFINITIVA,logica applicativa o presentazionale,import del file,Finalità culturale/editoriale,export const CULTURE_PROFESSIONAL_CATEGORY_CODE =
funzione_arrow_o_costante,CULTURE_PROFESSIONAL_CATEGORY_CODES,src/lib/data/public/culture.ts,CULTURE_PROFESSIONAL_CATEGORY_CODES:31,CENTRO_STUDI,Immigrati Imprenditori - Centro Studi sull'Imprenditoria Migrante,MIGRARE_NELL_CENTRO_STUDI,,DEFINITIVA,logica applicativa o presentazionale,import del file,Finalità culturale/editoriale,export const CULTURE_PROFESSIONAL_CATEGORY_CODES = [
funzione_arrow_o_costante,CULTURE_PROFESSIONAL_GROUP_CODE,src/lib/data/public/culture.ts,CULTURE_PROFESSIONAL_GROUP_CODE:42,CENTRO_STUDI,Immigrati Imprenditori - Centro Studi sull'Imprenditoria Migrante,MIGRARE_NELL_CENTRO_STUDI,,DEFINITIVA,logica applicativa o presentazionale,import del file,Finalità culturale/editoriale,"export const CULTURE_PROFESSIONAL_GROUP_CODE = ""cultural_creative"" as const;"
funzione_arrow_o_costante,CULTURE_ACTIVITY_SCOPE_CODES,src/lib/data/public/culture.ts,CULTURE_ACTIVITY_SCOPE_CODES:45,CENTRO_STUDI,Immigrati Imprenditori - Centro Studi sull'Imprenditoria Migrante,MIGRARE_NELL_CENTRO_STUDI,,DEFINITIVA,logica applicativa o presentazionale,import del file,Finalità culturale/editoriale,export const CULTURE_ACTIVITY_SCOPE_CODES = [
funzione_arrow_o_costante,CULTURE_BUSINESS_SECTOR_SLUGS,src/lib/data/public/culture.ts,CULTURE_BUSINESS_SECTOR_SLUGS:52,CONDIVISO,Entrambi con versioni indipendenti,ESTRARRE_O_DUPLICARE,PACKAGE_VERSIONATO,DEFINITIVA,logica applicativa o presentazionale,import del file,Catalogo o utilità tecnica neutrale,export const CULTURE_BUSINESS_SECTOR_SLUGS = [
funzione_arrow_o_costante,CULTURE_CONTENT_CATEGORY_CODE,src/lib/data/public/culture.ts,CULTURE_CONTENT_CATEGORY_CODE:63,CENTRO_STUDI,Immigrati Imprenditori - Centro Studi sull'Imprenditoria Migrante,MIGRARE_E_SCINDERE_LINK,API_READ_ONLY,DEFINITIVA,logica applicativa o presentazionale,import del file,Oggetto editoriale con possibili riferimenti commerciali,"export const CULTURE_CONTENT_CATEGORY_CODE = ""culture"" as const;"
funzione_arrow_o_costante,CULTURE_SERVICE_CATEGORY_CODE,src/lib/data/public/culture.ts,CULTURE_SERVICE_CATEGORY_CODE:64,CENTRO_STUDI,Immigrati Imprenditori - Centro Studi sull'Imprenditoria Migrante,MIGRARE_NELL_CENTRO_STUDI,,DEFINITIVA,logica applicativa o presentazionale,import del file,Finalità culturale/editoriale,"export const CULTURE_SERVICE_CATEGORY_CODE = ""cultural_creative"" as const;"
funzione,dedupeById,src/lib/data/public/culture.ts,dedupeById:106,CONDIVISO,Entrambi con versioni indipendenti,ESTRARRE_O_DUPLICARE,PACKAGE_VERSIONATO,DEFINITIVA,logica applicativa o presentazionale,import del file,Catalogo o utilità tecnica neutrale,export function dedupeById<T extends { id: string }>(items: readonly T[]): T[] {
funzione,isCulturalEventType,src/lib/data/public/culture.ts,isCulturalEventType:114,CONDIVISO,Entrambi con dati separati,DUPLICARE_SCHEMA_O_ESTRARRE_MOTORE,SCHEMA_TEMPLATE_DUPLICATO,DEFINITIVA,logica applicativa o presentazionale,import del file,Eventi B2B e osservatorio separati per tassonomia e dati,export function isCulturalEventType(typeCode: string | null | undefined): boolean {
funzione,isCultureActivityScope,src/lib/data/public/culture.ts,isCultureActivityScope:118,CENTRO_STUDI,Immigrati Imprenditori - Centro Studi sull'Imprenditoria Migrante,MIGRARE_NELL_CENTRO_STUDI,,DEFINITIVA,logica applicativa o presentazionale,import del file,Finalità culturale/editoriale,export function isCultureActivityScope(
funzione,isCultureProfessionalCategory,src/lib/data/public/culture.ts,isCultureProfessionalCategory:127,CENTRO_STUDI,Immigrati Imprenditori - Centro Studi sull'Imprenditoria Migrante,MIGRARE_NELL_CENTRO_STUDI,,DEFINITIVA,logica applicativa o presentazionale,import del file,Finalità culturale/editoriale,export function isCultureProfessionalCategory(
funzione,isCultureProfessionalGroup,src/lib/data/public/culture.ts,isCultureProfessionalGroup:138,CENTRO_STUDI,Immigrati Imprenditori - Centro Studi sull'Imprenditoria Migrante,MIGRARE_NELL_CENTRO_STUDI,,DEFINITIVA,logica applicativa o presentazionale,import del file,Finalità culturale/editoriale,export function isCultureProfessionalGroup(
funzione,isCultureOpportunity,src/lib/data/public/culture.ts,isCultureOpportunity:145,CENTRO_STUDI,Immigrati Imprenditori - Centro Studi sull'Imprenditoria Migrante,MIGRARE_NELL_CENTRO_STUDI,,DEFINITIVA,logica applicativa o presentazionale,import del file,Finalità culturale/editoriale,export function isCultureOpportunity(input: {
funzione,isCultureLinkedOpportunity,src/lib/data/public/culture.ts,isCultureLinkedOpportunity:153,CENTRO_STUDI,Immigrati Imprenditori - Centro Studi sull'Imprenditoria Migrante,MIGRARE_NELL_CENTRO_STUDI,,DEFINITIVA,logica applicativa o presentazionale,import del file,Finalità culturale/editoriale,export function isCultureLinkedOpportunity(input: {
funzione,isCultureContent,src/lib/data/public/culture.ts,isCultureContent:166,CENTRO_STUDI,Immigrati Imprenditori - Centro Studi sull'Imprenditoria Migrante,MIGRARE_E_SCINDERE_LINK,API_READ_ONLY,DEFINITIVA,logica applicativa o presentazionale,import del file,Oggetto editoriale con possibili riferimenti commerciali,export function isCultureContent(input: {
funzione,isCultureLinkedContent,src/lib/data/public/culture.ts,isCultureLinkedContent:175,CENTRO_STUDI,Immigrati Imprenditori - Centro Studi sull'Imprenditoria Migrante,MIGRARE_E_SCINDERE_LINK,API_READ_ONLY,DEFINITIVA,logica applicativa o presentazionale,import del file,Oggetto editoriale con possibili riferimenti commerciali,export function isCultureLinkedContent(input: {
funzione,isCultureLinkedMarket,src/lib/data/public/culture.ts,isCultureLinkedMarket:182,CENTRO_STUDI,Immigrati Imprenditori - Centro Studi sull'Imprenditoria Migrante,MIGRARE_NELL_CENTRO_STUDI,,DEFINITIVA,logica applicativa o presentazionale,import del file,Finalità culturale/editoriale,export function isCultureLinkedMarket(input: {
funzione,isCultureClassifiedOrganization,src/lib/data/public/culture.ts,isCultureClassifiedOrganization:189,CONDIVISO,Entrambi con record separati,DUPLICARE_SCHEMA_E_STABILIRE_OWNER,SCHEMA_TEMPLATE_DUPLICATO,DEFINITIVA,logica applicativa o presentazionale,import del file,Organizzazioni con finalità B2B o ricerca,export function isCultureClassifiedOrganization(input: {
funzione,isCultureClassifiedBusiness,src/lib/data/public/culture.ts,isCultureClassifiedBusiness:198,CENTRO_STUDI,Immigrati Imprenditori - Centro Studi sull'Imprenditoria Migrante,MIGRARE_NELL_CENTRO_STUDI,,DEFINITIVA,logica applicativa o presentazionale,import del file,Finalità culturale/editoriale,export function isCultureClassifiedBusiness(input: {
funzione,isCultureClassifiedCollaboration,src/lib/data/public/culture.ts,isCultureClassifiedCollaboration:209,CENTRO_STUDI,Immigrati Imprenditori - Centro Studi sull'Imprenditoria Migrante,MIGRARE_NELL_CENTRO_STUDI,,DEFINITIVA,logica applicativa o presentazionale,import del file,Finalità culturale/editoriale,export function isCultureClassifiedCollaboration(input: {
funzione,isCultureClassifiedService,src/lib/data/public/culture.ts,isCultureClassifiedService:218,CENTRO_STUDI,Immigrati Imprenditori - Centro Studi sull'Imprenditoria Migrante,MIGRARE_NELL_CENTRO_STUDI,,DEFINITIVA,logica applicativa o presentazionale,import del file,Finalità culturale/editoriale,export function isCultureClassifiedService(input: {
funzione,listUpcomingCulturalEvents,src/lib/data/public/culture.ts,listUpcomingCulturalEvents:353,CONDIVISO,Entrambi con dati separati,DUPLICARE_SCHEMA_O_ESTRARRE_MOTORE,SCHEMA_TEMPLATE_DUPLICATO,DEFINITIVA,logica applicativa o presentazionale,import del file,Eventi B2B e osservatorio separati per tassonomia e dati,export async function listUpcomingCulturalEvents(
funzione,listCultureOpportunities,src/lib/data/public/culture.ts,listCultureOpportunities:381,CENTRO_STUDI,Immigrati Imprenditori - Centro Studi sull'Imprenditoria Migrante,MIGRARE_NELL_CENTRO_STUDI,,DEFINITIVA,logica applicativa o presentazionale,import del file,Finalità culturale/editoriale,export async function listCultureOpportunities(
funzione,listCultureLinkedOpportunities,src/lib/data/public/culture.ts,listCultureLinkedOpportunities:409,CENTRO_STUDI,Immigrati Imprenditori - Centro Studi sull'Imprenditoria Migrante,MIGRARE_NELL_CENTRO_STUDI,,DEFINITIVA,logica applicativa o presentazionale,import del file,Finalità culturale/editoriale,export async function listCultureLinkedOpportunities(
funzione,listCultureProfessionals,src/lib/data/public/culture.ts,listCultureProfessionals:415,CENTRO_STUDI,Immigrati Imprenditori - Centro Studi sull'Imprenditoria Migrante,MIGRARE_NELL_CENTRO_STUDI,,DEFINITIVA,logica applicativa o presentazionale,import del file,Finalità culturale/editoriale,export async function listCultureProfessionals(
funzione,listCultureOrganizations,src/lib/data/public/culture.ts,listCultureOrganizations:449,CONDIVISO,Entrambi con record separati,DUPLICARE_SCHEMA_E_STABILIRE_OWNER,SCHEMA_TEMPLATE_DUPLICATO,DEFINITIVA,logica applicativa o presentazionale,import del file,Organizzazioni con finalità B2B o ricerca,export async function listCultureOrganizations(
funzione,listCultureBusinesses,src/lib/data/public/culture.ts,listCultureBusinesses:464,CENTRO_STUDI,Immigrati Imprenditori - Centro Studi sull'Imprenditoria Migrante,MIGRARE_NELL_CENTRO_STUDI,,DEFINITIVA,logica applicativa o presentazionale,import del file,Finalità culturale/editoriale,export async function listCultureBusinesses(
funzione,listCultureCollaborations,src/lib/data/public/culture.ts,listCultureCollaborations:502,CENTRO_STUDI,Immigrati Imprenditori - Centro Studi sull'Imprenditoria Migrante,MIGRARE_NELL_CENTRO_STUDI,,DEFINITIVA,logica applicativa o presentazionale,import del file,Finalità culturale/editoriale,export async function listCultureCollaborations(
funzione,listCultureServiceOffers,src/lib/data/public/culture.ts,listCultureServiceOffers:518,CENTRO_STUDI,Immigrati Imprenditori - Centro Studi sull'Imprenditoria Migrante,MIGRARE_NELL_CENTRO_STUDI,,DEFINITIVA,logica applicativa o presentazionale,import del file,Finalità culturale/editoriale,export async function listCultureServiceOffers(
funzione,listCultureServiceRequests,src/lib/data/public/culture.ts,listCultureServiceRequests:533,CENTRO_STUDI,Immigrati Imprenditori - Centro Studi sull'Imprenditoria Migrante,MIGRARE_NELL_CENTRO_STUDI,,DEFINITIVA,logica applicativa o presentazionale,import del file,Finalità culturale/editoriale,export async function listCultureServiceRequests(
funzione,listCultureContents,src/lib/data/public/culture.ts,listCultureContents:548,CENTRO_STUDI,Immigrati Imprenditori - Centro Studi sull'Imprenditoria Migrante,MIGRARE_E_SCINDERE_LINK,API_READ_ONLY,DEFINITIVA,logica applicativa o presentazionale,import del file,Oggetto editoriale con possibili riferimenti commerciali,export async function listCultureContents(
funzione,listCultureLinkedContents,src/lib/data/public/culture.ts,listCultureLinkedContents:607,CENTRO_STUDI,Immigrati Imprenditori - Centro Studi sull'Imprenditoria Migrante,MIGRARE_E_SCINDERE_LINK,API_READ_ONLY,DEFINITIVA,logica applicativa o presentazionale,import del file,Oggetto editoriale con possibili riferimenti commerciali,export async function listCultureLinkedContents(
funzione,listCultureLinkedMarkets,src/lib/data/public/culture.ts,listCultureLinkedMarkets:613,CENTRO_STUDI,Immigrati Imprenditori - Centro Studi sull'Imprenditoria Migrante,MIGRARE_NELL_CENTRO_STUDI,,DEFINITIVA,logica applicativa o presentazionale,import del file,Finalità culturale/editoriale,export async function listCultureLinkedMarkets(
funzione,opportunityQualifiesForCultureHub,src/lib/data/public/culture.ts,opportunityQualifiesForCultureHub:659,CENTRO_STUDI,Immigrati Imprenditori - Centro Studi sull'Imprenditoria Migrante,MIGRARE_NELL_CENTRO_STUDI,,DEFINITIVA,logica applicativa o presentazionale,import del file,Finalità culturale/editoriale,export async function opportunityQualifiesForCultureHub(
funzione,contentQualifiesForCultureHub,src/lib/data/public/culture.ts,contentQualifiesForCultureHub:682,CENTRO_STUDI,Immigrati Imprenditori - Centro Studi sull'Imprenditoria Migrante,MIGRARE_E_SCINDERE_LINK,API_READ_ONLY,DEFINITIVA,logica applicativa o presentazionale,import del file,Oggetto editoriale con possibili riferimenti commerciali,export async function contentQualifiesForCultureHub(input: {
funzione,loadCultureHub,src/lib/data/public/culture.ts,loadCultureHub:700,CENTRO_STUDI,Immigrati Imprenditori - Centro Studi sull'Imprenditoria Migrante,MIGRARE_NELL_CENTRO_STUDI,,DEFINITIVA,logica applicativa o presentazionale,import del file,Finalità culturale/editoriale,export async function loadCultureHub(): Promise<CultureHubBundle> {
funzione,listActiveContentTypes,src/lib/data/editorial/catalogs.ts,listActiveContentTypes:5,CENTRO_STUDI,Immigrati Imprenditori - Centro Studi sull'Imprenditoria Migrante,MIGRARE_E_SCINDERE_LINK,API_READ_ONLY,DEFINITIVA,logica applicativa o presentazionale,import del file,Oggetto editoriale con possibili riferimenti commerciali,export async function listActiveContentTypes(): Promise<CatalogOption[]> {
funzione,listActiveContentCategories,src/lib/data/editorial/catalogs.ts,listActiveContentCategories:15,CENTRO_STUDI,Immigrati Imprenditori - Centro Studi sull'Imprenditoria Migrante,MIGRARE_E_SCINDERE_LINK,API_READ_ONLY,DEFINITIVA,logica applicativa o presentazionale,import del file,Oggetto editoriale con possibili riferimenti commerciali,export async function listActiveContentCategories(): Promise<CatalogOption[]> {
funzione,listActiveLanguages,src/lib/data/editorial/catalogs.ts,listActiveLanguages:25,CENTRO_STUDI,Immigrati Imprenditori - Centro Studi sull'Imprenditoria Migrante,MIGRARE_E_SCINDERE_LINK,API_READ_ONLY,DEFINITIVA,logica applicativa o presentazionale,import del file,Oggetto editoriale con possibili riferimenti commerciali,export async function listActiveLanguages(): Promise<
funzione,getDefaultLanguageId,src/lib/data/editorial/catalogs.ts,getDefaultLanguageId:41,CENTRO_STUDI,Immigrati Imprenditori - Centro Studi sull'Imprenditoria Migrante,MIGRARE_E_SCINDERE_LINK,API_READ_ONLY,DEFINITIVA,logica applicativa o presentazionale,import del file,Oggetto editoriale con possibili riferimenti commerciali,export async function getDefaultLanguageId(): Promise<number | null> {
funzione,listActiveOrganizationTypes,src/lib/data/editorial/catalogs.ts,listActiveOrganizationTypes:52,CENTRO_STUDI,Immigrati Imprenditori - Centro Studi sull'Imprenditoria Migrante,MIGRARE_E_SCINDERE_LINK,API_READ_ONLY,DEFINITIVA,logica applicativa o presentazionale,import del file,Oggetto editoriale con possibili riferimenti commerciali,export async function listActiveOrganizationTypes(): Promise<CatalogOption[]> {
funzione,listActiveOrganizationScopes,src/lib/data/editorial/catalogs.ts,listActiveOrganizationScopes:62,CENTRO_STUDI,Immigrati Imprenditori - Centro Studi sull'Imprenditoria Migrante,MIGRARE_E_SCINDERE_LINK,API_READ_ONLY,DEFINITIVA,logica applicativa o presentazionale,import del file,Oggetto editoriale con possibili riferimenti commerciali,export async function listActiveOrganizationScopes(): Promise<CatalogOption[]> {
funzione,listActiveEventTypes,src/lib/data/editorial/catalogs.ts,listActiveEventTypes:72,CONDIVISO,Entrambi con dati separati,DUPLICARE_SCHEMA_O_ESTRARRE_MOTORE,SCHEMA_TEMPLATE_DUPLICATO,DEFINITIVA,logica applicativa o presentazionale,import del file,Eventi B2B e osservatorio separati per tassonomia e dati,export async function listActiveEventTypes(): Promise<CatalogOption[]> {
funzione,resolveBusinessReassignmentAction,src/lib/admin/reassignment-actions.ts,resolveBusinessReassignmentAction:27,PONTE_IMPRESE,PonteImprese,MIGRARE_IN_PONTEIMPRESE,,DEFINITIVA,logica applicativa o presentazionale,import del file,"Funzione operativa, identitaria o commerciale",export async function resolveBusinessReassignmentAction(
funzione,resolveOrganizationReassignmentAction,src/lib/admin/reassignment-actions.ts,resolveOrganizationReassignmentAction:62,CONDIVISO,Entrambi con record separati,DUPLICARE_SCHEMA_E_STABILIRE_OWNER,SCHEMA_TEMPLATE_DUPLICATO,DEFINITIVA,logica applicativa o presentazionale,import del file,Organizzazioni con finalità B2B o ricerca,export async function resolveOrganizationReassignmentAction(
funzione,createEditorialContentAction,src/lib/editorial/actions.ts,createEditorialContentAction:92,CENTRO_STUDI,Immigrati Imprenditori - Centro Studi sull'Imprenditoria Migrante,MIGRARE_E_SCINDERE_LINK,API_READ_ONLY,DEFINITIVA,logica applicativa o presentazionale,import del file,Oggetto editoriale con possibili riferimenti commerciali,export async function createEditorialContentAction(
funzione,updateEditorialContentAction,src/lib/editorial/actions.ts,updateEditorialContentAction:165,CENTRO_STUDI,Immigrati Imprenditori - Centro Studi sull'Imprenditoria Migrante,MIGRARE_E_SCINDERE_LINK,API_READ_ONLY,DEFINITIVA,logica applicativa o presentazionale,import del file,Oggetto editoriale con possibili riferimenti commerciali,export async function updateEditorialContentAction(
funzione,publishEditorialContentAction,src/lib/editorial/actions.ts,publishEditorialContentAction:200,CENTRO_STUDI,Immigrati Imprenditori - Centro Studi sull'Imprenditoria Migrante,MIGRARE_E_SCINDERE_LINK,API_READ_ONLY,DEFINITIVA,logica applicativa o presentazionale,import del file,Oggetto editoriale con possibili riferimenti commerciali,export async function publishEditorialContentAction(
funzione,withdrawEditorialContentAction,src/lib/editorial/actions.ts,withdrawEditorialContentAction:226,CENTRO_STUDI,Immigrati Imprenditori - Centro Studi sull'Imprenditoria Migrante,MIGRARE_E_SCINDERE_LINK,API_READ_ONLY,DEFINITIVA,logica applicativa o presentazionale,import del file,Oggetto editoriale con possibili riferimenti commerciali,export async function withdrawEditorialContentAction(
funzione,createIndicatorAction,src/lib/editorial/actions.ts,createIndicatorAction:248,CENTRO_STUDI,Immigrati Imprenditori - Centro Studi sull'Imprenditoria Migrante,MIGRARE_NELL_CENTRO_STUDI,,DEFINITIVA,logica applicativa o presentazionale,import del file,Finalità statistica o documentale,export async function createIndicatorAction(
funzione,updateIndicatorAction,src/lib/editorial/actions.ts,updateIndicatorAction:278,CENTRO_STUDI,Immigrati Imprenditori - Centro Studi sull'Imprenditoria Migrante,MIGRARE_NELL_CENTRO_STUDI,,DEFINITIVA,logica applicativa o presentazionale,import del file,Finalità statistica o documentale,export async function updateIndicatorAction(
funzione,publishIndicatorAction,src/lib/editorial/actions.ts,publishIndicatorAction:307,CENTRO_STUDI,Immigrati Imprenditori - Centro Studi sull'Imprenditoria Migrante,MIGRARE_NELL_CENTRO_STUDI,,DEFINITIVA,logica applicativa o presentazionale,import del file,Finalità statistica o documentale,export async function publishIndicatorAction(
funzione,withdrawIndicatorAction,src/lib/editorial/actions.ts,withdrawIndicatorAction:323,CENTRO_STUDI,Immigrati Imprenditori - Centro Studi sull'Imprenditoria Migrante,MIGRARE_NELL_CENTRO_STUDI,,DEFINITIVA,logica applicativa o presentazionale,import del file,Finalità statistica o documentale,export async function withdrawIndicatorAction(
funzione,createSourceAction,src/lib/editorial/actions.ts,createSourceAction:343,CENTRO_STUDI,Immigrati Imprenditori - Centro Studi sull'Imprenditoria Migrante,MIGRARE_E_SCINDERE_LINK,API_READ_ONLY,DEFINITIVA,logica applicativa o presentazionale,import del file,Oggetto editoriale con possibili riferimenti commerciali,export async function createSourceAction(
funzione,updateSourceAction,src/lib/editorial/actions.ts,updateSourceAction:364,CENTRO_STUDI,Immigrati Imprenditori - Centro Studi sull'Imprenditoria Migrante,MIGRARE_E_SCINDERE_LINK,API_READ_ONLY,DEFINITIVA,logica applicativa o presentazionale,import del file,Oggetto editoriale con possibili riferimenti commerciali,export async function updateSourceAction(
funzione,createValueAction,src/lib/editorial/actions.ts,createValueAction:389,CENTRO_STUDI,Immigrati Imprenditori - Centro Studi sull'Imprenditoria Migrante,MIGRARE_E_SCINDERE_LINK,API_READ_ONLY,DEFINITIVA,logica applicativa o presentazionale,import del file,Oggetto editoriale con possibili riferimenti commerciali,export async function createValueAction(
funzione,reviseValueAction,src/lib/editorial/actions.ts,reviseValueAction:421,CENTRO_STUDI,Immigrati Imprenditori - Centro Studi sull'Imprenditoria Migrante,MIGRARE_E_SCINDERE_LINK,API_READ_ONLY,DEFINITIVA,logica applicativa o presentazionale,import del file,Oggetto editoriale con possibili riferimenti commerciali,export async function reviseValueAction(
funzione,createOrganizationAction,src/lib/editorial/actions.ts,createOrganizationAction:458,CENTRO_STUDI,Immigrati Imprenditori - Centro Studi sull'Imprenditoria Migrante,MIGRARE_E_SCINDERE_LINK,API_READ_ONLY,DEFINITIVA,logica applicativa o presentazionale,import del file,Oggetto editoriale con possibili riferimenti commerciali,export async function createOrganizationAction(
funzione,updateOrganizationAction,src/lib/editorial/actions.ts,updateOrganizationAction:487,CENTRO_STUDI,Immigrati Imprenditori - Centro Studi sull'Imprenditoria Migrante,MIGRARE_E_SCINDERE_LINK,API_READ_ONLY,DEFINITIVA,logica applicativa o presentazionale,import del file,Oggetto editoriale con possibili riferimenti commerciali,export async function updateOrganizationAction(
funzione,publishOrganizationAction,src/lib/editorial/actions.ts,publishOrganizationAction:516,CENTRO_STUDI,Immigrati Imprenditori - Centro Studi sull'Imprenditoria Migrante,MIGRARE_E_SCINDERE_LINK,API_READ_ONLY,DEFINITIVA,logica applicativa o presentazionale,import del file,Oggetto editoriale con possibili riferimenti commerciali,export async function publishOrganizationAction(
funzione,withdrawOrganizationAction,src/lib/editorial/actions.ts,withdrawOrganizationAction:532,CENTRO_STUDI,Immigrati Imprenditori - Centro Studi sull'Imprenditoria Migrante,MIGRARE_E_SCINDERE_LINK,API_READ_ONLY,DEFINITIVA,logica applicativa o presentazionale,import del file,Oggetto editoriale con possibili riferimenti commerciali,export async function withdrawOrganizationAction(
funzione,addOrganizationOfficialAction,src/lib/editorial/actions.ts,addOrganizationOfficialAction:548,CENTRO_STUDI,Immigrati Imprenditori - Centro Studi sull'Imprenditoria Migrante,MIGRARE_E_SCINDERE_LINK,API_READ_ONLY,DEFINITIVA,logica applicativa o presentazionale,import del file,Oggetto editoriale con possibili riferimenti commerciali,export async function addOrganizationOfficialAction(
funzione,updateEditorialOpportunityAction,src/lib/editorial/actions.ts,updateEditorialOpportunityAction:574,CENTRO_STUDI,Immigrati Imprenditori - Centro Studi sull'Imprenditoria Migrante,MIGRARE_E_SCINDERE_LINK,API_READ_ONLY,DEFINITIVA,logica applicativa o presentazionale,import del file,Oggetto editoriale con possibili riferimenti commerciali,export async function updateEditorialOpportunityAction(
funzione,publishEditorialOpportunityAction,src/lib/editorial/actions.ts,publishEditorialOpportunityAction:596,CENTRO_STUDI,Immigrati Imprenditori - Centro Studi sull'Imprenditoria Migrante,MIGRARE_E_SCINDERE_LINK,API_READ_ONLY,DEFINITIVA,logica applicativa o presentazionale,import del file,Oggetto editoriale con possibili riferimenti commerciali,export async function publishEditorialOpportunityAction(
funzione,withdrawEditorialOpportunityAction,src/lib/editorial/actions.ts,withdrawEditorialOpportunityAction:615,CENTRO_STUDI,Immigrati Imprenditori - Centro Studi sull'Imprenditoria Migrante,MIGRARE_E_SCINDERE_LINK,API_READ_ONLY,DEFINITIVA,logica applicativa o presentazionale,import del file,Oggetto editoriale con possibili riferimenti commerciali,export async function withdrawEditorialOpportunityAction(
funzione,rejectEditorialOpportunityAction,src/lib/editorial/actions.ts,rejectEditorialOpportunityAction:634,CENTRO_STUDI,Immigrati Imprenditori - Centro Studi sull'Imprenditoria Migrante,MIGRARE_E_SCINDERE_LINK,API_READ_ONLY,DEFINITIVA,logica applicativa o presentazionale,import del file,Oggetto editoriale con possibili riferimenti commerciali,export async function rejectEditorialOpportunityAction(
funzione,publishEditorialMarketResourceAction,src/lib/editorial/actions.ts,publishEditorialMarketResourceAction:656,CENTRO_STUDI,Immigrati Imprenditori - Centro Studi sull'Imprenditoria Migrante,MIGRARE_E_SCINDERE_LINK,API_READ_ONLY,DEFINITIVA,logica applicativa o presentazionale,import del file,Oggetto editoriale con possibili riferimenti commerciali,export async function publishEditorialMarketResourceAction(
funzione,markQuestionableEditorialMarketResourceAction,src/lib/editorial/actions.ts,markQuestionableEditorialMarketResourceAction:675,CENTRO_STUDI,Immigrati Imprenditori - Centro Studi sull'Imprenditoria Migrante,MIGRARE_E_SCINDERE_LINK,API_READ_ONLY,DEFINITIVA,logica applicativa o presentazionale,import del file,Oggetto editoriale con possibili riferimenti commerciali,export async function markQuestionableEditorialMarketResourceAction(
funzione,rejectEditorialMarketResourceAction,src/lib/editorial/actions.ts,rejectEditorialMarketResourceAction:696,CENTRO_STUDI,Immigrati Imprenditori - Centro Studi sull'Imprenditoria Migrante,MIGRARE_E_SCINDERE_LINK,API_READ_ONLY,DEFINITIVA,logica applicativa o presentazionale,import del file,Oggetto editoriale con possibili riferimenti commerciali,export async function rejectEditorialMarketResourceAction(
funzione,withdrawEditorialMarketResourceAction,src/lib/editorial/actions.ts,withdrawEditorialMarketResourceAction:714,CENTRO_STUDI,Immigrati Imprenditori - Centro Studi sull'Imprenditoria Migrante,MIGRARE_E_SCINDERE_LINK,API_READ_ONLY,DEFINITIVA,logica applicativa o presentazionale,import del file,Oggetto editoriale con possibili riferimenti commerciali,export async function withdrawEditorialMarketResourceAction(
funzione,updateEditorialEventAction,src/lib/editorial/actions.ts,updateEditorialEventAction:737,CONDIVISO,Entrambi con dati separati,DUPLICARE_SCHEMA_O_ESTRARRE_MOTORE,SCHEMA_TEMPLATE_DUPLICATO,DEFINITIVA,logica applicativa o presentazionale,import del file,Eventi B2B e osservatorio separati per tassonomia e dati,export async function updateEditorialEventAction(
funzione,updateEditorialEventEditionAction,src/lib/editorial/actions.ts,updateEditorialEventEditionAction:785,CONDIVISO,Entrambi con dati separati,DUPLICARE_SCHEMA_O_ESTRARRE_MOTORE,SCHEMA_TEMPLATE_DUPLICATO,DEFINITIVA,logica applicativa o presentazionale,import del file,Eventi B2B e osservatorio separati per tassonomia e dati,export async function updateEditorialEventEditionAction(
funzione,publishEditorialEventAction,src/lib/editorial/actions.ts,publishEditorialEventAction:819,CONDIVISO,Entrambi con dati separati,DUPLICARE_SCHEMA_O_ESTRARRE_MOTORE,SCHEMA_TEMPLATE_DUPLICATO,DEFINITIVA,logica applicativa o presentazionale,import del file,Eventi B2B e osservatorio separati per tassonomia e dati,export async function publishEditorialEventAction(
funzione,withdrawEditorialEventAction,src/lib/editorial/actions.ts,withdrawEditorialEventAction:839,CONDIVISO,Entrambi con dati separati,DUPLICARE_SCHEMA_O_ESTRARRE_MOTORE,SCHEMA_TEMPLATE_DUPLICATO,DEFINITIVA,logica applicativa o presentazionale,import del file,Eventi B2B e osservatorio separati per tassonomia e dati,export async function withdrawEditorialEventAction(
funzione_arrow_o_costante,ACCOUNT_STATUS_LABELS,src/lib/admin/labels.ts,ACCOUNT_STATUS_LABELS:3,PONTE_IMPRESE,PonteImprese,MIGRARE_IN_PONTEIMPRESE,,DEFINITIVA,logica applicativa o presentazionale,import del file,"Funzione operativa, identitaria o commerciale",export const ACCOUNT_STATUS_LABELS: Record<
funzione_arrow_o_costante,PERSON_ASSOCIATION_LABELS,src/lib/admin/labels.ts,PERSON_ASSOCIATION_LABELS:15,PONTE_IMPRESE,PonteImprese,MIGRARE_IN_PONTEIMPRESE,,DEFINITIVA,logica applicativa o presentazionale,import del file,"Funzione operativa, identitaria o commerciale","export const PERSON_ASSOCIATION_LABELS: Record<string, string> = {"
funzione_arrow_o_costante,APPLICATION_ROLE_LABELS,src/lib/admin/labels.ts,APPLICATION_ROLE_LABELS:21,PONTE_IMPRESE,PonteImprese,MIGRARE_IN_PONTEIMPRESE,,DEFINITIVA,logica applicativa o presentazionale,import del file,"Funzione operativa, identitaria o commerciale","export const APPLICATION_ROLE_LABELS: Record<string, string> = {"
funzione_arrow_o_costante,ASSIGNMENT_STATUS_LABELS,src/lib/admin/labels.ts,ASSIGNMENT_STATUS_LABELS:26,PONTE_IMPRESE,PonteImprese,MIGRARE_IN_PONTEIMPRESE,,DEFINITIVA,logica applicativa o presentazionale,import del file,"Funzione operativa, identitaria o commerciale","export const ASSIGNMENT_STATUS_LABELS: Record<string, string> = {"
funzione_arrow_o_costante,WHITELISTED_APPLICATION_ROLES,src/lib/admin/labels.ts,WHITELISTED_APPLICATION_ROLES:31,PONTE_IMPRESE,PonteImprese,MIGRARE_IN_PONTEIMPRESE,,DEFINITIVA,logica applicativa o presentazionale,import del file,"Funzione operativa, identitaria o commerciale",export const WHITELISTED_APPLICATION_ROLES = [
funzione,listPublicMarkets,src/lib/data/public/markets.ts,listPublicMarkets:43,PONTE_IMPRESE,PonteImprese,MIGRARE_IN_PONTEIMPRESE,,DEFINITIVA,logica applicativa o presentazionale,import del file,"Funzione operativa, identitaria o commerciale",export async function listPublicMarkets(
funzione,getPublicMarketByCode,src/lib/data/public/markets.ts,getPublicMarketByCode:74,PONTE_IMPRESE,PonteImprese,MIGRARE_IN_PONTEIMPRESE,,DEFINITIVA,logica applicativa o presentazionale,import del file,"Funzione operativa, identitaria o commerciale",export async function getPublicMarketByCode(
funzione,listHomeMarkets,src/lib/data/public/markets.ts,listHomeMarkets:91,PONTE_IMPRESE,PonteImprese,MIGRARE_IN_PONTEIMPRESE,,DEFINITIVA,logica applicativa o presentazionale,import del file,"Funzione operativa, identitaria o commerciale",export async function listHomeMarkets(limit = 3) {
funzione,listPublicMarketSupportResources,src/lib/data/public/markets.ts,listPublicMarketSupportResources:103,PONTE_IMPRESE,PonteImprese,MIGRARE_IN_PONTEIMPRESE,,DEFINITIVA,logica applicativa o presentazionale,import del file,"Funzione operativa, identitaria o commerciale",export async function listPublicMarketSupportResources(
funzione,slugify,src/lib/editorial/slug.ts,slugify:2,CENTRO_STUDI,Immigrati Imprenditori - Centro Studi sull'Imprenditoria Migrante,MIGRARE_E_SCINDERE_LINK,API_READ_ONLY,DEFINITIVA,logica applicativa o presentazionale,import del file,Oggetto editoriale con possibili riferimenti commerciali,export function slugify(input: string): string {
funzione,listPublicOpportunities,src/lib/data/public/opportunities.ts,listPublicOpportunities:137,PONTE_IMPRESE,PonteImprese,MIGRARE_IN_PONTEIMPRESE,,DEFINITIVA,logica applicativa o presentazionale,import del file,"Funzione operativa, identitaria o commerciale",export async function listPublicOpportunities(
funzione,getPublicOpportunityById,src/lib/data/public/opportunities.ts,getPublicOpportunityById:214,PONTE_IMPRESE,PonteImprese,MIGRARE_IN_PONTEIMPRESE,,DEFINITIVA,logica applicativa o presentazionale,import del file,"Funzione operativa, identitaria o commerciale",export async function getPublicOpportunityById(
funzione,listHomeOpportunities,src/lib/data/public/opportunities.ts,listHomeOpportunities:264,PONTE_IMPRESE,PonteImprese,MIGRARE_IN_PONTEIMPRESE,,DEFINITIVA,logica applicativa o presentazionale,import del file,"Funzione operativa, identitaria o commerciale",export async function listHomeOpportunities(limit = 3) {
funzione,destinationForAccountState,src/lib/session/guards.ts,destinationForAccountState:8,PONTE_IMPRESE,PonteImprese,MIGRARE_IN_PONTEIMPRESE,,DEFINITIVA,logica applicativa o presentazionale,import del file,"Funzione operativa, identitaria o commerciale",export function destinationForAccountState(
funzione,requireAuthenticated,src/lib/session/guards.ts,requireAuthenticated:35,PONTE_IMPRESE,PonteImprese,MIGRARE_IN_PONTEIMPRESE,,DEFINITIVA,logica applicativa o presentazionale,import del file,"Funzione operativa, identitaria o commerciale",export function requireAuthenticated(
funzione,requireOperationalAccount,src/lib/session/guards.ts,requireOperationalAccount:50,PONTE_IMPRESE,PonteImprese,MIGRARE_IN_PONTEIMPRESE,,DEFINITIVA,logica applicativa o presentazionale,import del file,"Funzione operativa, identitaria o commerciale",export function requireOperationalAccount(
funzione,requireActiveAccount,src/lib/session/guards.ts,requireActiveAccount:121,PONTE_IMPRESE,PonteImprese,MIGRARE_IN_PONTEIMPRESE,,DEFINITIVA,logica applicativa o presentazionale,import del file,"Funzione operativa, identitaria o commerciale",export function requireActiveAccount(
funzione,requireEditor,src/lib/session/guards.ts,requireEditor:139,PONTE_IMPRESE,PonteImprese,MIGRARE_IN_PONTEIMPRESE,,DEFINITIVA,logica applicativa o presentazionale,import del file,"Funzione operativa, identitaria o commerciale",export function requireEditor(session: ApplicationSession | null): GuardResult {
funzione,requireApplicationAdmin,src/lib/session/guards.ts,requireApplicationAdmin:151,PONTE_IMPRESE,PonteImprese,MIGRARE_IN_PONTEIMPRESE,,DEFINITIVA,logica applicativa o presentazionale,import del file,"Funzione operativa, identitaria o commerciale",export function requireApplicationAdmin(
funzione,needsInitialOnboarding,src/lib/session/guards.ts,needsInitialOnboarding:177,PONTE_IMPRESE,PonteImprese,MIGRARE_IN_PONTEIMPRESE,,DEFINITIVA,logica applicativa o presentazionale,import del file,"Funzione operativa, identitaria o commerciale",export function needsInitialOnboarding(
funzione,navFlags,src/lib/session/guards.ts,navFlags:187,PONTE_IMPRESE,PonteImprese,MIGRARE_IN_PONTEIMPRESE,,DEFINITIVA,logica applicativa o presentazionale,import del file,"Funzione operativa, identitaria o commerciale",export function navFlags(session: ApplicationSession | null) {
funzione_arrow_o_costante,PUBLIC_VISIBILITY_GATES,src/lib/data/public/visibility-gates.test.ts,PUBLIC_VISIBILITY_GATES:9,PONTE_IMPRESE,PonteImprese,MIGRARE_IN_PONTEIMPRESE,,DEFINITIVA,logica applicativa o presentazionale,import del file,"Funzione operativa, identitaria o commerciale",export const PUBLIC_VISIBILITY_GATES = {
funzione_arrow_o_costante,DEFAULT_PAGE_SIZE,src/lib/data/public/paging.ts,DEFAULT_PAGE_SIZE:1,PONTE_IMPRESE,PonteImprese,MIGRARE_IN_PONTEIMPRESE,,DEFINITIVA,logica applicativa o presentazionale,import del file,"Funzione operativa, identitaria o commerciale","export const DEFAULT_PAGE_SIZE = 12;"
funzione,parsePageParams,src/lib/data/public/paging.ts,parsePageParams:18,PONTE_IMPRESE,PonteImprese,MIGRARE_IN_PONTEIMPRESE,,DEFINITIVA,logica applicativa o presentazionale,import del file,"Funzione operativa, identitaria o commerciale",export function parsePageParams(
funzione,paginated,src/lib/data/public/paging.ts,paginated:30,PONTE_IMPRESE,PonteImprese,MIGRARE_IN_PONTEIMPRESE,,DEFINITIVA,logica applicativa o presentazionale,import del file,"Funzione operativa, identitaria o commerciale",export function paginated<T>(
funzione,param,src/lib/data/public/paging.ts,param:45,PONTE_IMPRESE,PonteImprese,MIGRARE_IN_PONTEIMPRESE,,DEFINITIVA,logica applicativa o presentazionale,import del file,"Funzione operativa, identitaria o commerciale",export function param(
funzione,buildQueryString,src/lib/data/public/paging.ts,buildQueryString:54,PONTE_IMPRESE,PonteImprese,MIGRARE_IN_PONTEIMPRESE,,DEFINITIVA,logica applicativa o presentazionale,import del file,"Funzione operativa, identitaria o commerciale",export function buildQueryString(
funzione,listMembershipsForBusiness,src/lib/data/authenticated/memberships.ts,listMembershipsForBusiness:24,PONTE_IMPRESE,PonteImprese,MIGRARE_IN_PONTEIMPRESE,,DEFINITIVA,logica applicativa o presentazionale,import del file,"Funzione operativa, identitaria o commerciale",export async function listMembershipsForBusiness(
funzione,getOwnMembershipForBusiness,src/lib/data/authenticated/memberships.ts,getOwnMembershipForBusiness:74,PONTE_IMPRESE,PonteImprese,MIGRARE_IN_PONTEIMPRESE,,DEFINITIVA,logica applicativa o presentazionale,import del file,"Funzione operativa, identitaria o commerciale",export async function getOwnMembershipForBusiness(
funzione,createSelfMembership,src/lib/data/authenticated/memberships.ts,createSelfMembership:90,PONTE_IMPRESE,PonteImprese,MIGRARE_IN_PONTEIMPRESE,,DEFINITIVA,logica applicativa o presentazionale,import del file,"Funzione operativa, identitaria o commerciale",export async function createSelfMembership(input: {
funzione,concludeOwnMembership,src/lib/data/authenticated/memberships.ts,concludeOwnMembership:115,PONTE_IMPRESE,PonteImprese,MIGRARE_IN_PONTEIMPRESE,,DEFINITIVA,logica applicativa o presentazionale,import del file,"Funzione operativa, identitaria o commerciale",export async function concludeOwnMembership(
funzione,assignRoleAction,src/lib/admin/actions.ts,assignRoleAction:40,PONTE_IMPRESE,PonteImprese,MIGRARE_IN_PONTEIMPRESE,,DEFINITIVA,logica applicativa o presentazionale,import del file,"Funzione operativa, identitaria o commerciale",export async function assignRoleAction(
funzione,revokeRoleAction,src/lib/admin/actions.ts,revokeRoleAction:74,PONTE_IMPRESE,PonteImprese,MIGRARE_IN_PONTEIMPRESE,,DEFINITIVA,logica applicativa o presentazionale,import del file,"Funzione operativa, identitaria o commerciale",export async function revokeRoleAction(
funzione,closeAccountAction,src/lib/admin/actions.ts,closeAccountAction:101,PONTE_IMPRESE,PonteImprese,MIGRARE_IN_PONTEIMPRESE,,DEFINITIVA,logica applicativa o presentazionale,import del file,"Funzione operativa, identitaria o commerciale",export async function closeAccountAction(
funzione,linkPersonAction,src/lib/admin/actions.ts,linkPersonAction:124,PONTE_IMPRESE,PonteImprese,MIGRARE_IN_PONTEIMPRESE,,DEFINITIVA,logica applicativa o presentazionale,import del file,"Funzione operativa, identitaria o commerciale",export async function linkPersonAction(
funzione,listPublicServiceOffers,src/lib/data/public/services.ts,listPublicServiceOffers:56,PONTE_IMPRESE,PonteImprese,MIGRARE_IN_PONTEIMPRESE,,DEFINITIVA,logica applicativa o presentazionale,import del file,"Funzione operativa, identitaria o commerciale",export async function listPublicServiceOffers(
funzione,getPublicServiceOfferById,src/lib/data/public/services.ts,getPublicServiceOfferById:91,PONTE_IMPRESE,PonteImprese,MIGRARE_IN_PONTEIMPRESE,,DEFINITIVA,logica applicativa o presentazionale,import del file,"Funzione operativa, identitaria o commerciale",export async function getPublicServiceOfferById(
funzione,listHomeServiceOffers,src/lib/data/public/services.ts,listHomeServiceOffers:113,PONTE_IMPRESE,PonteImprese,MIGRARE_IN_PONTEIMPRESE,,DEFINITIVA,logica applicativa o presentazionale,import del file,"Funzione operativa, identitaria o commerciale",export async function listHomeServiceOffers(limit = 3) {
funzione,listPublicServiceRequests,src/lib/data/public/services.ts,listPublicServiceRequests:124,PONTE_IMPRESE,PonteImprese,MIGRARE_IN_PONTEIMPRESE,,DEFINITIVA,logica applicativa o presentazionale,import del file,"Funzione operativa, identitaria o commerciale",export async function listPublicServiceRequests(
funzione,getPublicServiceRequestById,src/lib/data/public/services.ts,getPublicServiceRequestById:159,PONTE_IMPRESE,PonteImprese,MIGRARE_IN_PONTEIMPRESE,,DEFINITIVA,logica applicativa o presentazionale,import del file,"Funzione operativa, identitaria o commerciale",export async function getPublicServiceRequestById(
funzione,listHomeServiceRequests,src/lib/data/public/services.ts,listHomeServiceRequests:180,PONTE_IMPRESE,PonteImprese,MIGRARE_IN_PONTEIMPRESE,,DEFINITIVA,logica applicativa o presentazionale,import del file,"Funzione operativa, identitaria o commerciale",export async function listHomeServiceRequests(limit = 3) {
funzione,getApplicationSession,src/lib/session/get-application-session.ts,getApplicationSession:22,PONTE_IMPRESE,PonteImprese,MIGRARE_IN_PONTEIMPRESE,,DEFINITIVA,logica applicativa o presentazionale,import del file,"Funzione operativa, identitaria o commerciale",export async function getApplicationSession(): Promise<ApplicationSession | null> {
funzione,getViewer,src/lib/session/get-application-session.ts,getViewer:79,PONTE_IMPRESE,PonteImprese,MIGRARE_IN_PONTEIMPRESE,,DEFINITIVA,logica applicativa o presentazionale,import del file,"Funzione operativa, identitaria o commerciale",export async function getViewer(): Promise<Viewer> {
funzione,buildSessionFromParts,src/lib/session/get-application-session.ts,buildSessionFromParts:88,PONTE_IMPRESE,PonteImprese,MIGRARE_IN_PONTEIMPRESE,,DEFINITIVA,logica applicativa o presentazionale,import del file,"Funzione operativa, identitaria o commerciale",export function buildSessionFromParts(
funzione,listPublicIndicators,src/lib/data/public/observatory.ts,listPublicIndicators:85,CENTRO_STUDI,Immigrati Imprenditori - Centro Studi sull'Imprenditoria Migrante,MIGRARE_NELL_CENTRO_STUDI,,DEFINITIVA,logica applicativa o presentazionale,import del file,Finalità statistica o documentale,export async function listPublicIndicators(
funzione,getPublicIndicatorBySlug,src/lib/data/public/observatory.ts,getPublicIndicatorBySlug:114,CENTRO_STUDI,Immigrati Imprenditori - Centro Studi sull'Imprenditoria Migrante,MIGRARE_NELL_CENTRO_STUDI,,DEFINITIVA,logica applicativa o presentazionale,import del file,Finalità statistica o documentale,export async function getPublicIndicatorBySlug(
funzione,listHomeIndicators,src/lib/data/public/observatory.ts,listHomeIndicators:158,CENTRO_STUDI,Immigrati Imprenditori - Centro Studi sull'Imprenditoria Migrante,MIGRARE_NELL_CENTRO_STUDI,,DEFINITIVA,logica applicativa o presentazionale,import del file,Finalità statistica o documentale,export async function listHomeIndicators(limit = 3) {
funzione,listMyBusinesses,src/lib/data/authenticated/businesses.ts,listMyBusinesses:43,PONTE_IMPRESE,PonteImprese,MIGRARE_IN_PONTEIMPRESE,,DEFINITIVA,logica applicativa o presentazionale,import del file,"Funzione operativa, identitaria o commerciale",export async function listMyBusinesses(
funzione,getBusinessById,src/lib/data/authenticated/businesses.ts,getBusinessById:102,PONTE_IMPRESE,PonteImprese,MIGRARE_IN_PONTEIMPRESE,,DEFINITIVA,logica applicativa o presentazionale,import del file,"Funzione operativa, identitaria o commerciale",export async function getBusinessById…176 tokens truncated…11:export async function relatedForProfessional(profile: {
funzione,relatedForMarket,src/lib/data/public/related.ts,relatedForMarket:166,PONTE_IMPRESE,PonteImprese,MIGRARE_IN_PONTEIMPRESE,,DEFINITIVA,logica applicativa o presentazionale,import del file,"Funzione operativa, identitaria o commerciale",export async function relatedForMarket(marketId: string): Promise<RelatedLinkGroup[]> {
funzione,relatedForOpportunity,src/lib/data/public/related.ts,relatedForOpportunity:221,PONTE_IMPRESE,PonteImprese,MIGRARE_IN_PONTEIMPRESE,,DEFINITIVA,logica applicativa o presentazionale,import del file,"Funzione operativa, identitaria o commerciale",export async function relatedForOpportunity(
funzione,relatedForEvent,src/lib/data/public/related.ts,relatedForEvent:288,CONDIVISO,Entrambi con dati separati,DUPLICARE_SCHEMA_O_ESTRARRE_MOTORE,SCHEMA_TEMPLATE_DUPLICATO,DEFINITIVA,logica applicativa o presentazionale,import del file,Eventi B2B e osservatorio separati per tassonomia e dati,export async function relatedForEvent(event: {
funzione,relatedForServiceOffer,src/lib/data/public/related.ts,relatedForServiceOffer:379,PONTE_IMPRESE,PonteImprese,MIGRARE_IN_PONTEIMPRESE,,DEFINITIVA,logica applicativa o presentazionale,import del file,"Funzione operativa, identitaria o commerciale",export async function relatedForServiceOffer(offer: {
funzione,relatedForContent,src/lib/data/public/related.ts,relatedForContent:448,CENTRO_STUDI,Immigrati Imprenditori - Centro Studi sull'Imprenditoria Migrante,MIGRARE_E_SCINDERE_LINK,API_READ_ONLY,DEFINITIVA,logica applicativa o presentazionale,import del file,Oggetto editoriale con possibili riferimenti commerciali,export async function relatedForContent(detail: {
funzione,getOwnPersonContact,src/lib/data/authenticated/person-contact.ts,getOwnPersonContact:22,PONTE_IMPRESE,PonteImprese,MIGRARE_E_RIVALUTARE,,DEFINITIVA,logica applicativa o presentazionale,import del file,Responsabilità legale legata ai dati operativi attuali,export async function getOwnPersonContact(
funzione,upsertOwnPersonContact,src/lib/data/authenticated/person-contact.ts,upsertOwnPersonContact:38,PONTE_IMPRESE,PonteImprese,MIGRARE_E_RIVALUTARE,,DEFINITIVA,logica applicativa o presentazionale,import del file,Responsabilità legale legata ai dati operativi attuali,export async function upsertOwnPersonContact(
funzione,personHasSharedNetworkContact,src/lib/data/authenticated/person-contact.ts,personHasSharedNetworkContact:69,PONTE_IMPRESE,PonteImprese,MIGRARE_E_RIVALUTARE,,DEFINITIVA,logica applicativa o presentazionale,import del file,Responsabilità legale legata ai dati operativi attuali,export async function personHasSharedNetworkContact(
funzione,getNetworkPersonContact,src/lib/data/authenticated/person-contact.ts,getNetworkPersonContact:82,PONTE_IMPRESE,PonteImprese,MIGRARE_E_RIVALUTARE,,DEFINITIVA,logica applicativa o presentazionale,import del file,Responsabilità legale legata ai dati operativi attuali,export async function getNetworkPersonContact(
funzione_arrow_o_costante,PUBLIC_LIST_FILTER_PARAMS,src/lib/data/public/public-domains.test.ts,PUBLIC_LIST_FILTER_PARAMS:21,PONTE_IMPRESE,PonteImprese,MIGRARE_IN_PONTEIMPRESE,,DEFINITIVA,logica applicativa o presentazionale,import del file,"Funzione operativa, identitaria o commerciale",export const PUBLIC_LIST_FILTER_PARAMS = {
funzione,listPublicProfessionals,src/lib/data/public/professionals.ts,listPublicProfessionals:42,PONTE_IMPRESE,PonteImprese,MIGRARE_IN_PONTEIMPRESE,,DEFINITIVA,logica applicativa o presentazionale,import del file,"Funzione operativa, identitaria o commerciale",export async function listPublicProfessionals(
funzione,getPublicProfessionalById,src/lib/data/public/professionals.ts,getPublicProfessionalById:93,PONTE_IMPRESE,PonteImprese,MIGRARE_IN_PONTEIMPRESE,,DEFINITIVA,logica applicativa o presentazionale,import del file,"Funzione operativa, identitaria o commerciale",export async function getPublicProfessionalById(
funzione,listHomeProfessionals,src/lib/data/public/professionals.ts,listHomeProfessionals:166,PONTE_IMPRESE,PonteImprese,MIGRARE_IN_PONTEIMPRESE,,DEFINITIVA,logica applicativa o presentazionale,import del file,"Funzione operativa, identitaria o commerciale",export async function listHomeProfessionals(limit = 3) {
funzione,getAccountByAuthUserId,src/lib/data/authenticated/account.ts,getAccountByAuthUserId:11,PONTE_IMPRESE,PonteImprese,MIGRARE_IN_PONTEIMPRESE,,DEFINITIVA,logica applicativa o presentazionale,import del file,"Funzione operativa, identitaria o commerciale",export async function getAccountByAuthUserId(
funzione,label,src/lib/public/labels.ts,label:3,PONTE_IMPRESE,PonteImprese,MIGRARE_IN_PONTEIMPRESE,,DEFINITIVA,logica applicativa o presentazionale,import del file,"Funzione operativa, identitaria o commerciale",export function label(
funzione,selectOptions,src/lib/public/labels.ts,selectOptions:11,PONTE_IMPRESE,PonteImprese,MIGRARE_IN_PONTEIMPRESE,,DEFINITIVA,logica applicativa o presentazionale,import del file,"Funzione operativa, identitaria o commerciale",export function selectOptions(
funzione,formatItalianDate,src/lib/public/labels.ts,formatItalianDate:20,CONDIVISO,Entrambi con versioni indipendenti,ESTRARRE_O_DUPLICARE,PACKAGE_VERSIONATO,DEFINITIVA,logica applicativa o presentazionale,import del file,Catalogo o utilità tecnica neutrale,export function formatItalianDate(iso: string): string {
funzione,formatItalianDateTime,src/lib/public/labels.ts,formatItalianDateTime:28,CONDIVISO,Entrambi con versioni indipendenti,ESTRARRE_O_DUPLICARE,PACKAGE_VERSIONATO,DEFINITIVA,logica applicativa o presentazionale,import del file,Catalogo o utilità tecnica neutrale,export function formatItalianDateTime(iso: string): string {
funzione_arrow_o_costante,ORGANIZATION_FORMS,src/lib/public/labels.ts,ORGANIZATION_FORMS:38,CONDIVISO,Entrambi con record separati,DUPLICARE_SCHEMA_E_STABILIRE_OWNER,SCHEMA_TEMPLATE_DUPLICATO,DEFINITIVA,logica applicativa o presentazionale,import del file,Organizzazioni con finalità B2B o ricerca,"export const ORGANIZATION_FORMS: Record<string, string> = {"
funzione_arrow_o_costante,MEMBERSHIP_ROLE_LABELS,src/lib/public/labels.ts,MEMBERSHIP_ROLE_LABELS:49,PONTE_IMPRESE,PonteImprese,MIGRARE_IN_PONTEIMPRESE,,DEFINITIVA,logica applicativa o presentazionale,import del file,"Funzione operativa, identitaria o commerciale","export const MEMBERSHIP_ROLE_LABELS: Record<string, string> = {"
funzione_arrow_o_costante,PRACTICE_MODES,src/lib/public/labels.ts,PRACTICE_MODES:56,PONTE_IMPRESE,PonteImprese,MIGRARE_IN_PONTEIMPRESE,,DEFINITIVA,logica applicativa o presentazionale,import del file,"Funzione operativa, identitaria o commerciale","export const PRACTICE_MODES: Record<string, string> = {"
funzione_arrow_o_costante,OPPORTUNITY_ORIGINS,src/lib/public/labels.ts,OPPORTUNITY_ORIGINS:70,PONTE_IMPRESE,PonteImprese,MIGRARE_IN_PONTEIMPRESE,,DEFINITIVA,logica applicativa o presentazionale,import del file,"Funzione operativa, identitaria o commerciale","export const OPPORTUNITY_ORIGINS: Record<string, string> = {"
funzione_arrow_o_costante,OPPORTUNITY_STATUSES,src/lib/public/labels.ts,OPPORTUNITY_STATUSES:75,PONTE_IMPRESE,PonteImprese,MIGRARE_IN_PONTEIMPRESE,,DEFINITIVA,logica applicativa o presentazionale,import del file,"Funzione operativa, identitaria o commerciale","export const OPPORTUNITY_STATUSES: Record<string, string> = {"
funzione_arrow_o_costante,COLLABORATION_FORMS,src/lib/public/labels.ts,COLLABORATION_FORMS:83,PONTE_IMPRESE,PonteImprese,MIGRARE_IN_PONTEIMPRESE,,DEFINITIVA,logica applicativa o presentazionale,import del file,"Funzione operativa, identitaria o commerciale","export const COLLABORATION_FORMS: Record<string, string> = {"
funzione_arrow_o_costante,COLLABORATION_STATUSES,src/lib/public/labels.ts,COLLABORATION_STATUSES:91,PONTE_IMPRESE,PonteImprese,MIGRARE_IN_PONTEIMPRESE,,DEFINITIVA,logica applicativa o presentazionale,import del file,"Funzione operativa, identitaria o commerciale","export const COLLABORATION_STATUSES: Record<string, string> = {"
funzione_arrow_o_costante,SERVICE_CATEGORIES,src/lib/public/labels.ts,SERVICE_CATEGORIES:97,PONTE_IMPRESE,PonteImprese,MIGRARE_IN_PONTEIMPRESE,,DEFINITIVA,logica applicativa o presentazionale,import del file,"Funzione operativa, identitaria o commerciale","export const SERVICE_CATEGORIES: Record<string, string> = {"
funzione_arrow_o_costante,SERVICE_DELIVERY_MODES,src/lib/public/labels.ts,SERVICE_DELIVERY_MODES:107,PONTE_IMPRESE,PonteImprese,MIGRARE_IN_PONTEIMPRESE,,DEFINITIVA,logica applicativa o presentazionale,import del file,"Funzione operativa, identitaria o commerciale","export const SERVICE_DELIVERY_MODES: Record<string, string> = {"
funzione_arrow_o_costante,EVENT_DELIVERY_MODES,src/lib/public/labels.ts,EVENT_DELIVERY_MODES:114,CONDIVISO,Entrambi con dati separati,DUPLICARE_SCHEMA_O_ESTRARRE_MOTORE,SCHEMA_TEMPLATE_DUPLICATO,DEFINITIVA,logica applicativa o presentazionale,import del file,Eventi B2B e osservatorio separati per tassonomia e dati,"export const EVENT_DELIVERY_MODES: Record<string, string> = {"
funzione_arrow_o_costante,EVENT_TYPES,src/lib/public/labels.ts,EVENT_TYPES:120,CONDIVISO,Entrambi con dati separati,DUPLICARE_SCHEMA_O_ESTRARRE_MOTORE,SCHEMA_TEMPLATE_DUPLICATO,DEFINITIVA,logica applicativa o presentazionale,import del file,Eventi B2B e osservatorio separati per tassonomia e dati,"export const EVENT_TYPES: Record<string, string> = {"
funzione_arrow_o_costante,EVENT_AUDIENCE,src/lib/public/labels.ts,EVENT_AUDIENCE:133,CONDIVISO,Entrambi con dati separati,DUPLICARE_SCHEMA_O_ESTRARRE_MOTORE,SCHEMA_TEMPLATE_DUPLICATO,DEFINITIVA,logica applicativa o presentazionale,import del file,Eventi B2B e osservatorio separati per tassonomia e dati,"export const EVENT_AUDIENCE: Record<string, string> = {"
funzione_arrow_o_costante,EVENT_ECONOMIC,src/lib/public/labels.ts,EVENT_ECONOMIC:139,CONDIVISO,Entrambi con dati separati,DUPLICARE_SCHEMA_O_ESTRARRE_MOTORE,SCHEMA_TEMPLATE_DUPLICATO,DEFINITIVA,logica applicativa o presentazionale,import del file,Eventi B2B e osservatorio separati per tassonomia e dati,"export const EVENT_ECONOMIC: Record<string, string> = {"
funzione_arrow_o_costante,EDITION_STATUSES,src/lib/public/labels.ts,EDITION_STATUSES:145,PONTE_IMPRESE,PonteImprese,MIGRARE_IN_PONTEIMPRESE,,DEFINITIVA,logica applicativa o presentazionale,import del file,"Funzione operativa, identitaria o commerciale","export const EDITION_STATUSES: Record<string, string> = {"
funzione_arrow_o_costante,MARKET_KINDS,src/lib/public/labels.ts,MARKET_KINDS:153,PONTE_IMPRESE,PonteImprese,MIGRARE_IN_PONTEIMPRESE,,DEFINITIVA,logica applicativa o presentazionale,import del file,"Funzione operativa, identitaria o commerciale","export const MARKET_KINDS: Record<string, string> = {"
funzione_arrow_o_costante,MARKET_STATUSES,src/lib/public/labels.ts,MARKET_STATUSES:164,PONTE_IMPRESE,PonteImprese,MIGRARE_IN_PONTEIMPRESE,,DEFINITIVA,logica applicativa o presentazionale,import del file,"Funzione operativa, identitaria o commerciale","export const MARKET_STATUSES: Record<string, string> = {"
funzione_arrow_o_costante,ORGANIZATION_TYPES,src/lib/public/labels.ts,ORGANIZATION_TYPES:172,CONDIVISO,Entrambi con record separati,DUPLICARE_SCHEMA_E_STABILIRE_OWNER,SCHEMA_TEMPLATE_DUPLICATO,DEFINITIVA,logica applicativa o presentazionale,import del file,Organizzazioni con finalità B2B o ricerca,"export const ORGANIZATION_TYPES: Record<string, string> = {"
funzione_arrow_o_costante,OFFICIAL_ROLES,src/lib/public/labels.ts,OFFICIAL_ROLES:186,PONTE_IMPRESE,PonteImprese,MIGRARE_IN_PONTEIMPRESE,,DEFINITIVA,logica applicativa o presentazionale,import del file,"Funzione operativa, identitaria o commerciale","export const OFFICIAL_ROLES: Record<string, string> = {"
funzione_arrow_o_costante,CONTENT_TYPES,src/lib/public/labels.ts,CONTENT_TYPES:198,CENTRO_STUDI,Immigrati Imprenditori - Centro Studi sull'Imprenditoria Migrante,MIGRARE_E_SCINDERE_LINK,API_READ_ONLY,DEFINITIVA,logica applicativa o presentazionale,import del file,Oggetto editoriale con possibili riferimenti commerciali,"export const CONTENT_TYPES: Record<string, string> = {"
funzione_arrow_o_costante,AVAILABILITY_STATUSES,src/lib/public/labels.ts,AVAILABILITY_STATUSES:212,PONTE_IMPRESE,PonteImprese,MIGRARE_IN_PONTEIMPRESE,,DEFINITIVA,logica applicativa o presentazionale,import del file,"Funzione operativa, identitaria o commerciale","export const AVAILABILITY_STATUSES: Record<string, string> = {"
funzione_arrow_o_costante,SERVICE_OFFER_AVAILABILITY,src/lib/public/labels.ts,SERVICE_OFFER_AVAILABILITY:221,PONTE_IMPRESE,PonteImprese,MIGRARE_IN_PONTEIMPRESE,,DEFINITIVA,logica applicativa o presentazionale,import del file,"Funzione operativa, identitaria o commerciale","export const SERVICE_OFFER_AVAILABILITY: Record<string, string> = {"
funzione_arrow_o_costante,SERVICE_REQUEST_STATUS,src/lib/public/labels.ts,SERVICE_REQUEST_STATUS:227,PONTE_IMPRESE,PonteImprese,MIGRARE_IN_PONTEIMPRESE,,DEFINITIVA,logica applicativa o presentazionale,import del file,"Funzione operativa, identitaria o commerciale","export const SERVICE_REQUEST_STATUS: Record<string, string> = {"
funzione_arrow_o_costante,BUSINESS_STATUSES,src/lib/public/labels.ts,BUSINESS_STATUSES:234,PONTE_IMPRESE,PonteImprese,MIGRARE_IN_PONTEIMPRESE,,DEFINITIVA,logica applicativa o presentazionale,import del file,"Funzione operativa, identitaria o commerciale","export const BUSINESS_STATUSES: Record<string, string> = {"
funzione_arrow_o_costante,ACTIVITY_SCOPE_LABELS,src/lib/public/labels.ts,ACTIVITY_SCOPE_LABELS:239,PONTE_IMPRESE,PonteImprese,MIGRARE_IN_PONTEIMPRESE,,DEFINITIVA,logica applicativa o presentazionale,import del file,"Funzione operativa, identitaria o commerciale","export const ACTIVITY_SCOPE_LABELS: Record<string, string> = {"
funzione_arrow_o_costante,MEMBERSHIP_RELATION_LABELS,src/lib/public/labels.ts,MEMBERSHIP_RELATION_LABELS:245,PONTE_IMPRESE,PonteImprese,MIGRARE_IN_PONTEIMPRESE,,DEFINITIVA,logica applicativa o presentazionale,import del file,"Funzione operativa, identitaria o commerciale","export const MEMBERSHIP_RELATION_LABELS: Record<string, string> = {"
funzione_arrow_o_costante,GRANT_STATUS_LABELS,src/lib/public/labels.ts,GRANT_STATUS_LABELS:251,PONTE_IMPRESE,PonteImprese,MIGRARE_IN_PONTEIMPRESE,,DEFINITIVA,logica applicativa o presentazionale,import del file,"Funzione operativa, identitaria o commerciale","export const GRANT_STATUS_LABELS: Record<string, string> = {"
funzione_arrow_o_costante,PUBLICATION_STATUS_LABELS,src/lib/public/labels.ts,PUBLICATION_STATUS_LABELS:257,CENTRO_STUDI,Immigrati Imprenditori - Centro Studi sull'Imprenditoria Migrante,MIGRARE_E_SCINDERE_LINK,API_READ_ONLY,DEFINITIVA,logica applicativa o presentazionale,import del file,Oggetto editoriale con possibili riferimenti commerciali,"export const PUBLICATION_STATUS_LABELS: Record<string, string> = {"
funzione_arrow_o_costante,EDITORIAL_STATUS_LABELS,src/lib/public/labels.ts,EDITORIAL_STATUS_LABELS:263,CENTRO_STUDI,Immigrati Imprenditori - Centro Studi sull'Imprenditoria Migrante,MIGRARE_E_SCINDERE_LINK,API_READ_ONLY,DEFINITIVA,logica applicativa o presentazionale,import del file,Oggetto editoriale con possibili riferimenti commerciali,"export const EDITORIAL_STATUS_LABELS: Record<string, string> = {"
funzione_arrow_o_costante,OBSERVATORY_VALUE_NATURE_LABELS,src/lib/public/labels.ts,OBSERVATORY_VALUE_NATURE_LABELS:270,CENTRO_STUDI,Immigrati Imprenditori - Centro Studi sull'Imprenditoria Migrante,MIGRARE_NELL_CENTRO_STUDI,,DEFINITIVA,logica applicativa o presentazionale,import del file,Finalità statistica o documentale,"export const OBSERVATORY_VALUE_NATURE_LABELS: Record<string, string> = {"
funzione_arrow_o_costante,OBSERVATORY_UNIT_LABELS,src/lib/public/labels.ts,OBSERVATORY_UNIT_LABELS:278,CENTRO_STUDI,Immigrati Imprenditori - Centro Studi sull'Imprenditoria Migrante,MIGRARE_NELL_CENTRO_STUDI,,DEFINITIVA,logica applicativa o presentazionale,import del file,Finalità statistica o documentale,"export const OBSERVATORY_UNIT_LABELS: Record<string, string> = {"
funzione_arrow_o_costante,OBSERVATORY_PERIODICITY_LABELS,src/lib/public/labels.ts,OBSERVATORY_PERIODICITY_LABELS:287,CENTRO_STUDI,Immigrati Imprenditori - Centro Studi sull'Imprenditoria Migrante,MIGRARE_NELL_CENTRO_STUDI,,DEFINITIVA,logica applicativa o presentazionale,import del file,Finalità statistica o documentale,"export const OBSERVATORY_PERIODICITY_LABELS: Record<string, string> = {"
funzione,textFilter,src/lib/public/labels.ts,textFilter:294,PONTE_IMPRESE,PonteImprese,MIGRARE_IN_PONTEIMPRESE,,DEFINITIVA,logica applicativa o presentazionale,import del file,"Funzione operativa, identitaria o commerciale","export function textFilter(name: string, label: string, placeholder?: string): FilterField {"
funzione,selectFilter,src/lib/public/labels.ts,selectFilter:298,PONTE_IMPRESE,PonteImprese,MIGRARE_IN_PONTEIMPRESE,,DEFINITIVA,logica applicativa o presentazionale,import del file,"Funzione operativa, identitaria o commerciale",export function selectFilter(
funzione_arrow_o_costante,PUBLIC_PERSON_SELECT,src/lib/data/public/people.ts,PUBLIC_PERSON_SELECT:9,PONTE_IMPRESE,PonteImprese,MIGRARE_IN_PONTEIMPRESE,,DEFINITIVA,logica applicativa o presentazionale,import del file,"Funzione operativa, identitaria o commerciale",export const PUBLIC_PERSON_SELECT =
funzione_arrow_o_costante,PUBLIC_PERSON_VISIBILITY_GATE,src/lib/data/public/people.ts,PUBLIC_PERSON_VISIBILITY_GATE:47,PONTE_IMPRESE,PonteImprese,MIGRARE_IN_PONTEIMPRESE,,DEFINITIVA,logica applicativa o presentazionale,import del file,"Funzione operativa, identitaria o commerciale",export const PUBLIC_PERSON_VISIBILITY_GATE = {
funzione_arrow_o_costante,PUBLIC_PERSON_EXCLUDED_FIELDS,src/lib/data/public/people.ts,PUBLIC_PERSON_EXCLUDED_FIELDS:54,PONTE_IMPRESE,PonteImprese,MIGRARE_IN_PONTEIMPRESE,,DEFINITIVA,logica applicativa o presentazionale,import del file,"Funzione operativa, identitaria o commerciale",export const PUBLIC_PERSON_EXCLUDED_FIELDS = [
funzione,getPublicPersonBySlug,src/lib/data/public/people.ts,getPublicPersonBySlug:88,CONDIVISO,Entrambi con versioni indipendenti,ESTRARRE_O_DUPLICARE,PACKAGE_VERSIONATO,DEFINITIVA,logica applicativa o presentazionale,import del file,Catalogo o utilità tecnica neutrale,export async function getPublicPersonBySlug(
funzione,listHomePublicPeople,src/lib/data/public/people.ts,listHomePublicPeople:118,PONTE_IMPRESE,PonteImprese,MIGRARE_IN_PONTEIMPRESE,,DEFINITIVA,logica applicativa o presentazionale,import del file,"Funzione operativa, identitaria o commerciale",export async function listHomePublicPeople(limit = 6): Promise<PublicPerson[]> {
funzione,getPublicProfessionalForPerson,src/lib/data/public/people.ts,getPublicProfessionalForPerson:133,PONTE_IMPRESE,PonteImprese,MIGRARE_IN_PONTEIMPRESE,,DEFINITIVA,logica applicativa o presentazionale,import del file,"Funzione operativa, identitaria o commerciale",export async function getPublicProfessionalForPerson(
funzione,listPublicBusinessesForPerson,src/lib/data/public/people.ts,listPublicBusinessesForPerson:192,PONTE_IMPRESE,PonteImprese,MIGRARE_IN_PONTEIMPRESE,,DEFINITIVA,logica applicativa o presentazionale,import del file,"Funzione operativa, identitaria o commerciale",export async function listPublicBusinessesForPerson(
funzione,formatPersonTerritory,src/lib/data/public/people.ts,formatPersonTerritory:238,CONDIVISO,Entrambi con versioni indipendenti,ESTRARRE_O_DUPLICARE,PACKAGE_VERSIONATO,DEFINITIVA,logica applicativa o presentazionale,import del file,Catalogo o utilità tecnica neutrale,export function formatPersonTerritory(person: PublicPerson): string | null {
funzione,personMetadataDescription,src/lib/data/public/people.ts,personMetadataDescription:245,PONTE_IMPRESE,PonteImprese,MIGRARE_IN_PONTEIMPRESE,,DEFINITIVA,logica applicativa o presentazionale,import del file,"Funzione operativa, identitaria o commerciale",export function personMetadataDescription(person: PublicPerson): string {
funzione_arrow_o_costante,TERMS_ACCEPTANCE_METADATA_KEY,src/lib/legal/record-terms-acceptance.ts,TERMS_ACCEPTANCE_METADATA_KEY:8,PONTE_IMPRESE,PonteImprese,MIGRARE_E_RIVALUTARE,,DEFINITIVA,logica applicativa o presentazionale,import del file,Responsabilità legale legata ai dati operativi attuali,"export const TERMS_ACCEPTANCE_METADATA_KEY = ""terms_of_use_accepted_version"";"
funzione_arrow_o_costante,TERMS_ACCEPTANCE_REQUIRED_MESSAGE,src/lib/legal/record-terms-acceptance.ts,TERMS_ACCEPTANCE_REQUIRED_MESSAGE:10,PONTE_IMPRESE,PonteImprese,MIGRARE_E_RIVALUTARE,,DEFINITIVA,logica applicativa o presentazionale,import del file,Responsabilità legale legata ai dati operativi attuali,export const TERMS_ACCEPTANCE_REQUIRED_MESSAGE =
funzione_arrow_o_costante,TERMS_ACCEPTANCE_RECORD_FAILED_MESSAGE,src/lib/legal/record-terms-acceptance.ts,TERMS_ACCEPTANCE_RECORD_FAILED_MESSAGE:13,PONTE_IMPRESE,PonteImprese,MIGRARE_E_RIVALUTARE,,DEFINITIVA,logica applicativa o presentazionale,import del file,Responsabilità legale legata ai dati operativi attuali,export const TERMS_ACCEPTANCE_RECORD_FAILED_MESSAGE =
funzione,parseTermsAcceptedFromForm,src/lib/legal/record-terms-acceptance.ts,parseTermsAcceptedFromForm:26,PONTE_IMPRESE,PonteImprese,MIGRARE_E_RIVALUTARE,,DEFINITIVA,logica applicativa o presentazionale,import del file,Responsabilità legale legata ai dati operativi attuali,export function parseTermsAcceptedFromForm(formData: FormData): boolean {
funzione,buildSignupTermsAcceptancePayload,src/lib/legal/record-terms-acceptance.ts,buildSignupTermsAcceptancePayload:34,PONTE_IMPRESE,PonteImprese,MIGRARE_E_RIVALUTARE,,DEFINITIVA,logica applicativa o presentazionale,import del file,Responsabilità legale legata ai dati operativi attuali,export function buildSignupTermsAcceptancePayload(
funzione,termsVersionFromUserMetadata,src/lib/legal/record-terms-acceptance.ts,termsVersionFromUserMetadata:45,PONTE_IMPRESE,PonteImprese,MIGRARE_E_RIVALUTARE,,DEFINITIVA,logica applicativa o presentazionale,import del file,Responsabilità legale legata ai dati operativi attuali,export function termsVersionFromUserMetadata(
funzione,recordSignupTermsAcceptance,src/lib/legal/record-terms-acceptance.ts,recordSignupTermsAcceptance:66,PONTE_IMPRESE,PonteImprese,MIGRARE_E_RIVALUTARE,,DEFINITIVA,logica applicativa o presentazionale,import del file,Responsabilità legale legata ai dati operativi attuali,export async function recordSignupTermsAcceptance(
funzione,ensureSignupTermsAcceptanceIfIntended,src/lib/legal/record-terms-acceptance.ts,ensureSignupTermsAcceptanceIfIntended:88,PONTE_IMPRESE,PonteImprese,MIGRARE_E_RIVALUTARE,,DEFINITIVA,logica applicativa o presentazionale,import del file,Responsabilità legale legata ai dati operativi attuali,export async function ensureSignupTermsAcceptanceIfIntended(
funzione,signupTermsMetadata,src/lib/legal/record-terms-acceptance.ts,signupTermsMetadata:103,PONTE_IMPRESE,PonteImprese,MIGRARE_E_RIVALUTARE,,DEFINITIVA,logica applicativa o presentazionale,import del file,Responsabilità legale legata ai dati operativi attuali,"export function signupTermsMetadata(): Record<string, string> {"
funzione_arrow_o_costante,TERMS_OF_USE_VERSION,src/lib/legal/versions.ts,TERMS_OF_USE_VERSION:6,PONTE_IMPRESE,PonteImprese,MIGRARE_E_RIVALUTARE,,DEFINITIVA,logica applicativa o presentazionale,import del file,Responsabilità legale legata ai dati operativi attuali,"export const TERMS_OF_USE_VERSION = ""2026-08-12"";"
funzione_arrow_o_costante,LEGAL_PUBLIC_VERSIONS,src/lib/legal/versions.ts,LEGAL_PUBLIC_VERSIONS:9,PONTE_IMPRESE,PonteImprese,MIGRARE_E_RIVALUTARE,,DEFINITIVA,logica applicativa o presentazionale,import del file,Responsabilità legale legata ai dati operativi attuali,export const LEGAL_PUBLIC_VERSIONS = {
funzione_arrow_o_costante,LEGAL_ROUTES,src/lib/legal/versions.ts,LEGAL_ROUTES:16,PONTE_IMPRESE,PonteImprese,MIGRARE_E_RIVALUTARE,,DEFINITIVA,logica applicativa o presentazionale,import del file,Responsabilità legale legata ai dati operativi attuali,export const LEGAL_ROUTES = {
funzione_arrow_o_costante,LEGAL_DOC_FILES,src/lib/legal/versions.ts,LEGAL_DOC_FILES:25,PONTE_IMPRESE,PonteImprese,MIGRARE_E_RIVALUTARE,,DEFINITIVA,logica applicativa o presentazionale,import del file,Responsabilità legale legata ai dati operativi attuali,export const LEGAL_DOC_FILES = {
funzione,loadPublicLegalMarkdown,src/lib/legal/load-public-document.ts,loadPublicLegalMarkdown:12,PONTE_IMPRESE,PonteImprese,MIGRARE_E_RIVALUTARE,,DEFINITIVA,logica applicativa o presentazionale,import del file,Responsabilità legale legata ai dati operativi attuali,export function loadPublicLegalMarkdown(docId: LegalDocId): string {
funzione,assertNoInternalLegalMarkers,src/lib/legal/load-public-document.ts,assertNoInternalLegalMarkers:25,PONTE_IMPRESE,PonteImprese,MIGRARE_E_RIVALUTARE,,DEFINITIVA,logica applicativa o presentazionale,import del file,Responsabilità legale legata ai dati operativi attuali,export function assertNoInternalLegalMarkers(text: string): boolean {
funzione,subjectRefForAccountId,src/lib/legal/subject-ref.ts,subjectRefForAccountId:15,PONTE_IMPRESE,PonteImprese,MIGRARE_E_RIVALUTARE,,DEFINITIVA,logica applicativa o presentazionale,import del file,Responsabilità legale legata ai dati operativi attuali,export function subjectRefForAccountId(
funzione,subjectRefsEqual,src/lib/legal/subject-ref.ts,subjectRefsEqual:29,PONTE_IMPRESE,PonteImprese,MIGRARE_E_RIVALUTARE,,DEFINITIVA,logica applicativa o presentazionale,import del file,Responsabilità legale legata ai dati operativi attuali,"export function subjectRefsEqual(a: string, b: string): boolean {"
funzione,listPublicOrganizations,src/lib/data/public/organizations.ts,listPublicOrganizations:84,CONDIVISO,Entrambi con record separati,DUPLICARE_SCHEMA_E_STABILIRE_OWNER,SCHEMA_TEMPLATE_DUPLICATO,DEFINITIVA,logica applicativa o presentazionale,import del file,Organizzazioni con finalità B2B o ricerca,export async function listPublicOrganizations(
funzione,getPublicOrganizationBySlug,src/lib/data/public/organizations.ts,getPublicOrganizationBySlug:119,CONDIVISO,Entrambi con record separati,DUPLICARE_SCHEMA_E_STABILIRE_OWNER,SCHEMA_TEMPLATE_DUPLICATO,DEFINITIVA,logica applicativa o presentazionale,import del file,Organizzazioni con finalità B2B o ricerca,export async function getPublicOrganizationBySlug(
funzione,listHomeOrganizations,src/lib/data/public/organizations.ts,listHomeOrganizations:134,CONDIVISO,Entrambi con record separati,DUPLICARE_SCHEMA_E_STABILIRE_OWNER,SCHEMA_TEMPLATE_DUPLICATO,DEFINITIVA,logica applicativa o presentazionale,import del file,Organizzazioni con finalità B2B o ricerca,export async function listHomeOrganizations(limit = 3) {
funzione,appError,src/lib/errors/app-error.ts,appError:19,CONDIVISO,Entrambi con implementazioni autonome,DUPLICAZIONE_CONTROLLATA,DUPLICAZIONE_CONTROLLATA,DEFINITIVA,logica applicativa o presentazionale,import del file,Fondazione tecnica neutrale,export function appError(
funzione,mapPostgresError,src/lib/errors/app-error.ts,mapPostgresError:38,CONDIVISO,Entrambi con implementazioni autonome,DUPLICAZIONE_CONTROLLATA,DUPLICAZIONE_CONTROLLATA,DEFINITIVA,logica applicativa o presentazionale,import del file,Fondazione tecnica neutrale,export function mapPostgresError(error: unknown): AppError {
funzione,toUserMessage,src/lib/errors/app-error.ts,toUserMessage:132,CONDIVISO,Entrambi con implementazioni autonome,DUPLICAZIONE_CONTROLLATA,DUPLICAZIONE_CONTROLLATA,DEFINITIVA,logica applicativa o presentazionale,import del file,Fondazione tecnica neutrale,export function toUserMessage(error: AppError): string {
funzione,banAuthUser,src/lib/access/ban-auth-user.ts,banAuthUser:15,PONTE_IMPRESE,PonteImprese,MIGRARE_IN_PONTEIMPRESE,,DEFINITIVA,logica applicativa o presentazionale,import del file,"Funzione operativa, identitaria o commerciale",export async function banAuthUser(authUserId: string): Promise<BanAuthUserResult> {
funzione,checksumSha256,src/lib/external-data/checksum.ts,checksumSha256:4,PONTE_IMPRESE,PonteImprese,MIGRARE_IN_PONTEIMPRESE,,DEFINITIVA,logica applicativa o presentazionale,import del file,"Funzione operativa, identitaria o commerciale",export function checksumSha256(value: unknown): string {
funzione_arrow_o_costante,TEMPORAL_LABELS_IT,src/lib/opportunities/temporal-label.ts,TEMPORAL_LABELS_IT:11,PONTE_IMPRESE,PonteImprese,MIGRARE_IN_PONTEIMPRESE,,DEFINITIVA,logica applicativa o presentazionale,import del file,"Funzione operativa, identitaria o commerciale","export const TEMPORAL_LABELS_IT: Record<TemporalLabelCode, string> = {"
funzione,deriveTemporalLabel,src/lib/opportunities/temporal-label.ts,deriveTemporalLabel:22,PONTE_IMPRESE,PonteImprese,MIGRARE_IN_PONTEIMPRESE,,DEFINITIVA,logica applicativa o presentazionale,import del file,"Funzione operativa, identitaria o commerciale",export function deriveTemporalLabel(input: {
funzione,temporalLabelIt,src/lib/opportunities/temporal-label.ts,temporalLabelIt:45,PONTE_IMPRESE,PonteImprese,MIGRARE_IN_PONTEIMPRESE,,DEFINITIVA,logica applicativa o presentazionale,import del file,"Funzione operativa, identitaria o commerciale",export function temporalLabelIt(code: TemporalLabelCode): string {
funzione,pickProfileSelfUpdate,src/lib/profile/whitelist.ts,pickProfileSelfUpdate:7,CONDIVISO,Entrambi con versioni indipendenti,ESTRARRE_O_DUPLICARE,PACKAGE_VERSIONATO,DEFINITIVA,logica applicativa o presentazionale,import del file,Catalogo o utilità tecnica neutrale,export function pickProfileSelfUpdate(
funzione_arrow_o_costante,PERSON_PUBLIC_PATH_PREFIX,src/lib/profile/slug.ts,PERSON_PUBLIC_PATH_PREFIX:4,CONDIVISO,Entrambi con versioni indipendenti,ESTRARRE_O_DUPLICARE,PACKAGE_VERSIONATO,DEFINITIVA,logica applicativa o presentazionale,import del file,Catalogo o utilità tecnica neutrale,"export const PERSON_PUBLIC_PATH_PREFIX = ""/persone/"";"
funzione,suggestProfileSlugFromDisplayName,src/lib/profile/slug.ts,suggestProfileSlugFromDisplayName:10,CONDIVISO,Entrambi con versioni indipendenti,ESTRARRE_O_DUPLICARE,PACKAGE_VERSIONATO,DEFINITIVA,logica applicativa o presentazionale,import del file,Catalogo o utilità tecnica neutrale,export function suggestProfileSlugFromDisplayName(
funzione,isValidProfileSlug,src/lib/profile/slug.ts,isValidProfileSlug:20,CONDIVISO,Entrambi con versioni indipendenti,ESTRARRE_O_DUPLICARE,PACKAGE_VERSIONATO,DEFINITIVA,logica applicativa o presentazionale,import del file,Catalogo o utilità tecnica neutrale,export function isValidProfileSlug(value: string): boolean {
funzione_arrow_o_costante,UNIONCAMERE_BLOCKED,src/lib/external-data/eurostat/apply-lfsa-esgan.ts,UNIONCAMERE_BLOCKED:38,CENTRO_STUDI,Immigrati Imprenditori - Centro Studi sull'Imprenditoria Migrante,MIGRARE_NELL_CENTRO_STUDI,,DEFINITIVA,logica applicativa o presentazionale,import del file,Finalità statistica o documentale,export const UNIONCAMERE_BLOCKED = [
funzione,createIngestClient,src/lib/external-data/eurostat/apply-lfsa-esgan.ts,createIngestClient:78,CENTRO_STUDI,Immigrati Imprenditori - Centro Studi sull'Imprenditoria Migrante,MIGRARE_NELL_CENTRO_STUDI,,DEFINITIVA,logica applicativa o presentazionale,import del file,Finalità statistica o documentale,export function createIngestClient(): SupabaseClient {
funzione,fetchLfsaEsganLive,src/lib/external-data/eurostat/apply-lfsa-esgan.ts,fetchLfsaEsganLive:90,CENTRO_STUDI,Immigrati Imprenditori - Centro Studi sull'Imprenditoria Migrante,MIGRARE_NELL_CENTRO_STUDI,,DEFINITIVA,logica applicativa o presentazionale,import del file,Finalità statistica o documentale,"export async function fetchLfsaEsganLive(years = [2021, 2022, 2023]) {"
funzione,sanityCheck,src/lib/external-data/eurostat/apply-lfsa-esgan.ts,sanityCheck:100,CENTRO_STUDI,Immigrati Imprenditori - Centro Studi sull'Imprenditoria Migrante,MIGRARE_NELL_CENTRO_STUDI,,DEFINITIVA,logica applicativa o presentazionale,import del file,Finalità statistica o documentale,export function sanityCheck(obs: NormalizedObservation[]): {
funzione,runEurostatIngest,src/lib/external-data/eurostat/apply-lfsa-esgan.ts,runEurostatIngest:312,CENTRO_STUDI,Immigrati Imprenditori - Centro Studi sull'Imprenditoria Migrante,MIGRARE_NELL_CENTRO_STUDI,,DEFINITIVA,logica applicativa o presentazionale,import del file,Finalità statistica o documentale,export async function runEurostatIngest(mode: ApplyMode): Promise<ApplyResult> {
funzione_arrow_o_costante,EUROSTAT_LFSA_ESGAN,src/lib/external-data/eurostat/lfsa-esgan.ts,EUROSTAT_LFSA_ESGAN:13,CENTRO_STUDI,Immigrati Imprenditori - Centro Studi sull'Imprenditoria Migrante,MIGRARE_NELL_CENTRO_STUDI,,DEFINITIVA,logica applicativa o presentazionale,import del file,Finalità statistica o documentale,export const EUROSTAT_LFSA_ESGAN = {
funzione,parseLfsaEsganDataset,src/lib/external-data/eurostat/lfsa-esgan.ts,parseLfsaEsganDataset:122,CENTRO_STUDI,Immigrati Imprenditori - Centro Studi sull'Imprenditoria Migrante,MIGRARE_NELL_CENTRO_STUDI,,DEFINITIVA,logica applicativa o presentazionale,import del file,Finalità statistica o documentale,export function parseLfsaEsganDataset(
funzione,dryRunLfsaEsgan,src/lib/external-data/eurostat/lfsa-esgan.ts,dryRunLfsaEsgan:257,CENTRO_STUDI,Immigrati Imprenditori - Centro Studi sull'Imprenditoria Migrante,MIGRARE_NELL_CENTRO_STUDI,,DEFINITIVA,logica applicativa o presentazionale,import del file,Finalità statistica o documentale,export function dryRunLfsaEsgan(
funzione,buildLfsaEsganUrl,src/lib/external-data/eurostat/lfsa-esgan.ts,buildLfsaEsganUrl:309,CENTRO_STUDI,Immigrati Imprenditori - Centro Studi sull'Imprenditoria Migrante,MIGRARE_NELL_CENTRO_STUDI,,DEFINITIVA,logica applicativa o presentazionale,import del file,Finalità statistica o documentale,export function buildLfsaEsganUrl(params: {
funzione,updateProfileAction,src/lib/profile/actions.ts,updateProfileAction:18,CONDIVISO,Entrambi con versioni indipendenti,ESTRARRE_O_DUPLICARE,PACKAGE_VERSIONATO,DEFINITIVA,logica applicativa o presentazionale,import del file,Catalogo o utilità tecnica neutrale,export async function updateProfileAction(
funzione,eventsDryRunUsage,src/lib/external-data/events/dry-run.ts,eventsDryRunUsage:89,CONDIVISO,Entrambi con dati separati,DUPLICARE_SCHEMA_O_ESTRARRE_MOTORE,SCHEMA_TEMPLATE_DUPLICATO,DEFINITIVA,logica applicativa o presentazionale,import del file,Eventi B2B e osservatorio separati per tassonomia e dati,export function eventsDryRunUsage(): string {
funzione,parseEventsDryRunArgs,src/lib/external-data/events/dry-run.ts,parseEventsDryRunArgs:118,CONDIVISO,Entrambi con dati separati,DUPLICARE_SCHEMA_O_ESTRARRE_MOTORE,SCHEMA_TEMPLATE_DUPLICATO,DEFINITIVA,logica applicativa o presentazionale,import del file,Eventi B2B e osservatorio separati per tassonomia e dati,export function parseEventsDryRunArgs(argv: string[]): EventsDryRunArgs {
funzione,createPublicFetcher,src/lib/external-data/events/dry-run.ts,createPublicFetcher:191,CONDIVISO,Entrambi con dati separati,DUPLICARE_SCHEMA_O_ESTRARRE_MOTORE,SCHEMA_TEMPLATE_DUPLICATO,DEFINITIVA,logica applicativa o presentazionale,import del file,Eventi B2B e osservatorio separati per tassonomia e dati,export function createPublicFetcher(
funzione,extractEventJsonLd,src/lib/external-data/events/dry-run.ts,extractEventJsonLd:270,CONDIVISO,Entrambi con dati separati,DUPLICARE_SCHEMA_O_ESTRARRE_MOTORE,SCHEMA_TEMPLATE_DUPLICATO,DEFINITIVA,logica applicativa o presentazionale,import del file,Eventi B2B e osservatorio separati per tassonomia e dati,export function extractEventJsonLd(html: string): JsonObject[] {
funzione,extractAllowedDetailLinks,src/lib/external-data/events/dry-run.ts,extractAllowedDetailLinks:284,CONDIVISO,Entrambi con dati separati,DUPLICARE_SCHEMA_O_ESTRARRE_MOTORE,SCHEMA_TEMPLATE_DUPLICATO,DEFINITIVA,logica applicativa o presentazionale,import del file,Eventi B2B e osservatorio separati per tassonomia e dati,export function extractAllowedDetailLinks(
funzione,jsonLdToCandidate,src/lib/external-data/events/dry-run.ts,jsonLdToCandidate:339,CONDIVISO,Entrambi con dati separati,DUPLICARE_SCHEMA_O_ESTRARRE_MOTORE,SCHEMA_TEMPLATE_DUPLICATO,DEFINITIVA,logica applicativa o presentazionale,import del file,Eventi B2B e osservatorio separati per tassonomia e dati,export function jsonLdToCandidate(
funzione,authorizedTimezone,src/lib/external-data/events/dry-run.ts,authorizedTimezone:403,CONDIVISO,Entrambi con dati separati,DUPLICARE_SCHEMA_O_ESTRARRE_MOTORE,SCHEMA_TEMPLATE_DUPLICATO,DEFINITIVA,logica applicativa o presentazionale,import del file,Eventi B2B e osservatorio separati per tassonomia e dati,export function authorizedTimezone(
funzione,selectEventsDryRunCandidates,src/lib/external-data/events/dry-run.ts,selectEventsDryRunCandidates:521,CONDIVISO,Entrambi con dati separati,DUPLICARE_SCHEMA_O_ESTRARRE_MOTORE,SCHEMA_TEMPLATE_DUPLICATO,DEFINITIVA,logica applicativa o presentazionale,import del file,Eventi B2B e osservatorio separati per tassonomia e dati,export function selectEventsDryRunCandidates(
funzione,runEventsDryRun,src/lib/external-data/events/dry-run.ts,runEventsDryRun:549,CONDIVISO,Entrambi con dati separati,DUPLICARE_SCHEMA_O_ESTRARRE_MOTORE,SCHEMA_TEMPLATE_DUPLICATO,DEFINITIVA,logica applicativa o presentazionale,import del file,Eventi B2B e osservatorio separati per tassonomia e dati,export async function runEventsDryRun(
funzione,provisionAccountForAuthUser,src/lib/access/provision-account.ts,provisionAccountForAuthUser:12,PONTE_IMPRESE,PonteImprese,MIGRARE_IN_PONTEIMPRESE,,DEFINITIVA,logica applicativa o presentazionale,import del file,"Funzione operativa, identitaria o commerciale",export async function provisionAccountForAuthUser(
funzione,loadSelfDeletePreflight,src/lib/access/self-delete-actions.ts,loadSelfDeletePreflight:21,PONTE_IMPRESE,PonteImprese,MIGRARE_E_RIVALUTARE,,DEFINITIVA,logica applicativa o presentazionale,import del file,Responsabilità legale legata ai dati operativi attuali,export async function loadSelfDeletePreflight(): Promise<
funzione,selfDeleteAccountAction,src/lib/access/self-delete-actions.ts,selfDeleteAccountAction:51,PONTE_IMPRESE,PonteImprese,MIGRARE_E_RIVALUTARE,,DEFINITIVA,logica applicativa o presentazionale,import del file,Responsabilità legale legata ai dati operativi attuali,export async function selfDeleteAccountAction(
funzione,ensureAccountProvisioned,src/lib/access/ensure-account.ts,ensureAccountProvisioned:8,PONTE_IMPRESE,PonteImprese,MIGRARE_IN_PONTEIMPRESE,,DEFINITIVA,logica applicativa o presentazionale,import del file,"Funzione operativa, identitaria o commerciale",export async function ensureAccountProvisioned(authUserId: string): Promise<{
funzione_arrow_o_costante,SELF_DELETE_CONFIRM_PHRASE,src/lib/access/self-delete.ts,SELF_DELETE_CONFIRM_PHRASE:34,PONTE_IMPRESE,PonteImprese,MIGRARE_E_RIVALUTARE,,DEFINITIVA,logica applicativa o presentazionale,import del file,Responsabilità legale legata ai dati operativi attuali,"export const SELF_DELETE_CONFIRM_PHRASE = ""CANCELLA"";"
funzione_arrow_o_costante,SELF_DELETE_USER_COPY,src/lib/access/self-delete.ts,SELF_DELETE_USER_COPY:36,PONTE_IMPRESE,PonteImprese,MIGRARE_E_RIVALUTARE,,DEFINITIVA,logica applicativa o presentazionale,import del file,Responsabilità legale legata ai dati operativi attuali,export const SELF_DELETE_USER_COPY = {
funzione,parseSelfDeletePreflight,src/lib/access/self-delete.ts,parseSelfDeletePreflight:47,PONTE_IMPRESE,PonteImprese,MIGRARE_E_RIVALUTARE,,DEFINITIVA,logica applicativa o presentazionale,import del file,Responsabilità legale legata ai dati operativi attuali,export function parseSelfDeletePreflight(raw: unknown): SelfDeletePreflight | null {
funzione,selfDeleteBlockerMessage,src/lib/access/self-delete.ts,selfDeleteBlockerMessage:78,PONTE_IMPRESE,PonteImprese,MIGRARE_E_RIVALUTARE,,DEFINITIVA,logica applicativa o presentazionale,import del file,Responsabilità legale legata ai dati operativi attuali,export function selfDeleteBlockerMessage(
funzione,normalizeEventsUrl,src/lib/external-data/events/acquisition.ts,normalizeEventsUrl:278,CONDIVISO,Entrambi con dati separati,DUPLICARE_SCHEMA_O_ESTRARRE_MOTORE,SCHEMA_TEMPLATE_DUPLICATO,DEFINITIVA,logica applicativa o presentazionale,import del file,Eventi B2B e osservatorio separati per tassonomia e dati,export function normalizeEventsUrl(raw: string): UrlSecurityResult {
funzione,assertEventsUrlAllowed,src/lib/external-data/events/acquisition.ts,assertEventsUrlAllowed:330,CONDIVISO,Entrambi con dati separati,DUPLICARE_SCHEMA_O_ESTRARRE_MOTORE,SCHEMA_TEMPLATE_DUPLICATO,DEFINITIVA,logica applicativa o presentazionale,import del file,Eventi B2B e osservatorio separati per tassonomia e dati,export function assertEventsUrlAllowed(
funzione,assertEventsRedirectAllowed,src/lib/external-data/events/acquisition.ts,assertEventsRedirectAllowed:372,CONDIVISO,Entrambi con dati separati,DUPLICARE_SCHEMA_O_ESTRARRE_MOTORE,SCHEMA_TEMPLATE_DUPLICATO,DEFINITIVA,logica applicativa o presentazionale,import del file,Eventi B2B e osservatorio separati per tassonomia e dati,export function assertEventsRedirectAllowed(
funzione,extractEventsExternalId,src/lib/external-data/events/acquisition.ts,extractEventsExternalId:379,CONDIVISO,Entrambi con dati separati,DUPLICARE_SCHEMA_O_ESTRARRE_MOTORE,SCHEMA_TEMPLATE_DUPLICATO,DEFINITIVA,logica applicativa o presentazionale,import del file,Eventi B2B e osservatorio separati per tassonomia e dati,export function extractEventsExternalId(
funzione,eventsFingerprint,src/lib/external-data/events/acquisition.ts,eventsFingerprint:411,CONDIVISO,Entrambi con dati separati,DUPLICARE_SCHEMA_O_ESTRARRE_MOTORE,SCHEMA_TEMPLATE_DUPLICATO,DEFINITIVA,logica applicativa o presentazionale,import del file,Eventi B2B e osservatorio separati per tassonomia e dati,export function eventsFingerprint(input: {
funzione,eventsCrossSourceFingerprint,src/lib/external-data/events/acquisition.ts,eventsCrossSourceFingerprint:430,CONDIVISO,Entrambi con dati separati,DUPLICARE_SCHEMA_O_ESTRARRE_MOTORE,SCHEMA_TEMPLATE_DUPLICATO,DEFINITIVA,logica applicativa o presentazionale,import del file,Eventi B2B e osservatorio separati per tassonomia e dati,export function eventsCrossSourceFingerprint(input: {
funzione,eventsNaturalKey,src/lib/external-data/events/acquisition.ts,eventsNaturalKey:462,CONDIVISO,Entrambi con dati separati,DUPLICARE_SCHEMA_O_ESTRARRE_MOTORE,SCHEMA_TEMPLATE_DUPLICATO,DEFINITIVA,logica applicativa o presentazionale,import del file,Eventi B2B e osservatorio separati per tassonomia e dati,export function eventsNaturalKey(input: {
funzione,assertMetadataOnlyEventPayload,src/lib/external-data/events/acquisition.ts,assertMetadataOnlyEventPayload:497,CONDIVISO,Entrambi con dati separati,DUPLICARE_SCHEMA_O_ESTRARRE_MOTORE,SCHEMA_TEMPLATE_DUPLICATO,DEFINITIVA,logica applicativa o presentazionale,import del file,Eventi B2B e osservatorio separati per tassonomia e dati,export function assertMetadataOnlyEventPayload(candidate: {
funzione,eventsPublishAuthorization,src/lib/external-data/events/acquisition.ts,eventsPublishAuthorization:636,CONDIVISO,Entrambi con dati separati,DUPLICARE_SCHEMA_O_ESTRARRE_MOTORE,SCHEMA_TEMPLATE_DUPLICATO,DEFINITIVA,logica applicativa o presentazionale,import del file,Eventi B2B e osservatorio separati per tassonomia e dati,export function eventsPublishAuthorization(): {
funzione,normalizeEventsAcquisition,src/lib/external-data/events/acquisition.ts,normalizeEventsAcquisition:647,CONDIVISO,Entrambi con dati separati,DUPLICARE_SCHEMA_O_ESTRARRE_MOTORE,SCHEMA_TEMPLATE_DUPLICATO,DEFINITIVA,logica applicativa o presentazionale,import del file,Eventi B2B e osservatorio separati per tassonomia e dati,export function normalizeEventsAcquisition(
funzione,dedupeEventsCandidates,src/lib/external-data/events/acquisition.ts,dedupeEventsCandidates:782,CONDIVISO,Entrambi con dati separati,DUPLICARE_SCHEMA_O_ESTRARRE_MOTORE,SCHEMA_TEMPLATE_DUPLICATO,DEFINITIVA,logica applicativa o presentazionale,import del file,Eventi B2B e osservatorio separati per tassonomia e dati,export function dedupeEventsCandidates(
funzione,mergeCrossSourceEvents,src/lib/external-data/events/acquisition.ts,mergeCrossSourceEvents:829,CONDIVISO,Entrambi con dati separati,DUPLICARE_SCHEMA_O_ESTRARRE_MOTORE,SCHEMA_TEMPLATE_DUPLICATO,DEFINITIVA,logica applicativa o presentazionale,import del file,Eventi B2B e osservatorio separati per tassonomia e dati,export function mergeCrossSourceEvents(
funzione,planEventsRefresh,src/lib/external-data/events/acquisition.ts,planEventsRefresh:870,CONDIVISO,Entrambi con dati separati,DUPLICARE_SCHEMA_O_ESTRARRE_MOTORE,SCHEMA_TEMPLATE_DUPLICATO,DEFINITIVA,logica applicativa o presentazionale,import del file,Eventi B2B e osservatorio separati per tassonomia e dati,export function planEventsRefresh(
funzione_arrow_o_costante,WORLDBANK_INDICATORS,src/lib/external-data/worldbank/indicators.ts,WORLDBANK_INDICATORS:15,CENTRO_STUDI,Immigrati Imprenditori - Centro Studi sull'Imprenditoria Migrante,MIGRARE_NELL_CENTRO_STUDI,,DEFINITIVA,logica applicativa o presentazionale,import del file,Finalità statistica o documentale,export const WORLDBANK_INDICATORS = {
funzione_arrow_o_costante,WB_INDICATOR_CATALOG,src/lib/external-data/worldbank/indicators.ts,WB_INDICATOR_CATALOG:72,CENTRO_STUDI,Immigrati Imprenditori - Centro Studi sull'Imprenditoria Migrante,MIGRARE_NELL_CENTRO_STUDI,,DEFINITIVA,logica applicativa o presentazionale,import del file,Finalità statistica o documentale,"export const WB_INDICATOR_CATALOG: Record<WbIndicatorCode, WbIndicatorMeta> = {"
funzione,assertPilotBounds,src/lib/external-data/worldbank/indicators.ts,assertPilotBounds:239,CENTRO_STUDI,Immigrati Imprenditori - Centro Studi sull'Imprenditoria Migrante,MIGRARE_NELL_CENTRO_STUDI,,DEFINITIVA,logica applicativa o presentazionale,import del file,Finalità statistica o documentale,export function assertPilotBounds(input: {
funzione,normalizeCountryCode,src/lib/external-data/worldbank/indicators.ts,normalizeCountryCode:259,CENTRO_STUDI,Immigrati Imprenditori - Centro Studi sull'Imprenditoria Migrante,MIGRARE_NELL_CENTRO_STUDI,,DEFINITIVA,logica applicativa o presentazionale,import del file,Finalità statistica o documentale,export function normalizeCountryCode(input: {
funzione,buildWorldBankIndicatorUrl,src/lib/external-data/worldbank/indicators.ts,buildWorldBankIndicatorUrl:284,CENTRO_STUDI,Immigrati Imprenditori - Centro Studi sull'Imprenditoria Migrante,MIGRARE_NELL_CENTRO_STUDI,,DEFINITIVA,logica applicativa o presentazionale,import del file,Finalità statistica o documentale,export function buildWorldBankIndicatorUrl(params: {
funzione,assertWorldBankPayload,src/lib/external-data/worldbank/indicators.ts,assertWorldBankPayload:305,CENTRO_STUDI,Immigrati Imprenditori - Centro Studi sull'Imprenditoria Migrante,MIGRARE_NELL_CENTRO_STUDI,,DEFINITIVA,logica applicativa o presentazionale,import del file,Finalità statistica o documentale,export function assertWorldBankPayload(payload: unknown): asserts payload is WbApiPayload {
funzione,classifyValue,src/lib/external-data/worldbank/indicators.ts,classifyValue:319,CENTRO_STUDI,Immigrati Imprenditori - Centro Studi sull'Imprenditoria Migrante,MIGRARE_NELL_CENTRO_STUDI,,DEFINITIVA,logica applicativa o presentazionale,import del file,Finalità statistica o documentale,export function classifyValue(
funzione,mapWorldBankObservation,src/lib/external-data/worldbank/indicators.ts,mapWorldBankObservation:377,CENTRO_STUDI,Immigrati Imprenditori - Centro Studi sull'Imprenditoria Migrante,MIGRARE_NELL_CENTRO_STUDI,,DEFINITIVA,logica applicativa o presentazionale,import del file,Finalità statistica o documentale,export function mapWorldBankObservation(
funzione,selectPilotObservations,src/lib/external-data/worldbank/indicators.ts,selectPilotObservations:561,CENTRO_STUDI,Immigrati Imprenditori - Centro Studi sull'Imprenditoria Migrante,MIGRARE_NELL_CENTRO_STUDI,,DEFINITIVA,logica applicativa o presentazionale,import del file,Finalità statistica o documentale,export function selectPilotObservations(
funzione,parseWorldBankPayload,src/lib/external-data/worldbank/indicators.ts,parseWorldBankPayload:578,CENTRO_STUDI,Immigrati Imprenditori - Centro Studi sull'Imprenditoria Migrante,MIGRARE_NELL_CENTRO_STUDI,,DEFINITIVA,logica applicativa o presentazionale,import del file,Finalità statistica o documentale,export function parseWorldBankPayload(
funzione,dryRunWorldBank,src/lib/external-data/worldbank/indicators.ts,dryRunWorldBank:652,CENTRO_STUDI,Immigrati Imprenditori - Centro Studi sull'Imprenditoria Migrante,MIGRARE_NELL_CENTRO_STUDI,,DEFINITIVA,logica applicativa o presentazionale,import del file,Finalità statistica o documentale,export function dryRunWorldBank(
funzione,fetchWorldBankIndicator,src/lib/external-data/worldbank/indicators.ts,fetchWorldBankIndicator:745,CENTRO_STUDI,Immigrati Imprenditori - Centro Studi sull'Imprenditoria Migrante,MIGRARE_NELL_CENTRO_STUDI,,DEFINITIVA,logica applicativa o presentazionale,import del file,Finalità statistica o documentale,export async function fetchWorldBankIndicator(params: {
funzione,fetchWorldBankPilot,src/lib/external-data/worldbank/indicators.ts,fetchWorldBankPilot:769,CENTRO_STUDI,Immigrati Imprenditori - Centro Studi sull'Imprenditoria Migrante,MIGRARE_NELL_CENTRO_STUDI,,DEFINITIVA,logica applicativa o presentazionale,import del file,Finalità statistica o documentale,export async function fetchWorldBankPilot(options?: {
funzione,simulateRevision,src/lib/external-data/worldbank/indicators.ts,simulateRevision:802,CENTRO_STUDI,Immigrati Imprenditori - Centro Studi sull'Imprenditoria Migrante,MIGRARE_NELL_CENTRO_STUDI,,DEFINITIVA,logica applicativa o presentazionale,import del file,Finalità statistica o documentale,export function simulateRevision(
funzione_arrow_o_costante,EVENTI_ACQUISITION,src/lib/external-data/events/allowlist.ts,EVENTI_ACQUISITION:54,CONDIVISO,Entrambi con dati separati,DUPLICARE_SCHEMA_O_ESTRARRE_MOTORE,SCHEMA_TEMPLATE_DUPLICATO,DEFINITIVA,logica applicativa o presentazionale,import del file,Eventi B2B e osservatorio separati per tassonomia e dati,export const EVENTI_ACQUISITION = {
funzione_arrow_o_costante,EVENTS_SOURCE_ALLOWLIST,src/lib/external-data/events/allowlist.ts,EVENTS_SOURCE_ALLOWLIST:92,CONDIVISO,Entrambi con dati separati,DUPLICARE_SCHEMA_O_ESTRARRE_MOTORE,SCHEMA_TEMPLATE_DUPLICATO,DEFINITIVA,logica applicativa o presentazionale,import del file,Eventi B2B e osservatorio separati per tassonomia e dati,export const EVENTS_SOURCE_ALLOWLIST: readonly EventsSourceAllowlistEntry[] = [
funzione,getEventsSource,src/lib/external-data/events/allowlist.ts,getEventsSource:243,CONDIVISO,Entrambi con dati separati,DUPLICARE_SCHEMA_O_ESTRARRE_MOTORE,SCHEMA_TEMPLATE_DUPLICATO,DEFINITIVA,logica applicativa o presentazionale,import del file,Eventi B2B e osservatorio separati per tassonomia e dati,export function getEventsSource(
funzione,assertKnownEventsSource,src/lib/external-data/events/allowlist.ts,assertKnownEventsSource:249,CONDIVISO,Entrambi con dati separati,DUPLICARE_SCHEMA_O_ESTRARRE_MOTORE,SCHEMA_TEMPLATE_DUPLICATO,DEFINITIVA,logica applicativa o presentazionale,import del file,Eventi B2B e osservatorio separati per tassonomia e dati,export function assertKnownEventsSource(
funzione,listActiveEventsSourceCodes,src/lib/external-data/events/allowlist.ts,listActiveEventsSourceCodes:264,CONDIVISO,Entrambi con dati separati,DUPLICARE_SCHEMA_O_ESTRARRE_MOTORE,SCHEMA_TEMPLATE_DUPLICATO,DEFINITIVA,logica applicativa o presentazionale,import del file,Eventi B2B e osservatorio separati per tassonomia e dati,export function listActiveEventsSourceCodes(): EventsSourceCode[] {
funzione,listEventsSourceCodes,src/lib/external-data/events/allowlist.ts,listEventsSourceCodes:270,CONDIVISO,Entrambi con dati separati,DUPLICARE_SCHEMA_O_ESTRARRE_MOTORE,SCHEMA_TEMPLATE_DUPLICATO,DEFINITIVA,logica applicativa o presentazionale,import del file,Eventi B2B e osservatorio separati per tassonomia e dati,export function listEventsSourceCodes(): string[] {
funzione,isEventsSourceCode,src/lib/external-data/events/allowlist.ts,isEventsSourceCode:274,CONDIVISO,Entrambi con dati separati,DUPLICARE_SCHEMA_O_ESTRARRE_MOTORE,SCHEMA_TEMPLATE_DUPLICATO,DEFINITIVA,logica applicativa o presentazionale,import del file,Eventi B2B e osservatorio separati per tassonomia e dati,export function isEventsSourceCode(value: string): value is EventsSourceCode {
funzione,yearBounds,src/lib/external-data/natural-key.ts,yearBounds:3,PONTE_IMPRESE,PonteImprese,MIGRARE_IN_PONTEIMPRESE,,DEFINITIVA,logica applicativa o presentazionale,import del file,"Funzione operativa, identitaria o commerciale","export function yearBounds(year: number): { start: string; end: string } {"
funzione,eurostatLfsaEsganKey,src/lib/external-data/natural-key.ts,eurostatLfsaEsganKey:13,CENTRO_STUDI,Immigrati Imprenditori - Centro Studi sull'Imprenditoria Migrante,MIGRARE_NELL_CENTRO_STUDI,,DEFINITIVA,logica applicativa o presentazionale,import del file,Finalità statistica o documentale,export function eurostatLfsaEsganKey(parts: {
funzione,unioncamereStockKey,src/lib/external-data/natural-key.ts,unioncamereStockKey:34,CENTRO_STUDI,Immigrati Imprenditori - Centro Studi sull'Imprenditoria Migrante,MIGRARE_NELL_CENTRO_STUDI,,DEFINITIVA,logica applicativa o presentazionale,import del file,Finalità statistica o documentale,export function unioncamereStockKey(parts: {
funzione,worldbankIndicatorKey,src/lib/external-data/natural-key.ts,worldbankIndicatorKey:43,CENTRO_STUDI,Immigrati Imprenditori - Centro Studi sull'Imprenditoria Migrante,MIGRARE_NELL_CENTRO_STUDI,,DEFINITIVA,logica applicativa o presentazionale,import del file,Finalità statistica o documentale,export function worldbankIndicatorKey(parts: {
funzione_arrow_o_costante,CONTENUTI_ACQUISITION,src/lib/external-data/contents/allowlist.ts,CONTENUTI_ACQUISITION:60,CENTRO_STUDI,Immigrati Imprenditori - Centro Studi sull'Imprenditoria Migrante,MIGRARE_E_SCINDERE_LINK,API_READ_ONLY,DEFINITIVA,logica applicativa o presentazionale,import del file,Oggetto editoriale con possibili riferimenti commerciali,export const CONTENUTI_ACQUISITION = {
funzione_arrow_o_costante,CONTENUTI_SOURCE_ALLOWLIST,src/lib/external-data/contents/allowlist.ts,CONTENUTI_SOURCE_ALLOWLIST:101,CENTRO_STUDI,Immigrati Imprenditori - Centro Studi sull'Imprenditoria Migrante,MIGRARE_E_SCINDERE_LINK,API_READ_ONLY,DEFINITIVA,logica applicativa o presentazionale,import del file,Oggetto editoriale con possibili riferimenti commerciali,export const CONTENUTI_SOURCE_ALLOWLIST: readonly ContentsSourceAllowlistEntry[] =
funzione,getContentsSource,src/lib/external-data/contents/allowlist.ts,getContentsSource:236,CENTRO_STUDI,Immigrati Imprenditori - Centro Studi sull'Imprenditoria Migrante,MIGRARE_E_SCINDERE_LINK,API_READ_ONLY,DEFINITIVA,logica applicativa o presentazionale,import del file,Oggetto editoriale con possibili riferimenti commerciali,export function getContentsSource(
funzione,assertKnownContentsSource,src/lib/external-data/contents/allowlist.ts,assertKnownContentsSource:242,CENTRO_STUDI,Immigrati Imprenditori - Centro Studi sull'Imprenditoria Migrante,MIGRARE_E_SCINDERE_LINK,API_READ_ONLY,DEFINITIVA,logica applicativa o presentazionale,import del file,Oggetto editoriale con possibili riferimenti commerciali,export function assertKnownContentsSource(
funzione,listActiveContentsSourceCodes,src/lib/external-data/contents/allowlist.ts,listActiveContentsSourceCodes:255,CENTRO_STUDI,Immigrati Imprenditori - Centro Studi sull'Imprenditoria Migrante,MIGRARE_E_SCINDERE_LINK,API_READ_ONLY,DEFINITIVA,logica applicativa o presentazionale,import del file,Oggetto editoriale con possibili riferimenti commerciali,export function listActiveContentsSourceCodes(): ContentsSourceCode[] {
funzione,normalizeContentsUrl,src/lib/external-data/contents/acquisition.ts,normalizeContentsUrl:255,CENTRO_STUDI,Immigrati Imprenditori - Centro Studi sull'Imprenditoria Migrante,MIGRARE_E_SCINDERE_LINK,API_READ_ONLY,DEFINITIVA,logica applicativa o presentazionale,import del file,Oggetto editoriale con possibili riferimenti commerciali,export function normalizeContentsUrl(raw: string): UrlSecurityResult {
funzione,assertContentsUrlAllowed,src/lib/external-data/contents/acquisition.ts,assertContentsUrlAllowed:314,CENTRO_STUDI,Immigrati Imprenditori - Centro Studi sull'Imprenditoria Migrante,MIGRARE_E_SCINDERE_LINK,API_READ_ONLY,DEFINITIVA,logica applicativa o presentazionale,import del file,Oggetto editoriale con possibili riferimenti commerciali,export function assertContentsUrlAllowed(
funzione,assertContentsRedirectAllowed,src/lib/external-data/contents/acquisition.ts,assertContentsRedirectAllowed:361,CENTRO_STUDI,Immigrati Imprenditori - Centro Studi sull'Imprenditoria Migrante,MIGRARE_E_SCINDERE_LINK,API_READ_ONLY,DEFINITIVA,logica applicativa o presentazionale,import del file,Oggetto editoriale con possibili riferimenti commerciali,export function assertContentsRedirectAllowed(
funzione,contentsFingerprint,src/lib/external-data/contents/acquisition.ts,contentsFingerprint:368,CENTRO_STUDI,Immigrati Imprenditori - Centro Studi sull'Imprenditoria Migrante,MIGRARE_E_SCINDERE_LINK,API_READ_ONLY,DEFINITIVA,logica applicativa o presentazionale,import del file,Oggetto editoriale con possibili riferimenti commerciali,export function contentsFingerprint(input: {
funzione,contentsNaturalKey,src/lib/external-data/contents/acquisition.ts,contentsNaturalKey:388,CENTRO_STUDI,Immigrati Imprenditori - Centro Studi sull'Imprenditoria Migrante,MIGRARE_E_SCINDERE_LINK,API_READ_ONLY,DEFINITIVA,logica applicativa o presentazionale,import del file,Oggetto editoriale con possibili riferimenti commerciali,export function contentsNaturalKey(input: {
funzione,assertMetadataOnlyPayload,src/lib/external-data/contents/acquisition.ts,assertMetadataOnlyPayload:423,CENTRO_STUDI,Immigrati Imprenditori - Centro Studi sull'Imprenditoria Migrante,MIGRARE_E_SCINDERE_LINK,API_READ_ONLY,DEFINITIVA,logica applicativa o presentazionale,import del file,Oggetto editoriale con possibili riferimenti commerciali,export function assertMetadataOnlyPayload(candidate: {
funzione,normalizeContentsAcquisition,src/lib/external-data/contents/acquisition.ts,normalizeContentsAcquisition:494,CENTRO_STUDI,Immigrati Imprenditori - Centro Studi sull'Imprenditoria Migrante,MIGRARE_E_SCINDERE_LINK,API_READ_ONLY,DEFINITIVA,logica applicativa o presentazionale,import del file,Oggetto editoriale con possibili riferimenti commerciali,export function normalizeContentsAcquisition(
funzione,planContentsRefresh,src/lib/external-data/contents/acquisition.ts,planContentsRefresh:641,CENTRO_STUDI,Immigrati Imprenditori - Centro Studi sull'Imprenditoria Migrante,MIGRARE_E_SCINDERE_LINK,API_READ_ONLY,DEFINITIVA,logica applicativa o presentazionale,import del file,Oggetto editoriale con possibili riferimenti commerciali,export function planContentsRefresh(input: {
funzione,dedupeContentsCandidates,src/lib/external-data/contents/acquisition.ts,dedupeContentsCandidates:721,CENTRO_STUDI,Immigrati Imprenditori - Centro Studi sull'Imprenditoria Migrante,MIGRARE_E_SCINDERE_LINK,API_READ_ONLY,DEFINITIVA,logica applicativa o presentazionale,import del file,Oggetto editoriale con possibili riferimenti commerciali,export function dedupeContentsCandidates(
funzione,contentsPublishAuthorization,src/lib/external-data/contents/acquisition.ts,contentsPublishAuthorization:756,CENTRO_STUDI,Immigrati Imprenditori - Centro Studi sull'Imprenditoria Migrante,MIGRARE_E_SCINDERE_LINK,API_READ_ONLY,DEFINITIVA,logica applicativa o presentazionale,import del file,Oggetto editoriale con possibili riferimenti commerciali,export function contentsPublishAuthorization(input: {
funzione,isContentsSourceCode,src/lib/external-data/contents/acquisition.ts,isContentsSourceCode:778,CENTRO_STUDI,Immigrati Imprenditori - Centro Studi sull'Imprenditoria Migrante,MIGRARE_E_SCINDERE_LINK,API_READ_ONLY,DEFINITIVA,logica applicativa o presentazionale,import del file,Oggetto editoriale con possibili riferimenti commerciali,export function isContentsSourceCode(value: string): value is ContentsSourceCode {
funzione_arrow_o_costante,LOCAL_PILOT_MARKETS,src/lib/external-data/worldbank/apply-indicators.ts,LOCAL_PILOT_MARKETS:59,CENTRO_STUDI,Immigrati Imprenditori - Centro Studi sull'Imprenditoria Migrante,MIGRARE_NELL_CENTRO_STUDI,,DEFINITIVA,logica applicativa o presentazionale,import del file,Finalità statistica o documentale,export const LOCAL_PILOT_MARKETS = [
funzione,isLocalSupabaseUrl,src/lib/external-data/worldbank/apply-indicators.ts,isLocalSupabaseUrl:83,CENTRO_STUDI,Immigrati Imprenditori - Centro Studi sull'Imprenditoria Migrante,MIGRARE_NELL_CENTRO_STUDI,,DEFINITIVA,logica applicativa o presentazionale,import del file,Finalità statistica o documentale,export function isLocalSupabaseUrl(url: string): boolean {
funzione,assertLocalOnlyTarget,src/lib/external-data/worldbank/apply-indicators.ts,assertLocalOnlyTarget:96,CENTRO_STUDI,Immigrati Imprenditori - Centro Studi sull'Imprenditoria Migrante,MIGRARE_NELL_CENTRO_STUDI,,DEFINITIVA,logica applicativa o presentazionale,import del file,Finalità statistica o documentale,export function assertLocalOnlyTarget(url: string): void {
funzione,assertApplyTarget,src/lib/external-data/worldbank/apply-indicators.ts,assertApplyTarget:104,CENTRO_STUDI,Immigrati Imprenditori - Centro Studi sull'Imprenditoria Migrante,MIGRARE_NELL_CENTRO_STUDI,,DEFINITIVA,logica applicativa o presentazionale,import del file,Finalità statistica o documentale,export function assertApplyTarget(
funzione,parseNaturalKey,src/lib/external-data/worldbank/apply-indicators.ts,parseNaturalKey:125,CENTRO_STUDI,Immigrati Imprenditori - Centro Studi sull'Imprenditoria Migrante,MIGRARE_NELL_CENTRO_STUDI,,DEFINITIVA,logica applicativa o presentazionale,import del file,Finalità statistica o documentale,export function parseNaturalKey(
funzione,parseChecksum,src/lib/external-data/worldbank/apply-indicators.ts,parseChecksum:133,CENTRO_STUDI,Immigrati Imprenditori - Centro Studi sull'Imprenditoria Migrante,MIGRARE_NELL_CENTRO_STUDI,,DEFINITIVA,logica applicativa o presentazionale,import del file,Finalità statistica o documentale,export function parseChecksum(
funzione,resolveTargetUrl,src/lib/external-data/worldbank/apply-indicators.ts,resolveTargetUrl:157,CENTRO_STUDI,Immigrati Imprenditori - Centro Studi sull'Imprenditoria Migrante,MIGRARE_NELL_CENTRO_STUDI,,DEFINITIVA,logica applicativa o presentazionale,import del file,Finalità statistica o documentale,export function resolveTargetUrl(): string {
funzione,probeMercatiServiceRoleGrants,src/lib/external-data/worldbank/apply-indicators.ts,probeMercatiServiceRoleGrants:174,CENTRO_STUDI,Immigrati Imprenditori - Centro Studi sull'Imprenditoria Migrante,MIGRARE_NELL_CENTRO_STUDI,,DEFINITIVA,logica applicativa o presentazionale,import del file,Finalità statistica o documentale,export async function probeMercatiServiceRoleGrants(
funzione,loadMarketCatalogByIso2,src/lib/external-data/worldbank/apply-indicators.ts,loadMarketCatalogByIso2:195,CENTRO_STUDI,Immigrati Imprenditori - Centro Studi sull'Imprenditoria Migrante,MIGRARE_NELL_CENTRO_STUDI,,DEFINITIVA,logica applicativa o presentazionale,import del file,Finalità statistica o documentale,export async function loadMarketCatalogByIso2(
funzione,ensurePilotMarketCatalog,src/lib/external-data/worldbank/apply-indicators.ts,ensurePilotMarketCatalog:250,CENTRO_STUDI,Immigrati Imprenditori - Centro Studi sull'Imprenditoria Migrante,MIGRARE_NELL_CENTRO_STUDI,,DEFINITIVA,logica applicativa o presentazionale,import del file,Finalità statistica o documentale,export async function ensurePilotMarketCatalog(
funzione,ensureLocalPilotMarketCatalog,src/lib/external-data/worldbank/apply-indicators.ts,ensureLocalPilotMarketCatalog:324,CENTRO_STUDI,Immigrati Imprenditori - Centro Studi sull'Imprenditoria Migrante,MIGRARE_NELL_CENTRO_STUDI,,DEFINITIVA,logica applicativa o presentazionale,import del file,Finalità statistica o documentale,export async function ensureLocalPilotMarketCatalog(
funzione,loadExistingWbFingerprints,src/lib/external-data/worldbank/apply-indicators.ts,loadExistingWbFingerprints:331,CENTRO_STUDI,Immigrati Imprenditori - Centro Studi sull'Imprenditoria Migrante,MIGRARE_NELL_CENTRO_STUDI,,DEFINITIVA,logica applicativa o presentazionale,import del file,Finalità statistica o documentale,export async function loadExistingWbFingerprints(
funzione,runWorldBankIngest,src/lib/external-data/worldbank/apply-indicators.ts,runWorldBankIngest:445,CENTRO_STUDI,Immigrati Imprenditori - Centro Studi sull'Imprenditoria Migrante,MIGRARE_NELL_CENTRO_STUDI,,DEFINITIVA,logica applicativa o presentazionale,import del file,Finalità statistica o documentale,export async function runWorldBankIngest(
funzione,linkOwnPerson,src/lib/access/link-person.ts,linkOwnPerson:13,PONTE_IMPRESE,PonteImprese,MIGRARE_IN_PONTEIMPRESE,,DEFINITIVA,logica applicativa o presentazionale,import del file,"Funzione operativa, identitaria o commerciale",export async function linkOwnPerson(params: {
funzione,selectPilotOpportunities,src/lib/external-data/incentivi-gov/apply-opendata.ts,selectPilotOpportunities:82,PONTE_IMPRESE,PonteImprese,MIGRARE_IN_PONTEIMPRESE,,DEFINITIVA,logica applicativa o presentazionale,import del file,"Funzione operativa, identitaria o commerciale",export function selectPilotOpportunities(
funzione,runIncentiviGovIngest,src/lib/external-data/incentivi-gov/apply-opendata.ts,runIncentiviGovIngest:375,PONTE_IMPRESE,PonteImprese,MIGRARE_IN_PONTEIMPRESE,,DEFINITIVA,logica applicativa o presentazionale,import del file,"Funzione operativa, identitaria o commerciale",export async function runIncentiviGovIngest(
funzione_arrow_o_costante,INCENTIVI_GOV_OPENDATA,src/lib/external-data/incentivi-gov/opendata.ts,INCENTIVI_GOV_OPENDATA:10,PONTE_IMPRESE,PonteImprese,MIGRARE_IN_PONTEIMPRESE,,DEFINITIVA,logica applicativa o presentazionale,import del file,"Funzione operativa, identitaria o commerciale",export const INCENTIVI_GOV_OPENDATA = {
funzione,incentiviGovNaturalKey,src/lib/external-data/incentivi-gov/opendata.ts,incentiviGovNaturalKey:119,PONTE_IMPRESE,PonteImprese,MIGRARE_IN_PONTEIMPRESE,,DEFINITIVA,logica applicativa o presentazionale,import del file,"Funzione operativa, identitaria o commerciale",export function incentiviGovNaturalKey(nid: string): string {
funzione,assertIncentiviGovSchema,src/lib/external-data/incentivi-gov/opendata.ts,assertIncentiviGovSchema:148,PONTE_IMPRESE,PonteImprese,MIGRARE_IN_PONTEIMPRESE,,DEFINITIVA,logica applicativa o presentazionale,import del file,"Funzione operativa, identitaria o commerciale",export function assertIncentiviGovSchema(
funzione,resolveOfficialUrl,src/lib/external-data/incentivi-gov/opendata.ts,resolveOfficialUrl:163,PONTE_IMPRESE,PonteImprese,MIGRARE_IN_PONTEIMPRESE,,DEFINITIVA,logica applicativa o presentazionale,import del file,"Funzione operativa, identitaria o commerciale",export function resolveOfficialUrl(doc: IncentiviGovSolrDoc): string {
funzione,deriveTemporalAccessState,src/lib/external-data/incentivi-gov/opendata.ts,deriveTemporalAccessState:179,PONTE_IMPRESE,PonteImprese,MIGRARE_IN_PONTEIMPRESE,,DEFINITIVA,logica applicativa o presentazionale,import del file,"Funzione operativa, identitaria o commerciale",export function deriveTemporalAccessState(input: {
funzione,mapIncentiviGovDoc,src/lib/external-data/incentivi-gov/opendata.ts,mapIncentiviGovDoc:213,PONTE_IMPRESE,PonteImprese,MIGRARE_IN_PONTEIMPRESE,,DEFINITIVA,logica applicativa o presentazionale,import del file,"Funzione operativa, identitaria o commerciale",export function mapIncentiviGovDoc(
funzione,dryRunIncentiviGov,src/lib/external-data/incentivi-gov/opendata.ts,dryRunIncentiviGov:295,PONTE_IMPRESE,PonteImprese,MIGRARE_IN_PONTEIMPRESE,,DEFINITIVA,logica applicativa o presentazionale,import del file,"Funzione operativa, identitaria o commerciale",export function dryRunIncentiviGov(
funzione,buildSolrSelectUrl,src/lib/external-data/incentivi-gov/opendata.ts,buildSolrSelectUrl:438,PONTE_IMPRESE,PonteImprese,MIGRARE_IN_PONTEIMPRESE,,DEFINITIVA,logica applicativa o presentazionale,import del file,"Funzione operativa, identitaria o commerciale",export function buildSolrSelectUrl(params: {
funzione,fetchIncentiviGovOpenData,src/lib/external-data/incentivi-gov/opendata.ts,fetchIncentiviGovOpenData:470,PONTE_IMPRESE,PonteImprese,MIGRARE_IN_PONTEIMPRESE,,DEFINITIVA,logica applicativa o presentazionale,import del file,"Funzione operativa, identitaria o commerciale",export async function fetchIncentiviGovOpenData(options?: {
funzione,resolveContentsTargetUrl,src/lib/external-data/contents/apply-contents.ts,resolveContentsTargetUrl:95,CENTRO_STUDI,Immigrati Imprenditori - Centro Studi sull'Imprenditoria Migrante,MIGRARE_E_SCINDERE_LINK,API_READ_ONLY,DEFINITIVA,logica applicativa o presentazionale,import del file,Oggetto editoriale con possibili riferimenti commerciali,export function resolveContentsTargetUrl(): string {
funzione,isLocalSupabaseUrl,src/lib/external-data/contents/apply-contents.ts,isLocalSupabaseUrl:102,CENTRO_STUDI,Immigrati Imprenditori - Centro Studi sull'Imprenditoria Migrante,MIGRARE_E_SCINDERE_LINK,API_READ_ONLY,DEFINITIVA,logica applicativa o presentazionale,import del file,Oggetto editoriale con possibili riferimenti commerciali,export function isLocalSupabaseUrl(url: string): boolean {
funzione,preferFetchableContentsUrl,src/lib/external-data/contents/apply-contents.ts,preferFetchableContentsUrl:184,CENTRO_STUDI,Immigrati Imprenditori - Centro Studi sull'Imprenditoria Migrante,MIGRARE_E_SCINDERE_LINK,API_READ_ONLY,DEFINITIVA,logica applicativa o presentazionale,import del file,Oggetto editoriale con possibili riferimenti commerciali,export function preferFetchableContentsUrl(
funzione,checkPilotRedirects,src/lib/external-data/contents/apply-contents.ts,checkPilotRedirects:268,CENTRO_STUDI,Immigrati Imprenditori - Centro Studi sull'Imprenditoria Migrante,MIGRARE_E_SCINDERE_LINK,API_READ_ONLY,DEFINITIVA,logica applicativa o presentazionale,import del file,Oggetto editoriale con possibili riferimenti commerciali,export async function checkPilotRedirects(
funzione,normalizePilotBatch,src/lib/external-data/contents/apply-contents.ts,normalizePilotBatch:317,CENTRO_STUDI,Immigrati Imprenditori - Centro Studi sull'Imprenditoria Migrante,MIGRARE_E_SCINDERE_LINK,API_READ_ONLY,DEFINITIVA,logica applicativa o presentazionale,import del file,Oggetto editoriale con possibili riferimenti commerciali,export function normalizePilotBatch(
funzione,buildContentsDryRun,src/lib/external-data/contents/apply-contents.ts,buildContentsDryRun:412,CENTRO_STUDI,Immigrati Imprenditori - Centro Studi sull'Imprenditoria Migrante,MIGRARE_E_SCINDERE_LINK,API_READ_ONLY,DEFINITIVA,logica applicativa o presentazionale,import del file,Oggetto editoriale con possibili riferimenti commerciali,export function buildContentsDryRun(input: {
funzione,countPilotContents,src/lib/external-data/contents/apply-contents.ts,countPilotContents:591,CENTRO_STUDI,Immigrati Imprenditori - Centro Studi sull'Imprenditoria Migrante,MIGRARE_E_SCINDERE_LINK,API_READ_ONLY,DEFINITIVA,logica applicativa o presentazionale,import del file,Oggetto editoriale con possibili riferimenti commerciali,export async function countPilotContents(
funzione,runContentsPilotIngest,src/lib/external-data/contents/apply-contents.ts,runContentsPilotIngest:676,CENTRO_STUDI,Immigrati Imprenditori - Centro Studi sull'Imprenditoria Migrante,MIGRARE_E_SCINDERE_LINK,API_READ_ONLY,DEFINITIVA,logica applicativa o presentazionale,import del file,Oggetto editoriale con possibili riferimenti commerciali,export async function runContentsPilotIngest(options: {
funzione_arrow_o_costante,CONTENUTI_PILOT_RETRIEVED_AT,src/lib/external-data/contents/pilot-manifest.ts,CONTENUTI_PILOT_RETRIEVED_AT:10,CENTRO_STUDI,Immigrati Imprenditori - Centro Studi sull'Imprenditoria Migrante,MIGRARE_E_SCINDERE_LINK,API_READ_ONLY,DEFINITIVA,logica applicativa o presentazionale,import del file,Oggetto editoriale con possibili riferimenti commerciali,"export const CONTENUTI_PILOT_RETRIEVED_AT = ""2026-08-13T18:00:00.000Z"";"
funzione_arrow_o_costante,CONTENUTI_PILOT_EXCLUSIONS,src/lib/external-data/contents/pilot-manifest.ts,CONTENUTI_PILOT_EXCLUSIONS:13,CENTRO_STUDI,Immigrati Imprenditori - Centro Studi sull'Imprenditoria Migrante,MIGRARE_E_SCINDERE_LINK,API_READ_ONLY,DEFINITIVA,logica applicativa o presentazionale,import del file,Oggetto editoriale con possibili riferimenti commerciali,export const CONTENUTI_PILOT_EXCLUSIONS = [
funzione_arrow_o_costante,CONTENUTI_PILOT_CANDIDATES,src/lib/external-data/contents/pilot-manifest.ts,CONTENUTI_PILOT_CANDIDATES:66,CENTRO_STUDI,Immigrati Imprenditori - Centro Studi sull'Imprenditoria Migrante,MIGRARE_E_SCINDERE_LINK,API_READ_ONLY,DEFINITIVA,logica applicativa o presentazionale,import del file,Oggetto editoriale con possibili riferimenti commerciali,export const CONTENUTI_PILOT_CANDIDATES: readonly ContentsAcquisitionCandidate[] =
funzione,assertPilotCapsNotExceeded,src/lib/external-data/contents/pilot-manifest.ts,assertPilotCapsNotExceeded:406,CENTRO_STUDI,Immigrati Imprenditori - Centro Studi sull'Imprenditoria Migrante,MIGRARE_E_SCINDERE_LINK,API_READ_ONLY,DEFINITIVA,logica applicativa o presentazionale,import del file,Oggetto editoriale con possibili riferimenti commerciali,export function assertPilotCapsNotExceeded(
funzione,proxy,src/proxy.ts,proxy:4,CONDIVISO,Entrambi con implementazioni autonome,DUPLICAZIONE_CONTROLLATA,DUPLICAZIONE_CONTROLLATA,DEFINITIVA,logica applicativa o presentazionale,import del file,Fondazione tecnica neutrale,export async function proxy(request: NextRequest) {
funzione_arrow_o_costante,config,src/proxy.ts,config:8,CONDIVISO,Entrambi con implementazioni autonome,DUPLICAZIONE_CONTROLLATA,DUPLICAZIONE_CONTROLLATA,DEFINITIVA,logica applicativa o presentazionale,import del file,Fondazione tecnica neutrale,export const config = {
funzione_arrow_o_costante,sections,src/data/sections.ts,sections:3,PONTE_IMPRESE,PonteImprese,MIGRARE_IN_PONTEIMPRESE,,DEFINITIVA,logica applicativa o presentazionale,import del file,"Funzione operativa, identitaria o commerciale",export const sections = {
funzione_arrow_o_costante,primaryNav,src/data/navigation.ts,primaryNav:7,PONTE_IMPRESE,PonteImprese,MIGRARE_IN_PONTEIMPRESE,,DEFINITIVA,logica applicativa o presentazionale,import del file,"Funzione operativa, identitaria o commerciale",export const primaryNav: NavItem[] = [
funzione_arrow_o_costante,moreNav,src/data/navigation.ts,moreNav:16,PONTE_IMPRESE,PonteImprese,MIGRARE_IN_PONTEIMPRESE,,DEFINITIVA,logica applicativa o presentazionale,import del file,"Funzione operativa, identitaria o commerciale",export const moreNav: NavItem[] = [
funzione_arrow_o_costante,mainNav,src/data/navigation.ts,mainNav:27,PONTE_IMPRESE,PonteImprese,MIGRARE_IN_PONTEIMPRESE,,DEFINITIVA,logica applicativa o presentazionale,import del file,"Funzione operativa, identitaria o commerciale","export const mainNav: NavItem[] = [...primaryNav, ...moreNav];"
funzione_arrow_o_costante,footerNav,src/data/navigation.ts,footerNav:29,PONTE_IMPRESE,PonteImprese,MIGRARE_IN_PONTEIMPRESE,,DEFINITIVA,logica applicativa o presentazionale,import del file,"Funzione operativa, identitaria o commerciale",export const footerNav: NavItem[] = [
funzione_arrow_o_costante,publishCta,src/data/navigation.ts,publishCta:35,PONTE_IMPRESE,PonteImprese,MIGRARE_IN_PONTEIMPRESE,,DEFINITIVA,logica applicativa o presentazionale,import del file,"Funzione operativa, identitaria o commerciale",export const publishCta: NavItem = {
funzione_arrow_o_costante,loginCta,src/data/navigation.ts,loginCta:40,PONTE_IMPRESE,PonteImprese,MIGRARE_IN_PONTEIMPRESE,,DEFINITIVA,logica applicativa o presentazionale,import del file,"Funzione operativa, identitaria o commerciale",export const loginCta: NavItem = {
funzione_arrow_o_costante,signupCta,src/data/navigation.ts,signupCta:45,PONTE_IMPRESE,PonteImprese,MIGRARE_IN_PONTEIMPRESE,,DEFINITIVA,logica applicativa o presentazionale,import del file,"Funzione operativa, identitaria o commerciale",export const signupCta: NavItem = {
funzione_arrow_o_costante,appAreaCta,src/data/navigation.ts,appAreaCta:50,PONTE_IMPRESE,PonteImprese,MIGRARE_IN_PONTEIMPRESE,,DEFINITIVA,logica applicativa o presentazionale,import del file,"Funzione operativa, identitaria o commerciale",export const appAreaCta: NavItem = {
funzione_arrow_o_costante,PROFILE_SELF_EDITABLE_FIELDS,src/types/business.ts,PROFILE_SELF_EDITABLE_FIELDS:63,PONTE_IMPRESE,PonteImprese,MIGRARE_IN_PONTEIMPRESE,,DEFINITIVA,logica applicativa o presentazionale,import del file,"Funzione operativa, identitaria o commerciale",export const PROFILE_SELF_EDITABLE_FIELDS = [
funzione_arrow_o_costante,BUSINESS_ACT_EDITABLE_FIELDS,src/types/business.ts,BUSINESS_ACT_EDITABLE_FIELDS:99,PONTE_IMPRESE,PonteImprese,MIGRARE_IN_PONTEIMPRESE,,DEFINITIVA,logica applicativa o presentazionale,import del file,"Funzione operativa, identitaria o commerciale",export const BUSINESS_ACT_EDITABLE_FIELDS = [
funzione_arrow_o_costante,SELECTED_BUSINESS_COOKIE,src/types/business.ts,SELECTED_BUSINESS_COOKIE:129,PONTE_IMPRESE,PonteImprese,MIGRARE_E_RIVALUTARE,,DEFINITIVA,logica applicativa o presentazionale,import del file,Responsabilità legale legata ai dati operativi attuali,"export const SELECTED_BUSINESS_COOKIE = ""ii_selected_business_id"";"
funzione_arrow_o_costante,PLATFORM_IDENTITY,src/data/ecosystems.ts,PLATFORM_IDENTITY:24,PONTE_IMPRESE,PonteImprese,MIGRARE_IN_PONTEIMPRESE,,DEFINITIVA,logica applicativa o presentazionale,import del file,"Funzione operativa, identitaria o commerciale",export const PLATFORM_IDENTITY =
funzione_arrow_o_costante,PLATFORM_VALUE_PROPOSITION,src/data/ecosystems.ts,PLATFORM_VALUE_PROPOSITION:27,PONTE_IMPRESE,PonteImprese,MIGRARE_IN_PONTEIMPRESE,,DEFINITIVA,logica applicativa o presentazionale,import del file,"Funzione operativa, identitaria o commerciale",export const PLATFORM_VALUE_PROPOSITION =
funzione_arrow_o_costante,ecosystems,src/data/ecosystems.ts,ecosystems:30,PONTE_IMPRESE,PonteImprese,MIGRARE_IN_PONTEIMPRESE,,DEFINITIVA,logica applicativa o presentazionale,import del file,"Funzione operativa, identitaria o commerciale",export const ecosystems: EcosystemDef[] = [
funzione_arrow_o_costante,transversalLayers,src/data/ecosystems.ts,transversalLayers:99,PONTE_IMPRESE,PonteImprese,MIGRARE_IN_PONTEIMPRESE,,DEFINITIVA,logica applicativa o presentazionale,import del file,"Funzione operativa, identitaria o commerciale",export const transversalLayers = [
funzione_arrow_o_costante,dbDomainToEcosystem,src/data/ecosystems.ts,dbDomainToEcosystem:134,PONTE_IMPRESE,PonteImprese,MIGRARE_IN_PONTEIMPRESE,,DEFINITIVA,logica applicativa o presentazionale,import del file,"Funzione operativa, identitaria o commerciale","export const dbDomainToEcosystem: Record<string, EcosystemId | ""trasversale""> = {"
funzione_arrow_o_costante,ACCOUNT_STATUSES,src/types/access.ts,ACCOUNT_STATUSES:3,PONTE_IMPRESE,PonteImprese,MIGRARE_IN_PONTEIMPRESE,,DEFINITIVA,logica applicativa o presentazionale,import del file,"Funzione operativa, identitaria o commerciale",export const ACCOUNT_STATUSES = [
funzione_arrow_o_costante,PERSON_ASSOCIATION_STATUSES,src/types/access.ts,PERSON_ASSOCIATION_STATUSES:14,PONTE_IMPRESE,PonteImprese,MIGRARE_IN_PONTEIMPRESE,,DEFINITIVA,logica applicativa o presentazionale,import del file,"Funzione operativa, identitaria o commerciale",export const PERSON_ASSOCIATION_STATUSES = [
funzione,isPersonAssociationStatus,src/types/access.ts,isPersonAssociationStatus:38,PONTE_IMPRESE,PonteImprese,MIGRARE_IN_PONTEIMPRESE,,DEFINITIVA,logica applicativa o presentazionale,import del file,"Funzione operativa, identitaria o commerciale",export function isPersonAssociationStatus(
funzione,isAccountStatus,src/types/access.ts,isAccountStatus:58,PONTE_IMPRESE,PonteImprese,MIGRARE_IN_PONTEIMPRESE,,DEFINITIVA,logica applicativa o presentazionale,import del file,"Funzione operativa, identitaria o commerciale",export function isAccountStatus(value: string | null | undefined): value is AccountStatus {
funzione,loginViaUi,e2e/helpers/auth.ts,loginViaUi:4,PONTE_IMPRESE,PonteImprese,MIGRARE_IN_PONTEIMPRESE,,DEFINITIVA,logica applicativa o presentazionale,import del file,"Funzione operativa, identitaria o commerciale","export async function loginViaUi(page: Page, email: string, password: string) {"
funzione,assertUuids,e2e/helpers/supabase.ts,assertUuids:12,CONDIVISO,Entrambi con implementazioni autonome,DUPLICAZIONE_CONTROLLATA,DUPLICAZIONE_CONTROLLATA,DEFINITIVA,logica applicativa o presentazionale,import del file,Fondazione tecnica neutrale,export function assertUuids(ids: string[]) {
funzione,psql,e2e/helpers/supabase.ts,psql:28,CONDIVISO,Entrambi con implementazioni autonome,DUPLICAZIONE_CONTROLLATA,DUPLICAZIONE_CONTROLLATA,DEFINITIVA,logica applicativa o presentazionale,import del file,Fondazione tecnica neutrale,export function psql(sql: string) {
funzione,loadStatusEnv,e2e/helpers/supabase.ts,loadStatusEnv:65,CONDIVISO,Entrambi con implementazioni autonome,DUPLICAZIONE_CONTROLLATA,DUPLICAZIONE_CONTROLLATA,DEFINITIVA,logica applicativa o presentazionale,import del file,Fondazione tecnica neutrale,export function loadStatusEnv(): LocalEnv {
funzione,createConfirmedUser,e2e/helpers/supabase.ts,createConfirmedUser:84,CONDIVISO,Entrambi con implementazioni autonome,DUPLICAZIONE_CONTROLLATA,DUPLICAZIONE_CONTROLLATA,DEFINITIVA,logica applicativa o presentazionale,import del file,Fondazione tecnica neutrale,export async function createConfirmedUser(
funzione,rpc,e2e/helpers/supabase.ts,rpc:132,CONDIVISO,Entrambi con implementazioni autonome,DUPLICAZIONE_CONTROLLATA,DUPLICAZIONE_CONTROLLATA,DEFINITIVA,logica applicativa o presentazionale,import del file,Fondazione tecnica neutrale,export async function rpc(
funzione,rpcService,e2e/helpers/supabase.ts,rpcService:141,CONDIVISO,Entrambi con implementazioni autonome,DUPLICAZIONE_CONTROLLATA,DUPLICAZIONE_CONTROLLATA,DEFINITIVA,logica applicativa o presentazionale,import del file,Fondazione tecnica neutrale,export async function rpcService(
funzione,loginToken,e2e/helpers/supabase.ts,loginToken:155,CONDIVISO,Entrambi con implementazioni autonome,DUPLICAZIONE_CONTROLLATA,DUPLICAZIONE_CONTROLLATA,DEFINITIVA,logica applicativa o presentazionale,import del file,Fondazione tecnica neutrale,export async function loginToken(
funzione,provisionActiveAccount,e2e/helpers/supabase.ts,provisionActiveAccount:176,CONDIVISO,Entrambi con implementazioni autonome,DUPLICAZIONE_CONTROLLATA,DUPLICAZIONE_CONTROLLATA,DEFINITIVA,logica applicativa o presentazionale,import del file,Fondazione tecnica neutrale,export async function provisionActiveAccount(
funzione,cleanupUsers,e2e/helpers/supabase.ts,cleanupUsers:203,CONDIVISO,Entrambi con implementazioni autonome,DUPLICAZIONE_CONTROLLATA,DUPLICAZIONE_CONTROLLATA,DEFINITIVA,logica applicativa o presentazionale,import del file,Fondazione tecnica neutrale,export function cleanupUsers(userIds: string[]) {
funzione,cleanupBusinesses,e2e/helpers/supabase.ts,cleanupBusinesses:220,CONDIVISO,Entrambi con implementazioni autonome,DUPLICAZIONE_CONTROLLATA,DUPLICAZIONE_CONTROLLATA,DEFINITIVA,logica applicativa o presentazionale,import del file,Fondazione tecnica neutrale,export function cleanupBusinesses(businessIds: string[]) {
funzione,cleanupContents,e2e/helpers/supabase.ts,cleanupContents:233,CENTRO_STUDI,Immigrati Imprenditori - Centro Studi sull'Imprenditoria Migrante,MIGRARE_E_SCINDERE_LINK,API_READ_ONLY,DEFINITIVA,logica applicativa o presentazionale,import del file,Oggetto editoriale con possibili riferimenti commerciali,export function cleanupContents(contentIds: string[]) {
funzione_arrow_o_costante,PRODUCTION_PROJECT_REF,artifacts/ingestion/production-write-guard.mjs,PRODUCTION_PROJECT_REF:1,ARCHIVIO,Archivio storico,CONSERVARE_SENZA_CANCELLARE,,DEFINITIVA,logica applicativa o presentazionale,import del file,Evidenza non operativa,"export const PRODUCTION_PROJECT_REF = ""hvfvfatlaspcpszgizhg"";"
funzione,parseGuardedCommand,artifacts/ingestion/production-write-guard.mjs,parseGuardedCommand:25,ARCHIVIO,Archivio storico,CONSERVARE_SENZA_CANCELLARE,,DEFINITIVA,logica applicativa o presentazionale,import del file,Evidenza non operativa,export function parseGuardedCommand(
funzione,productionUsage,artifacts/ingestion/production-write-guard.mjs,productionUsage:98,ARCHIVIO,Archivio storico,CONSERVARE_SENZA_CANCELLARE,,DEFINITIVA,logica applicativa o presentazionale,import del file,Evidenza non operativa,"export function productionUsage({ script, modes = [] }) {"
tabella,create table public.languages (,supabase/migrations/20260718112212_create_languages_table.sql,20260718112212_create_languages_table.sql:9,CONDIVISO,Entrambi con versioni indipendenti,ESTRARRE_O_DUPLICARE,PACKAGE_VERSIONATO,DEFINITIVA,"schema, sicurezza o accesso dati","PostgreSQL,Supabase",Catalogo o utilità tecnica neutrale,"Ricostruzione statica; statement multilinea nel file origine"
indice,"create index languages_english_name_idx on public.languages using btree (english_name);",supabase/migrations/20260718112212_create_languages_table.sql,20260718112212_create_languages_table.sql:26,CONDIVISO,Entrambi con versioni indipendenti,ESTRARRE_O_DUPLICARE,PACKAGE_VERSIONATO,DEFINITIVA,"schema, sicurezza o accesso dati","PostgreSQL,Supabase",Catalogo o utilità tecnica neutrale,"Ricostruzione statica; statement multilinea nel file origine"
indice,"create index languages_native_name_idx on public.languages using btree (native_name);",supabase/migrations/20260718112212_create_languages_table.sql,20260718112212_create_languages_table.sql:28,CONDIVISO,Entrambi con versioni indipendenti,ESTRARRE_O_DUPLICARE,PACKAGE_VERSIONATO,DEFINITIVA,"schema, sicurezza o accesso dati","PostgreSQL,Supabase",Catalogo o utilità tecnica neutrale,"Ricostruzione statica; statement multilinea nel file origine"
indice,"create index languages_is_active_idx on public.languages using btree (is_active);",supabase/migrations/20260718112212_create_languages_table.sql,20260718112212_create_languages_table.sql:30,CONDIVISO,Entrambi con versioni indipendenti,ESTRARRE_O_DUPLICARE,PACKAGE_VERSIONATO,DEFINITIVA,"schema, sicurezza o accesso dati","PostgreSQL,Supabase",Catalogo o utilità tecnica neutrale,"Ricostruzione statica; statement multilinea nel file origine"
indice,"create index languages_sort_order_idx on public.languages using btree (sort_order);",supabase/migrations/20260718112212_create_languages_table.sql,20260718112212_create_languages_table.sql:32,CONDIVISO,Entrambi con versioni indipendenti,ESTRARRE_O_DUPLICARE,PACKAGE_VERSIONATO,DEFINITIVA,"schema, sicurezza o accesso dati","PostgreSQL,Supabase",Catalogo o utilità tecnica neutrale,"Ricostruzione statica; statement multilinea nel file origine"
rls_enablement,"alter table public.languages enable row level security;",supabase/migrations/20260718112212_create_languages_table.sql,20260718112212_create_languages_table.sql:34,CONDIVISO,Entrambi con versioni indipendenti,ESTRARRE_O_DUPLICARE,PACKAGE_VERSIONATO,DEFINITIVA,"schema, sicurezza o accesso dati","PostgreSQL,Supabase",Catalogo o utilità tecnica neutrale,"Ricostruzione statica; statement multilinea nel file origine"
policy_rls,"create policy ""Public can view active languages""",supabase/migrations/20260718112212_create_languages_table.sql,20260718112212_create_languages_table.sql:37,CONDIVISO,Entrambi con versioni indipendenti,ESTRARRE_O_DUPLICARE,PACKAGE_VERSIONATO,DEFINITIVA,"schema, sicurezza o accesso dati","PostgreSQL,Supabase",Catalogo o utilità tecnica neutrale,"Ricostruzione statica; statement multilinea nel file origine"
grant,"grant select on public.languages to anon, authenticated;",supabase/migrations/20260718112212_create_languages_table.sql,20260718112212_create_languages_table.sql:43,CONDIVISO,Entrambi con versioni indipendenti,ESTRARRE_O_DUPLICARE,PACKAGE_VERSIONATO,DEFINITIVA,"schema, sicurezza o accesso dati","PostgreSQL,Supabase",Catalogo o utilità tecnica neutrale,"Ricostruzione statica; statement multilinea nel file origine"
funzione_sql,create or replace function public.set_languages_updated_at (),supabase/migrations/20260718112212_create_languages_table.sql,20260718112212_create_languages_table.sql:46,CONDIVISO,Entrambi con versioni indipendenti,ESTRARRE_O_DUPLICARE,PACKAGE_VERSIONATO,DEFINITIVA,"schema, sicurezza o accesso dati","PostgreSQL,Supabase",Catalogo o utilità tecnica neutrale,"Ricostruzione statica; statement multilinea nel file origine"
trigger,create trigger languages_set_updated_at,supabase/migrations/20260718112212_create_languages_table.sql,20260718112212_create_languages_table.sql:58,CONDIVISO,Entrambi con versioni indipendenti,ESTRARRE_O_DUPLICARE,PACKAGE_VERSIONATO,DEFINITIVA,"schema, sicurezza o accesso dati","PostgreSQL,Supabase",Catalogo o utilità tecnica neutrale,"Ricostruzione statica; statement multilinea nel file origine"
vincolo_o_alterazione,alter table public.profiles,supabase/migrations/20260718113000_extend_profiles_for_person_domain.sql,20260718113000_extend_profiles_for_person_domain.sql:10,CONDIVISO,Entrambi con implementazioni autonome,DUPLICAZIONE_CONTROLLATA,DUPLICAZIONE_CONTROLLATA,DEFINITIVA,"schema, sicurezza o accesso dati","PostgreSQL,Supabase",Fondazione tecnica neutrale,"Ricostruzione statica; statement multilinea nel file origine"
vincolo_o_alterazione,alter table public.profiles,supabase/migrations/20260718113000_extend_profiles_for_person_domain.sql,20260718113000_extend_profiles_for_person_domain.sql:28,CONDIVISO,Entrambi con implementazioni autonome,DUPLICAZIONE_CONTROLLATA,DUPLICAZIONE_CONTROLLATA,DEFINITIVA,"schema, sicurezza o accesso dati","PostgreSQL,Supabase",Fondazione tecnica neutrale,"Ricostruzione statica; statement multilinea nel file origine"
indice,create index profiles_public_listing_idx on public.profiles using btree (published_at),supabase/migrations/20260718113000_extend_profiles_for_person_domain.sql,20260718113000_extend_profiles_for_person_domain.sql:41,CONDIVISO,Entrambi con implementazioni autonome,DUPLICAZIONE_CONTROLLATA,DUPLICAZIONE_CONTROLLATA,DEFINITIVA,"schema, sicurezza o accesso dati","PostgreSQL,Supabase",Fondazione tecnica neutrale,"Ricostruzione statica; statement multilinea nel file origine"
policy_rls,"create policy ""Public can view published profiles""",supabase/migrations/20260718113000_extend_profiles_for_person_domain.sql,20260718113000_extend_profiles_for_person_domain.sql:53,CONDIVISO,Entrambi con implementazioni autonome,DUPLICAZIONE_CONTROLLATA,DUPLICAZIONE_CONTROLLATA,DEFINITIVA,"schema, sicurezza o accesso dati","PostgreSQL,Supabase",Fondazione tecnica neutrale,"Ricostruzione statica; statement multilinea nel file origine"
grant,grant update (,supabase/migrations/20260718113000_extend_profiles_for_person_domain.sql,20260718113000_extend_profiles_for_person_domain.sql:81,CONDIVISO,Entrambi con versioni indipendenti,ESTRARRE_O_DUPLICARE,PACKAGE_VERSIONATO,DEFINITIVA,"schema, sicurezza o accesso dati","PostgreSQL,Supabase",Catalogo o utilità tecnica neutrale,"Ricostruzione statica; statement multilinea nel file origine"
funzione_sql,create or replace function public.protect_profile_lifecycle_fields (),supabase/migrations/20260718113000_extend_profiles_for_person_domain.sql,20260718113000_extend_profiles_for_person_domain.sql:100,CONDIVISO,Entrambi con implementazioni autonome,DUPLICAZIONE_CONTROLLATA,DUPLICAZIONE_CONTROLLATA,DEFINITIVA,"schema, sicurezza o accesso dati","PostgreSQL,Supabase",Fondazione tecnica neutrale,"Ricostruzione statica; statement multilinea nel file origine"
trigger,create trigger profiles_protect_lifecycle_fields,supabase/migrations/20260718113000_extend_profiles_for_person_domain.sql,20260718113000_extend_profiles_for_person_domain.sql:135,CONDIVISO,Entrambi con implementazioni autonome,DUPLICAZIONE_CONTROLLATA,DUPLICAZIONE_CONTROLLATA,DEFINITIVA,"schema, sicurezza o accesso dati","PostgreSQL,Supabase",Fondazione tecnica neutrale,"Ricostruzione statica; statement multilinea nel file origine"
tabella,create table public.profile_languages (,supabase/migrations/20260718113607_create_profile_languages_table.sql,20260718113607_create_profile_languages_table.sql:19,CONDIVISO,Entrambi con versioni indipendenti,ESTRARRE_O_DUPLICARE,PACKAGE_VERSIONATO,DEFINITIVA,"schema, sicurezza o accesso dati","PostgreSQL,Supabase",Catalogo o utilità tecnica neutrale,"Ricostruzione statica; statement multilinea nel file origine"
indice,"create index profile_languages_language_id_idx on public.profile_languages using btree (language_id);",supabase/migrations/20260718113607_create_profile_languages_table.sql,20260718113607_create_profile_languages_table.sql:55,CONDIVISO,Entrambi con versioni indipendenti,ESTRARRE_O_DUPLICARE,PACKAGE_VERSIONATO,DEFINITIVA,"schema, sicurezza o accesso dati","PostgreSQL,Supabase",Catalogo o utilità tecnica neutrale,"Ricostruzione statica; statement multilinea nel file origine"
indice,create unique index profile_languages_single_primary_idx on public.profile_languages using btree (profile_id),supabase/migrations/20260718113607_create_profile_languages_table.sql,20260718113607_create_profile_languages_table.sql:60,CONDIVISO,Entrambi con versioni indipendenti,ESTRARRE_O_DUPLICARE,PACKAGE_VERSIONATO,DEFINITIVA,"schema, sicurezza o accesso dati","PostgreSQL,Supabase",Catalogo o utilità tecnica neutrale,"Ricostruzione statica; statement multilinea nel file origine"
rls_enablement,"alter table public.profile_languages enable row level security;",supabase/migrations/20260718113607_create_profile_languages_table.sql,20260718113607_create_profile_languages_table.sql:64,CONDIVISO,Entrambi con versioni indipendenti,ESTRARRE_O_DUPLICARE,PACKAGE_VERSIONATO,DEFINITIVA,"schema, sicurezza o accesso dati","PostgreSQL,Supabase",Catalogo o utilità tecnica neutrale,"Ricostruzione statica; statement multilinea nel file origine"
policy_rls,"create policy ""Public can view languages of published profiles""",supabase/migrations/20260718113607_create_profile_languages_table.sql,20260718113607_create_profile_languages_table.sql:70,CONDIVISO,Entrambi con versioni indipendenti,ESTRARRE_O_DUPLICARE,PACKAGE_VERSIONATO,DEFINITIVA,"schema, sicurezza o accesso dati","PostgreSQL,Supabase",Catalogo o utilità tecnica neutrale,"Ricostruzione statica; statement multilinea nel file origine"
policy_rls,"create policy ""Users can view their own profile languages""",supabase/migrations/20260718113607_create_profile_languages_table.sql,20260718113607_create_profile_languages_table.sql:95,CONDIVISO,Entrambi con versioni indipendenti,ESTRARRE_O_DUPLICARE,PACKAGE_VERSIONATO,DEFINITIVA,"schema, sicurezza o accesso dati","PostgreSQL,Supabase",Catalogo o utilità tecnica neutrale,"Ricostruzione statica; statement multilinea nel file origine"
policy_rls,"create policy ""Users can add their own profile languages""",supabase/migrations/20260718113607_create_profile_languages_table.sql,20260718113607_create_profile_languages_table.sql:103,CONDIVISO,Entrambi con versioni indipendenti,ESTRARRE_O_DUPLICARE,PACKAGE_VERSIONATO,DEFINITIVA,"schema, sicurezza o accesso dati","PostgreSQL,Supabase",Catalogo o utilità tecnica neutrale,"Ricostruzione statica; statement multilinea nel file origine"
policy_rls,"create policy ""Users can update their own profile languages""",supabase/migrations/20260718113607_create_profile_languages_table.sql,20260718113607_create_profile_languages_table.sql:126,CONDIVISO,Entrambi con versioni indipendenti,ESTRARRE_O_DUPLICARE,PACKAGE_VERSIONATO,DEFINITIVA,"schema, sicurezza o accesso dati","PostgreSQL,Supabase",Catalogo o utilità tecnica neutrale,"Ricostruzione statica; statement multilinea nel file origine"
policy_rls,"create policy ""Users can delete their own profile languages""",supabase/migrations/20260718113607_create_profile_languages_table.sql,20260718113607_create_profile_languages_table.sql:134,CONDIVISO,Entrambi con versioni indipendenti,ESTRARRE_O_DUPLICARE,PACKAGE_VERSIONATO,DEFINITIVA,"schema, sicurezza o accesso dati","PostgreSQL,Supabase",Catalogo o utilità tecnica neutrale,"Ricostruzione statica; statement multilinea nel file origine"
grant,"grant select on public.profile_languages to anon;",supabase/migrations/20260718113607_create_profile_languages_table.sql,20260718113607_create_profile_languages_table.sql:140,CONDIVISO,Entrambi con versioni indipendenti,ESTRARRE_O_DUPLICARE,PACKAGE_VERSIONATO,DEFINITIVA,"schema, sicurezza o accesso dati","PostgreSQL,Supabase",Catalogo o utilità tecnica neutrale,"Ricostruzione statica; statement multilinea nel file origine"
grant,"grant select, insert, delete on public.profile_languages to authenticated;",supabase/migrations/20260718113607_create_profile_languages_table.sql,20260718113607_create_profile_languages_table.sql:148,CONDIVISO,Entrambi con versioni indipendenti,ESTRARRE_O_DUPLICARE,PACKAGE_VERSIONATO,DEFINITIVA,"schema, sicurezza o accesso dati","PostgreSQL,Supabase",Catalogo o utilità tecnica neutrale,"Ricostruzione statica; statement multilinea nel file origine"
grant,grant update (,supabase/migrations/20260718113607_create_profile_languages_table.sql,20260718113607_create_profile_languages_table.sql:150,CONDIVISO,Entrambi con versioni indipendenti,ESTRARRE_O_DUPLICARE,PACKAGE_VERSIONATO,DEFINITIVA,"schema, sicurezza o accesso dati","PostgreSQL,Supabase",Catalogo o utilità tecnica neutrale,"Ricostruzione statica; statement multilinea nel file origine"
funzione_sql,create or replace function public.set_profile_languages_updated_at (),supabase/migrations/20260718113607_create_profile_languages_table.sql,20260718113607_create_profile_languages_table.sql:157,CONDIVISO,Entrambi con versioni indipendenti,ESTRARRE_O_DUPLICARE,PACKAGE_VERSIONATO,DEFINITIVA,"schema, sicurezza o accesso dati","PostgreSQL,Supabase",Catalogo o utilità tecnica neutrale,"Ricostruzione statica; statement multilinea nel file origine"
trigger,create trigger profile_languages_set_updated_at,supabase/migrations/20260718113607_create_profile_languages_table.sql,20260718113607_create_profile_languages_table.sql:169,CONDIVISO,Entrambi con versioni indipendenti,ESTRARRE_O_DUPLICARE,PACKAGE_VERSIONATO,DEFINITIVA,"schema, sicurezza o accesso dati","PostgreSQL,Supabase",Catalogo o utilità tecnica neutrale,"Ricostruzione statica; statement multilinea nel file origine"
funzione_sql,create or replace function public.enforce_single_primary_language (),supabase/migrations/20260718113607_create_profile_languages_table.sql,20260718113607_create_profile_languages_table.sql:183,CONDIVISO,Entrambi con versioni indipendenti,ESTRARRE_O_DUPLICARE,PACKAGE_VERSIONATO,DEFINITIVA,"schema, sicurezza o accesso dati","PostgreSQL,Supabase",Catalogo o utilità tecnica neutrale,"Ricostruzione statica; statement multilinea nel file origine"
trigger,create trigger profile_languages_enforce_single_primary,supabase/migrations/20260718113607_create_profile_languages_table.sql,20260718113607_create_profile_languages_table.sql:203,CONDIVISO,Entrambi con versioni indipendenti,ESTRARRE_O_DUPLICARE,PACKAGE_VERSIONATO,DEFINITIVA,"schema, sicurezza o accesso dati","PostgreSQL,Supabase",Catalogo o utilità tecnica neutrale,"Ricostruzione statica; statement multilinea nel file origine"
tabella,create table public.profiles (,supabase/migrations/20260718103949_create_profiles_table.sql,20260718103949_create_profiles_table.sql:5,CONDIVISO,Entrambi con implementazioni autonome,DUPLICAZIONE_CONTROLLATA,DUPLICAZIONE_CONTROLLATA,DEFINITIVA,"schema, sicurezza o accesso dati","PostgreSQL,Supabase",Fondazione tecnica neutrale,"Ricostruzione statica; statement multilinea nel file origine"
indice,"create index profiles_display_name_idx on public.profiles using btree (display_name);",supabase/migrations/20260718103949_create_profiles_table.sql,20260718103949_create_profiles_table.sql:50,CONDIVISO,Entrambi con implementazioni autonome,DUPLICAZIONE_CONTROLLATA,DUPLICAZIONE_CONTROLLATA,DEFINITIVA,"schema, sicurezza o accesso dati","PostgreSQL,Supabase",Fondazione tecnica neutrale,"Ricostruzione statica; statement multilinea nel file origine"
indice,"create index profiles_organization_name_idx on public.profiles using btree (organization_name);",supabase/migrations/20260718103949_create_profiles_table.sql,20260718103949_create_profiles_table.sql:52,CONDIVISO,Entrambi con record separati,DUPLICARE_SCHEMA_E_STABILIRE_OWNER,SCHEMA_TEMPLATE_DUPLICATO,DEFINITIVA,"schema, sicurezza o accesso dati","PostgreSQL,Supabase",Organizzazioni con finalità B2B o ricerca,"Ricostruzione statica; statement multilinea nel file origine"
indice,"create index profiles_city_idx on public.profiles using btree (city);",supabase/migrations/20260718103949_create_profiles_table.sql,20260718103949_create_profiles_table.sql:54,CONDIVISO,Entrambi con implementazioni autonome,DUPLICAZIONE_CONTROLLATA,DUPLICAZIONE_CONTROLLATA,DEFINITIVA,"schema, sicurezza o accesso dati","PostgreSQL,Supabase",Fondazione tecnica neutrale,"Ricostruzione statica; statement multilinea nel file origine"
indice,"create index profiles_organization_type_idx on public.profiles using btree (organization_type);",supabase/migrations/20260718103949_create_profiles_table.sql,20260718103949_create_profiles_table.sql:56,CONDIVISO,Entrambi con record separati,DUPLICARE_SCHEMA_E_STABILIRE_OWNER,SCHEMA_TEMPLATE_DUPLICATO,DEFINITIVA,"schema, sicurezza o accesso dati","PostgreSQL,Supabase",Organizzazioni con finalità B2B o ricerca,"Ricostruzione statica; statement multilinea nel file origine"
rls_enablement,"alter table public.profiles enable row level security;",supabase/migrations/20260718103949_create_profiles_table.sql,20260718103949_create_profiles_table.sql:58,CONDIVISO,Entrambi con implementazioni autonome,DUPLICAZIONE_CONTROLLATA,DUPLICAZIONE_CONTROLLATA,DEFINITIVA,"schema, sicurezza o accesso dati","PostgreSQL,Supabase",Fondazione tecnica neutrale,"Ricostruzione statica; statement multilinea nel file origine"
policy_rls,"create policy ""Public can view active profiles""",supabase/migrations/20260718103949_create_profiles_table.sql,20260718103949_create_profiles_table.sql:61,CONDIVISO,Entrambi con implementazioni autonome,DUPLICAZIONE_CONTROLLATA,DUPLICAZIONE_CONTROLLATA,DEFINITIVA,"schema, sicurezza o accesso dati","PostgreSQL,Supabase",Fondazione tecnica neutrale,"Ricostruzione statica; statement multilinea nel file origine"
policy_rls,"create policy ""Users can view their own profile""",supabase/migrations/20260718103949_create_profiles_table.sql,20260718103949_create_profiles_table.sql:69,CONDIVISO,Entrambi con implementazioni autonome,DUPLICAZIONE_CONTROLLATA,DUPLICAZIONE_CONTROLLATA,DEFINITIVA,"schema, sicurezza o accesso dati","PostgreSQL,Supabase",Fondazione tecnica neutrale,"Ricostruzione statica; statement multilinea nel file origine"
policy_rls,"create policy ""Users can update their own profile""",supabase/migrations/20260718103949_create_profiles_table.sql,20260718103949_create_profiles_table.sql:80,CONDIVISO,Entrambi con versioni indipendenti,ESTRARRE_O_DUPLICARE,PACKAGE_VERSIONATO,DEFINITIVA,"schema, sicurezza o accesso dati","PostgreSQL,Supabase",Catalogo o utilità tecnica neutrale,"Ricostruzione statica; statement multilinea nel file origine"
grant,"grant select on public.profiles to anon, authenticated;",supabase/migrations/20260718103949_create_profiles_table.sql,20260718103949_create_profiles_table.sql:87,CONDIVISO,Entrambi con implementazioni autonome,DUPLICAZIONE_CONTROLLATA,DUPLICAZIONE_CONTROLLATA,DEFINITIVA,"schema, sicurezza o accesso dati","PostgreSQL,Supabase",Fondazione tecnica neutrale,"Ricostruzione statica; statement multilinea nel file origine"
revoke,"revoke insert, update, delete on public.profiles from authenticated;",supabase/migrations/20260718103949_create_profiles_table.sql,20260718103949_create_profiles_table.sql:89,CONDIVISO,Entrambi con versioni indipendenti,ESTRARRE_O_DUPLICARE,PACKAGE_VERSIONATO,DEFINITIVA,"schema, sicurezza o accesso dati","PostgreSQL,Supabase",Catalogo o utilità tecnica neutrale,"Ricostruzione statica; statement multilinea nel file origine"
grant,grant update (,supabase/migrations/20260718103949_create_profiles_table.sql,20260718103949_create_profiles_table.sql:91,CONDIVISO,Entrambi con versioni indipendenti,ESTRARRE_O_DUPLICARE,PACKAGE_VERSIONATO,DEFINITIVA,"schema, sicurezza o accesso dati","PostgreSQL,Supabase",Catalogo o utilità tecnica neutrale,"Ricostruzione statica; statement multilinea nel file origine"
funzione_sql,create or replace function public.set_profiles_updated_at (),supabase/migrations/20260718103949_create_profiles_table.sql,20260718103949_create_profiles_table.sql:108,CONDIVISO,Entrambi con versioni indipendenti,ESTRARRE_O_DUPLICARE,PACKAGE_VERSIONATO,DEFINITIVA,"schema, sicurezza o accesso dati","PostgreSQL,Supabase",Catalogo o utilità tecnica neutrale,"Ricostruzione statica; statement multilinea nel file origine"
trigger,create trigger profiles_set_updated_at,supabase/migrations/20260718103949_create_profiles_table.sql,20260718103949_create_profiles_table.sql:120,CONDIVISO,Entrambi con versioni indipendenti,ESTRARRE_O_DUPLICARE,PACKAGE_VERSIONATO,DEFINITIVA,"schema, sicurezza o accesso dati","PostgreSQL,Supabase",Catalogo o utilità tecnica neutrale,"Ricostruzione statica; statement multilinea nel file origine"
funzione_sql,create or replace function public.handle_new_user (),supabase/migrations/20260718103949_create_profiles_table.sql,20260718103949_create_profiles_table.sql:129,CONDIVISO,Entrambi con implementazioni autonome,DUPLICAZIONE_CONTROLLATA,DUPLICAZIONE_CONTROLLATA,DEFINITIVA,"schema, sicurezza o accesso dati","PostgreSQL,Supabase",Fondazione tecnica neutrale,"Ricostruzione statica; statement multilinea nel file origine"
trigger,create trigger on_auth_user_created,supabase/migrations/20260718103949_create_profiles_table.sql,20260718103949_create_profiles_table.sql:172,CONDIVISO,Entrambi con implementazioni autonome,DUPLICAZIONE_CONTROLLATA,DUPLICAZIONE_CONTROLLATA,DEFINITIVA,"schema, sicurezza o accesso dati","PostgreSQL,Supabase",Fondazione tecnica neutrale,"Ricostruzione statica; statement multilinea nel file origine"
funzione_sql,create or replace function public.normalize_profile_slug (),supabase/migrations/20260718103949_create_profiles_table.sql,20260718103949_create_profiles_table.sql:180,CONDIVISO,Entrambi con versioni indipendenti,ESTRARRE_O_DUPLICARE,PACKAGE_VERSIONATO,DEFINITIVA,"schema, sicurezza o accesso dati","PostgreSQL,Supabase",Catalogo o utilità tecnica neutrale,"Ricostruzione statica; statement multilinea nel file origine"
trigger,create trigger profiles_normalize_slug,supabase/migrations/20260718103949_create_profiles_table.sql,20260718103949_create_profiles_table.sql:199,CONDIVISO,Entrambi con versioni indipendenti,ESTRARRE_O_DUPLICARE,PACKAGE_VERSIONATO,DEFINITIVA,"schema, sicurezza o accesso dati","PostgreSQL,Supabase",Catalogo o utilità tecnica neutrale,"Ricostruzione statica; statement multilinea nel file origine"
tabella,create table public.language_service_types (,supabase/migrations/20260718190540_create_language_service_types_table.sql,20260718190540_create_language_service_types_table.sql:36,CONDIVISO,Entrambi con versioni indipendenti,ESTRARRE_O_DUPLICARE,PACKAGE_VERSIONATO,DEFINITIVA,"schema, sicurezza o accesso dati","PostgreSQL,Supabase",Catalogo o utilità tecnica neutrale,"Ricostruzione statica; statement multilinea nel file origine"
indice,"create unique index language_service_types_slug_idx on public.language_service_types (lower(trim(slug)));",supabase/migrations/20260718190540_create_language_service_types_table.sql,20260718190540_create_language_service_types_table.sql:79,CONDIVISO,Entrambi con versioni indipendenti,ESTRARRE_O_DUPLICARE,PACKAGE_VERSIONATO,DEFINITIVA,"schema, sicurezza o accesso dati","PostgreSQL,Supabase",Catalogo o utilità tecnica neutrale,"Ricostruzione statica; statement multilinea nel file origine"
indice,"create index language_service_types_category_idx on public.language_service_types using btree (category);",supabase/migrations/20260718190540_create_language_service_types_table.sql,20260718190540_create_language_service_types_table.sql:83,CONDIVISO,Entrambi con versioni indipendenti,ESTRARRE_O_DUPLICARE,PACKAGE_VERSIONATO,DEFINITIVA,"schema, sicurezza o accesso dati","PostgreSQL,Supabase",Catalogo o utilità tecnica neutrale,"Ricostruzione statica; statement multilinea nel file origine"
indice,"create index language_service_types_is_active_idx on public.language_service_types using btree (is_active);",supabase/migrations/20260718190540_create_language_service_types_table.sql,20260718190540_create_language_service_types_table.sql:85,CONDIVISO,Entrambi con versioni indipendenti,ESTRARRE_O_DUPLICARE,PACKAGE_VERSIONATO,DEFINITIVA,"schema, sicurezza o accesso dati","PostgreSQL,Supabase",Catalogo o utilità tecnica neutrale,"Ricostruzione statica; statement multilinea nel file origine"
indice,"create index language_service_types_sort_order_idx on public.language_service_types using btree (sort_order);",supabase/migrations/20260718190540_create_language_service_types_table.sql,20260718190540_create_language_service_types_table.sql:87,CONDIVISO,Entrambi con versioni indipendenti,ESTRARRE_O_DUPLICARE,PACKAGE_VERSIONATO,DEFINITIVA,"schema, sicurezza o accesso dati","PostgreSQL,Supabase",Catalogo o utilità tecnica neutrale,"Ricostruzione statica; statement multilinea nel file origine"
rls_enablement,"alter table public.language_service_types enable row level security;",supabase/migrations/20260718190540_create_language_service_types_table.sql,20260718190540_create_language_service_types_table.sql:89,CONDIVISO,Entrambi con versioni indipendenti,ESTRARRE_O_DUPLICARE,PACKAGE_VERSIONATO,DEFINITIVA,"schema, sicurezza o accesso dati","PostgreSQL,Supabase",Catalogo o utilità tecnica neutrale,"Ricostruzione statica; statement multilinea nel file origine"
policy_rls,"create policy ""Public can view active service types""",supabase/migrations/20260718190540_create_language_service_types_table.sql,20260718190540_create_language_service_types_table.sql:94,CONDIVISO,Entrambi con versioni indipendenti,ESTRARRE_O_DUPLICARE,PACKAGE_VERSIONATO,DEFINITIVA,"schema, sicurezza o accesso dati","PostgreSQL,Supabase",Catalogo o utilità tecnica neutrale,"Ricostruzione statica; statement multilinea nel file origine"
grant,"grant select on public.language_service_types to anon, authenticated;",supabase/migrations/20260718190540_create_language_service_types_table.sql,20260718190540_create_language_service_types_table.sql:100,CONDIVISO,Entrambi con versioni indipendenti,ESTRARRE_O_DUPLICARE,PACKAGE_VERSIONATO,DEFINITIVA,"schema, sicurezza o accesso dati","PostgreSQL,Supabase",Catalogo o utilità tecnica neutrale,"Ricostruzione statica; statement multilinea nel file origine"
funzione_sql,create or replace function public.set_language_service_types_updated_at (),supabase/migrations/20260718190540_create_language_service_types_table.sql,20260718190540_create_language_service_types_table.sql:103,CONDIVISO,Entrambi con versioni indipendenti,ESTRARRE_O_DUPLICARE,PACKAGE_VERSIONATO,DEFINITIVA,"schema, sicurezza o accesso dati","PostgreSQL,Supabase",Catalogo o utilità tecnica neutrale,"Ricostruzione statica; statement multilinea nel file origine"
trigger,create trigger language_service_types_set_updated_at,supabase/migrations/20260718190540_create_language_service_types_table.sql,20260718190540_create_language_service_types_table.sql:115,CONDIVISO,Entrambi con versioni indipendenti,ESTRARRE_O_DUPLICARE,PACKAGE_VERSIONATO,DEFINITIVA,"schema, sicurezza o accesso dati","PostgreSQL,Supabase",Catalogo o utilità tecnica neutrale,"Ricostruzione statica; statement multilinea nel file origine"
tabella,create table public.language_service_specializations (,supabase/migrations/20260718190638_create_language_service_specializations_table.sql,20260718190638_create_language_service_specializations_table.sql:19,CONDIVISO,Entrambi con versioni indipendenti,ESTRARRE_O_DUPLICARE,PACKAGE_VERSIONATO,DEFINITIVA,"schema, sicurezza o accesso dati","PostgreSQL,Supabase",Catalogo o utilità tecnica neutrale,"Ricostruzione statica; statement multilinea nel file origine"
indice,"create unique index language_service_specializations_slug_idx on public.language_service_specializations (lower(trim(slug)));",supabase/migrations/20260718190638_create_language_service_specializations_table.sql,20260718190638_create_language_service_specializations_table.sql:53,CONDIVISO,Entrambi con versioni indipendenti,ESTRARRE_O_DUPLICARE,PACKAGE_VERSIONATO,DEFINITIVA,"schema, sicurezza o accesso dati","PostgreSQL,Supabase",Catalogo o utilità tecnica neutrale,"Ricostruzione statica; statement multilinea nel file origine"
indice,"create index language_service_specializations_is_active_idx on public.language_service_specializations using btree (is_active);",supabase/migrations/20260718190638_create_language_service_specializations_table.sql,20260718190638_create_language_service_specializations_table.sql:57,CONDIVISO,Entrambi con versioni indipendenti,ESTRARRE_O_DUPLICARE,PACKAGE_VERSIONATO,DEFINITIVA,"schema, sicurezza o accesso dati","PostgreSQL,Supabase",Catalogo o utilità tecnica neutrale,"Ricostruzione statica; statement multilinea nel file origine"
indice,"create index language_service_specializations_sort_order_idx on public.language_service_specializations using btree (sort_order);",supabase/migrations/20260718190638_create_language_service_specializations_table.sql,20260718190638_create_language_service_specializations_table.sql:59,CONDIVISO,Entrambi con versioni indipendenti,ESTRARRE_O_DUPLICARE,PACKAGE_VERSIONATO,DEFINITIVA,"schema, sicurezza o accesso dati","PostgreSQL,Supabase",Catalogo o utilità tecnica neutrale,"Ricostruzione statica; statement multilinea nel file origine"
rls_enablement,"alter table public.language_service_specializations enable row level security;",supabase/migrations/20260718190638_create_language_service_specializations_table.sql,20260718190638_create_language_service_specializations_table.sql:61,CONDIVISO,Entrambi con versioni indipendenti,ESTRARRE_O_DUPLICARE,PACKAGE_VERSIONATO,DEFINITIVA,"schema, sicurezza o accesso dati","PostgreSQL,Supabase",Catalogo o utilità tecnica neutrale,"Ricostruzione statica; statement multilinea nel file origine"
policy_rls,"create policy ""Public can view active service specializations""",supabase/migrations/20260718190638_create_language_service_specializations_table.sql,20260718190638_create_language_service_specializations_table.sql:66,CONDIVISO,Entrambi con versioni indipendenti,ESTRARRE_O_DUPLICARE,PACKAGE_VERSIONATO,DEFINITIVA,"schema, sicurezza o accesso dati","PostgreSQL,Supabase",Catalogo o utilità tecnica neutrale,"Ricostruzione statica; statement multilinea nel file origine"
grant,"grant select on public.language_service_specializations to anon, authenticated;",supabase/migrations/20260718190638_create_language_service_specializations_table.sql,20260718190638_create_language_service_specializations_table.sql:72,CONDIVISO,Entrambi con versioni indipendenti,ESTRARRE_O_DUPLICARE,PACKAGE_VERSIONATO,DEFINITIVA,"schema, sicurezza o accesso dati","PostgreSQL,Supabase",Catalogo o utilità tecnica neutrale,"Ricostruzione statica; statement multilinea nel file origine"
funzione_sql,create or replace function public.set_language_service_specializations_updated_at (),supabase/migrations/20260718190638_create_language_service_specializations_table.sql,20260718190638_create_language_service_specializations_table.sql:75,CONDIVISO,Entrambi con versioni indipendenti,ESTRARRE_O_DUPLICARE,PACKAGE_VERSIONATO,DEFINITIVA,"schema, sicurezza o accesso dati","PostgreSQL,Supabase",Catalogo o utilità tecnica neutrale,"Ricostruzione statica; statement multilinea nel file origine"
trigger,create trigger language_service_specializations_set_updated_at,supabase/migrations/20260718190638_create_language_service_specializations_table.sql,20260718190638_create_language_service_specializations_table.sql:87,CONDIVISO,Entrambi con versioni indipendenti,ESTRARRE_O_DUPLICARE,PACKAGE_VERSIONATO,DEFINITIVA,"schema, sicurezza o accesso dati","PostgreSQL,Supabase",Catalogo o utilità tecnica neutrale,"Ricostruzione statica; statement multilinea nel file origine"
tabella,create table public.profile_language_services (,supabase/migrations/20260718190718_create_profile_language_services_table.sql,20260718190718_create_profile_language_services_table.sql:13,CONDIVISO,Entrambi con versioni indipendenti,ESTRARRE_O_DUPLICARE,PACKAGE_VERSIONATO,DEFINITIVA,"schema, sicurezza o accesso dati","PostgreSQL,Supabase",Catalogo o utilità tecnica neutrale,"Ricostruzione statica; statement multilinea nel file origine"
indice,create index profile_language_services_type_pair_idx on public.profile_language_services using btree (,supabase/migrations/20260718190718_create_profile_language_services_table.sql,20260718190718_create_profile_language_services_table.sql:94,CONDIVISO,Entrambi con versioni indipendenti,ESTRARRE_O_DUPLICARE,PACKAGE_VERSIONATO,DEFINITIVA,"schema, sicurezza o accesso dati","PostgreSQL,Supabase",Catalogo o utilità tecnica neutrale,"Ricostruzione statica; statement multilinea nel file origine"
indice,"create index profile_language_services_language_pair_idx on public.profile_language_services using btree (source_language_id, target_language_id);",supabase/migrations/20260718190718_create_profile_language_services_table.sql,20260718190718_create_profile_language_services_table.sql:102,CONDIVISO,Entrambi con versioni indipendenti,ESTRARRE_O_DUPLICARE,PACKAGE_VERSIONATO,DEFINITIVA,"schema, sicurezza o accesso dati","PostgreSQL,Supabase",Catalogo o utilità tecnica neutrale,"Ricostruzione statica; statement multilinea nel file origine"
indice,"create index profile_language_services_target_language_idx on public.profile_language_services using btree (target_language_id);",supabase/migrations/20260718190718_create_profile_language_services_table.sql,20260718190718_create_profile_language_services_table.sql:106,CONDIVISO,Entrambi con versioni indipendenti,ESTRARRE_O_DUPLICARE,PACKAGE_VERSIONATO,DEFINITIVA,"schema, sicurezza o accesso dati","PostgreSQL,Supabase",Catalogo o utilità tecnica neutrale,"Ricostruzione statica; statement multilinea nel file origine"
funzione_sql,create or replace function public.validate_profile_language_service (),supabase/migrations/20260718190718_create_profile_language_services_table.sql,20260718190718_create_profile_language_services_table.sql:114,CONDIVISO,Entrambi con versioni indipendenti,ESTRARRE_O_DUPLICARE,PACKAGE_VERSIONATO,DEFINITIVA,"schema, sicurezza o accesso dati","PostgreSQL,Supabase",Catalogo o utilità tecnica neutrale,"Ricostruzione statica; statement multilinea nel file origine"
trigger,create trigger profile_language_services_validate,supabase/migrations/20260718190718_create_profile_language_services_table.sql,20260718190718_create_profile_language_services_table.sql:170,CONDIVISO,Entrambi con versioni indipendenti,ESTRARRE_O_DUPLICARE,PACKAGE_VERSIONATO,DEFINITIVA,"schema, sicurezza o accesso dati","PostgreSQL,Supabase",Catalogo o utilità tecnica neutrale,"Ricostruzione statica; statement multilinea nel file origine"
rls_enablement,"alter table public.profile_language_services enable row level security;",supabase/migrations/20260718190718_create_profile_language_services_table.sql,20260718190718_create_profile_language_services_table.sql:175,CONDIVISO,Entrambi con versioni indipendenti,ESTRARRE_O_DUPLICARE,PACKAGE_VERSIONATO,DEFINITIVA,"schema, sicurezza o accesso dati","PostgreSQL,Supabase",Catalogo o utilità tecnica neutrale,"Ricostruzione statica; statement multilinea nel file origine"
policy_rls,"create policy ""Public can view services of active profiles""",supabase/migrations/20260718190718_create_profile_language_services_table.sql,20260718190718_create_profile_language_services_table.sql:181,CONDIVISO,Entrambi con versioni indipendenti,ESTRARRE_O_DUPLICARE,PACKAGE_VERSIONATO,DEFINITIVA,"schema, sicurezza o accesso dati","PostgreSQL,Supabase",Catalogo o utilità tecnica neutrale,"Ricostruzione statica; statement multilinea nel file origine"
policy_rls,"create policy ""Users can view their own language services""",supabase/migrations/20260718190718_create_profile_language_services_table.sql,20260718190718_create_profile_language_services_table.sql:226,CONDIVISO,Entrambi con versioni indipendenti,ESTRARRE_O_DUPLICARE,PACKAGE_VERSIONATO,DEFINITIVA,"schema, sicurezza o accesso dati","PostgreSQL,Supabase",Catalogo o utilità tecnica neutrale,"Ricostruzione statica; statement multilinea nel file origine"
policy_rls,"create policy ""Users can add their own language services""",supabase/migrations/20260718190718_create_profile_language_services_table.sql,20260718190718_create_profile_language_services_table.sql:233,CONDIVISO,Entrambi con versioni indipendenti,ESTRARRE_O_DUPLICARE,PACKAGE_VERSIONATO,DEFINITIVA,"schema, sicurezza o accesso dati","PostgreSQL,Supabase",Catalogo o utilità tecnica neutrale,"Ricostruzione statica; statement multilinea nel file origine"
policy_rls,"create policy ""Users can update their own language services""",supabase/migrations/20260718190718_create_profile_language_services_table.sql,20260718190718_create_profile_language_services_table.sql:240,CONDIVISO,Entrambi con versioni indipendenti,ESTRARRE_O_DUPLICARE,PACKAGE_VERSIONATO,DEFINITIVA,"schema, sicurezza o accesso dati","PostgreSQL,Supabase",Catalogo o utilità tecnica neutrale,"Ricostruzione statica; statement multilinea nel file origine"
policy_rls,"create policy ""Users can delete their own language services""",supabase/migrations/20260718190718_create_profile_language_services_table.sql,20260718190718_create_profile_language_services_table.sql:248,CONDIVISO,Entrambi con versioni indipendenti,ESTRARRE_O_DUPLICARE,PACKAGE_VERSIONATO,DEFINITIVA,"schema, sicurezza o accesso dati","PostgreSQL,Supabase",Catalogo o utilità tecnica neutrale,"Ricostruzione statica; statement multilinea nel file origine"
grant,"grant select on public.profile_language_services to anon;",supabase/migrations/20260718190718_create_profile_language_services_table.sql,20260718190718_create_profile_language_services_table.sql:254,CONDIVISO,Entrambi con versioni indipendenti,ESTRARRE_O_DUPLICARE,PACKAGE_VERSIONATO,DEFINITIVA,"schema, sicurezza o accesso dati","PostgreSQL,Supabase",Catalogo o utilità tecnica neutrale,"Ricostruzione statica; statement multilinea nel file origine"
grant,"grant select, insert, update, delete on public.profile_language_services to authenticated;",supabase/migrations/20260718190718_create_profile_language_services_table.sql,20260718190718_create_profile_language_services_table.sql:256,CONDIVISO,Entrambi con versioni indipendenti,ESTRARRE_O_DUPLICARE,PACKAGE_VERSIONATO,DEFINITIVA,"schema, sicurezza o accesso dati","PostgreSQL,Supabase",Catalogo o utilità tecnica neutrale,"Ricostruzione statica; statement multilinea nel file origine"
funzione_sql,create or replace function public.set_profile_language_services_updated_at (),supabase/migrations/20260718190718_create_profile_language_services_table.sql,20260718190718_create_profile_language_services_table.sql:259,CONDIVISO,Entrambi con versioni indipendenti,ESTRARRE_O_DUPLICARE,PACKAGE_VERSIONATO,DEFINITIVA,"schema, sicurezza o accesso dati","PostgreSQL,Supabase",Catalogo o utilità tecnica neutrale,"Ricostruzione statica; statement multilinea nel file origine"
trigger,create trigger profile_language_services_set_updated_at,supabase/migrations/20260718190718_create_profile_language_services_table.sql,20260718190718_create_profile_language_services_table.sql:271,CONDIVISO,Entrambi con versioni indipendenti,ESTRARRE_O_DUPLICARE,PACKAGE_VERSIONATO,DEFINITIVA,"schema, sicurezza o accesso dati","PostgreSQL,Supabase",Catalogo o utilità tecnica neutrale,"Ricostruzione statica; statement multilinea nel file origine"
tabella,create table public.profile_language_service_specializations (,supabase/migrations/20260718190814_create_profile_language_service_specializations_table.sql,20260718190814_create_profile_language_service_specializations_table.sql:8,CONDIVISO,Entrambi con versioni indipendenti,ESTRARRE_O_DUPLICARE,PACKAGE_VERSIONATO,DEFINITIVA,"schema, sicurezza o accesso dati","PostgreSQL,Supabase",Catalogo o utilità tecnica neutrale,"Ricostruzione statica; statement multilinea nel file origine"
indice,"create index profile_language_service_specializations_specialization_idx on public.profile_language_service_specializations using btree (specialization_id);",supabase/migrations/20260718190814_create_profile_language_service_specializations_table.sql,20260718190814_create_profile_language_service_specializations_table.sql:29,CONDIVISO,Entrambi con versioni indipendenti,ESTRARRE_O_DUPLICARE,PACKAGE_VERSIONATO,DEFINITIVA,"schema, sicurezza o accesso dati","PostgreSQL,Supabase",Catalogo o utilità tecnica neutrale,"Ricostruzione statica; statement multilinea nel file origine"
rls_enablement,"alter table public.profile_language_service_specializations enable row level security;",supabase/migrations/20260718190814_create_profile_language_service_specializations_table.sql,20260718190814_create_profile_language_service_specializations_table.sql:31,CONDIVISO,Entrambi con versioni indipendenti,ESTRARRE_O_DUPLICARE,PACKAGE_VERSIONATO,DEFINITIVA,"schema, sicurezza o accesso dati","PostgreSQL,Supabase",Catalogo o utilità tecnica neutrale,"Ricostruzione statica; statement multilinea nel file origine"
policy_rls,"create policy ""Public can view specializations of active services""",supabase/migrations/20260718190814_create_profile_language_service_specializations_table.sql,20260718190814_create_profile_language_service_specializations_table.sql:38,CONDIVISO,Entrambi con versioni indipendenti,ESTRARRE_O_DUPLICARE,PACKAGE_VERSIONATO,DEFINITIVA,"schema, sicurezza o accesso dati","PostgreSQL,Supabase",Catalogo o utilità tecnica neutrale,"Ricostruzione statica; statement multilinea nel file origine"
policy_rls,"create policy ""Users can view their own service specializations""",supabase/migrations/20260718190814_create_profile_language_service_specializations_table.sql,20260718190814_create_profile_language_service_specializations_table.sql:87,CONDIVISO,Entrambi con versioni indipendenti,ESTRARRE_O_DUPLICARE,PACKAGE_VERSIONATO,DEFINITIVA,"schema, sicurezza o accesso dati","PostgreSQL,Supabase",Catalogo o utilità tecnica neutrale,"Ricostruzione statica; statement multilinea nel file origine"
policy_rls,"create policy ""Users can add specializations to their own services""",supabase/migrations/20260718190814_create_profile_language_service_specializations_table.sql,20260718190814_create_profile_language_service_specializations_table.sql:103,CONDIVISO,Entrambi con versioni indipendenti,ESTRARRE_O_DUPLICARE,PACKAGE_VERSIONATO,DEFINITIVA,"schema, sicurezza o accesso dati","PostgreSQL,Supabase",Catalogo o utilità tecnica neutrale,"Ricostruzione statica; statement multilinea nel file origine"
policy_rls,"create policy ""Users can remove specializations from their own services""",supabase/migrations/20260718190814_create_profile_language_service_specializations_table.sql,20260718190814_create_profile_language_service_specializations_table.sql:125,CONDIVISO,Entrambi con versioni indipendenti,ESTRARRE_O_DUPLICARE,PACKAGE_VERSIONATO,DEFINITIVA,"schema, sicurezza o accesso dati","PostgreSQL,Supabase",Catalogo o utilità tecnica neutrale,"Ricostruzione statica; statement multilinea nel file origine"
grant,"grant select on public.profile_language_service_specializations to anon;",supabase/migrations/20260718190814_create_profile_language_service_specializations_table.sql,20260718190814_create_profile_language_service_specializations_table.sql:142,CONDIVISO,Entrambi con versioni indipendenti,ESTRARRE_O_DUPLICARE,PACKAGE_VERSIONATO,DEFINITIVA,"schema, sicurezza o accesso dati","PostgreSQL,Supabase",Catalogo o utilità tecnica neutrale,"Ricostruzione statica; statement multilinea nel file origine"
grant,"grant select, insert, delete on public.profile_language_service_specializations to authenticated;",supabase/migrations/20260718190814_create_profile_language_service_specializations_table.sql,20260718190814_create_profile_language_service_specializations_table.sql:144,CONDIVISO,Entrambi con versioni indipendenti,ESTRARRE_O_DUPLICARE,PACKAGE_VERSIONATO,DEFINITIVA,"schema, sicurezza o accesso dati","PostgreSQL,Supabase",Catalogo o utilità tecnica neutrale,"Ricostruzione statica; statement multilinea nel file origine"
tabella,create table public.business_sectors (,supabase/migrations/20260718192646_create_business_sectors_table.sql,20260718192646_create_business_sectors_table.sql:14,CONDIVISO,Entrambi con versioni indipendenti,ESTRARRE_O_DUPLICARE,PACKAGE_VERSIONATO,DEFINITIVA,"schema, sicurezza o accesso dati","PostgreSQL,Supabase",Catalogo o utilità tecnica neutrale,"Ricostruzione statica; statement multilinea nel file origine"
indice,"create unique index business_sectors_slug_idx on public.business_sectors (lower(trim(slug)));",supabase/migrations/20260718192646_create_business_sectors_table.sql,20260718192646_create_business_sectors_table.sql:48,CONDIVISO,Entrambi con versioni indipendenti,ESTRARRE_O_DUPLICARE,PACKAGE_VERSIONATO,DEFINITIVA,"schema, sicurezza o accesso dati","PostgreSQL,Supabase",Catalogo o utilità tecnica neutrale,"Ricostruzione statica; statement multilinea nel file origine"
indice,"create index business_sectors_is_active_idx on public.business_sectors using btree (is_active);",supabase/migrations/20260718192646_create_business_sectors_table.sql,20260718192646_create_business_sectors_table.sql:50,CONDIVISO,Entrambi con versioni indipendenti,ESTRARRE_O_DUPLICARE,PACKAGE_VERSIONATO,DEFINITIVA,"schema, sicurezza o accesso dati","PostgreSQL,Supabase",Catalogo o utilità tecnica neutrale,"Ricostruzione statica; statement multilinea nel file origine"
indice,"create index business_sectors_sort_order_idx on public.business_sectors using btree (sort_order);",supabase/migrations/20260718192646_create_business_sectors_table.sql,20260718192646_create_business_sectors_table.sql:52,CONDIVISO,Entrambi con versioni indipendenti,ESTRARRE_O_DUPLICARE,PACKAGE_VERSIONATO,DEFINITIVA,"schema, sicurezza o accesso dati","PostgreSQL,Supabase",Catalogo o utilità tecnica neutrale,"Ricostruzione statica; statement multilinea nel file origine"
rls_enablement,"alter table public.business_sectors enable row level security;",supabase/migrations/20260718192646_create_business_sectors_table.sql,20260718192646_create_business_sectors_table.sql:54,CONDIVISO,Entrambi con versioni indipendenti,ESTRARRE_O_DUPLICARE,PACKAGE_VERSIONATO,DEFINITIVA,"schema, sicurezza o accesso dati","PostgreSQL,Supabase",Catalogo o utilità tecnica neutrale,"Ricostruzione statica; statement multilinea nel file origine"
policy_rls,"create policy ""Public can view active business sectors""",supabase/migrations/20260718192646_create_business_sectors_table.sql,20260718192646_create_business_sectors_table.sql:59,CONDIVISO,Entrambi con versioni indipendenti,ESTRARRE_O_DUPLICARE,PACKAGE_VERSIONATO,DEFINITIVA,"schema, sicurezza o accesso dati","PostgreSQL,Supabase",Catalogo o utilità tecnica neutrale,"Ricostruzione statica; statement multilinea nel file origine"
grant,"grant select on public.business_sectors to anon, authenticated;",supabase/migrations/20260718192646_create_business_sectors_table.sql,20260718192646_create_business_sectors_table.sql:65,CONDIVISO,Entrambi con versioni indipendenti,ESTRARRE_O_DUPLICARE,PACKAGE_VERSIONATO,DEFINITIVA,"schema, sicurezza o accesso dati","PostgreSQL,Supabase",Catalogo o utilità tecnica neutrale,"Ricostruzione statica; statement multilinea nel file origine"
funzione_sql,create or replace function public.set_business_sectors_updated_at (),supabase/migrations/20260718192646_create_business_sectors_table.sql,20260718192646_create_business_sectors_table.sql:68,CONDIVISO,Entrambi con versioni indipendenti,ESTRARRE_O_DUPLICARE,PACKAGE_VERSIONATO,DEFINITIVA,"schema, sicurezza o accesso dati","PostgreSQL,Supabase",Catalogo o utilità tecnica neutrale,"Ricostruzione statica; statement multilinea nel file origine"
trigger,create trigger business_sectors_set_updated_at,supabase/migrations/20260718192646_create_business_sectors_table.sql,20260718192646_create_business_sectors_table.sql:80,CONDIVISO,Entrambi con versioni indipendenti,ESTRARRE_O_DUPLICARE,PACKAGE_VERSIONATO,DEFINITIVA,"schema, sicurezza o accesso dati","PostgreSQL,Supabase",Catalogo o utilità tecnica neutrale,"Ricostruzione statica; statement multilinea nel file origine"
tabella,create table public.training_course_types (,supabase/migrations/20260718192647_create_training_course_types_table.sql,20260718192647_create_training_course_types_table.sql:20,CONDIVISO,Entrambi con implementazioni autonome,DUPLICAZIONE_CONTROLLATA,DUPLICAZIONE_CONTROLLATA,DEFINITIVA,"schema, sicurezza o accesso dati","PostgreSQL,Supabase",Fondazione tecnica neutrale,"Ricostruzione statica; statement multilinea nel file origine"
indice,"create unique index training_course_types_slug_idx on public.training_course_types (lower(trim(slug)));",supabase/migrations/20260718192647_create_training_course_types_table.sql,20260718192647_create_training_course_types_table.sql:75,CONDIVISO,Entrambi con versioni indipendenti,ESTRARRE_O_DUPLICARE,PACKAGE_VERSIONATO,DEFINITIVA,"schema, sicurezza o accesso dati","PostgreSQL,Supabase",Catalogo o utilità tecnica neutrale,"Ricostruzione statica; statement multilinea nel file origine"
indice,"create index training_course_types_category_idx on public.training_course_types using btree (category);",supabase/migrations/20260718192647_create_training_course_types_table.sql,20260718192647_create_training_course_types_table.sql:79,CONDIVISO,Entrambi con implementazioni autonome,DUPLICAZIONE_CONTROLLATA,DUPLICAZIONE_CONTROLLATA,DEFINITIVA,"schema, sicurezza o accesso dati","PostgreSQL,Supabase",Fondazione tecnica neutrale,"Ricostruzione statica; statement multilinea nel file origine"
indice,"create index training_course_types_is_active_idx on public.training_course_types using btree (is_active);",supabase/migrations/20260718192647_create_training_course_types_table.sql,20260718192647_create_training_course_types_table.sql:81,CONDIVISO,Entrambi con implementazioni autonome,DUPLICAZIONE_CONTROLLATA,DUPLICAZIONE_CONTROLLATA,DEFINITIVA,"schema, sicurezza o accesso dati","PostgreSQL,Supabase",Fondazione tecnica neutrale,"Ricostruzione statica; statement multilinea nel file origine"
indice,"create index training_course_types_sort_order_idx on public.training_course_types using btree (sort_order);",supabase/migrations/20260718192647_create_training_course_types_table.sql,20260718192647_create_training_course_types_table.sql:83,CONDIVISO,Entrambi con implementazioni autonome,DUPLICAZIONE_CONTROLLATA,DUPLICAZIONE_CONTROLLATA,DEFINITIVA,"schema, sicurezza o accesso dati","PostgreSQL,Supabase",Fondazione tecnica neutrale,"Ricostruzione statica; statement multilinea nel file origine"
rls_enablement,"alter table public.training_course_types enable row level security;",supabase/migrations/20260718192647_create_training_course_types_table.sql,20260718192647_create_training_course_types_table.sql:85,CONDIVISO,Entrambi con implementazioni autonome,DUPLICAZIONE_CONTROLLATA,DUPLICAZIONE_CONTROLLATA,DEFINITIVA,"schema, sicurezza o accesso dati","PostgreSQL,Supabase",Fondazione tecnica neutrale,"Ricostruzione statica; statement multilinea nel file origine"
policy_rls,"create policy ""Public can view active course types""",supabase/migrations/20260718192647_create_training_course_types_table.sql,20260718192647_create_training_course_types_table.sql:90,CONDIVISO,Entrambi con implementazioni autonome,DUPLICAZIONE_CONTROLLATA,DUPLICAZIONE_CONTROLLATA,DEFINITIVA,"schema, sicurezza o accesso dati","PostgreSQL,Supabase",Fondazione tecnica neutrale,"Ricostruzione statica; statement multilinea nel file origine"
grant,"grant select on public.training_course_types to anon, authenticated;",supabase/migrations/20260718192647_create_training_course_types_table.sql,20260718192647_create_training_course_types_table.sql:96,CONDIVISO,Entrambi con implementazioni autonome,DUPLICAZIONE_CONTROLLATA,DUPLICAZIONE_CONTROLLATA,DEFINITIVA,"schema, sicurezza o accesso dati","PostgreSQL,Supabase",Fondazione tecnica neutrale,"Ricostruzione statica; statement multilinea nel file origine"
funzione_sql,create or replace function public.set_training_course_types_updated_at (),supabase/migrations/20260718192647_create_training_course_types_table.sql,20260718192647_create_training_course_types_table.sql:99,CONDIVISO,Entrambi con versioni indipendenti,ESTRARRE_O_DUPLICARE,PACKAGE_VERSIONATO,DEFINITIVA,"schema, sicurezza o accesso dati","PostgreSQL,Supabase",Catalogo o utilità tecnica neutrale,"Ricostruzione statica; statement multilinea nel file origine"
trigger,create trigger training_course_types_set_updated_at,supabase/migrations/20260718192647_create_training_course_types_table.sql,20260718192647_create_training_course_types_table.sql:111,CONDIVISO,Entrambi con versioni indipendenti,ESTRARRE_O_DUPLICARE,PACKAGE_VERSIONATO,DEFINITIVA,"schema, sicurezza o accesso dati","PostgreSQL,Supabase",Catalogo o utilità tecnica neutrale,"Ricostruzione statica; statement multilinea nel file origine"
tabella,create table public.training_delivery_modes (,supabase/migrations/20260718192648_create_training_delivery_modes_and_venue_types_tables.sql,20260718192648_create_training_delivery_modes_and_venue_types_tables.sql:21,CONDIVISO,Entrambi con implementazioni autonome,DUPLICAZIONE_CONTROLLATA,DUPLICAZIONE_CONTROLLATA,DEFINITIVA,"schema, sicurezza o accesso dati","PostgreSQL,Supabase",Fondazione tecnica neutrale,"Ricostruzione statica; statement multilinea nel file origine"
indice,"create unique index training_delivery_modes_slug_idx on public.training_delivery_modes (lower(trim(slug)));",supabase/migrations/20260718192648_create_training_delivery_modes_and_venue_types_tables.sql,20260718192648_create_training_delivery_modes_and_venue_types_tables.sql:53,CONDIVISO,Entrambi con versioni indipendenti,ESTRARRE_O_DUPLICARE,PACKAGE_VERSIONATO,DEFINITIVA,"schema, sicurezza o accesso dati","PostgreSQL,Supabase",Catalogo o utilità tecnica neutrale,"Ricostruzione statica; statement multilinea nel file origine"
indice,"create index training_delivery_modes_is_active_idx on public.training_delivery_modes using btree (is_active);",supabase/migrations/20260718192648_create_training_delivery_modes_and_venue_types_tables.sql,20260718192648_create_training_delivery_modes_and_venue_types_tables.sql:55,CONDIVISO,Entrambi con implementazioni autonome,DUPLICAZIONE_CONTROLLATA,DUPLICAZIONE_CONTROLLATA,DEFINITIVA,"schema, sicurezza o accesso dati","PostgreSQL,Supabase",Fondazione tecnica neutrale,"Ricostruzione statica; statement multilinea nel file origine"
indice,"create index training_delivery_modes_sort_order_idx on public.training_delivery_modes using btree (sort_order);",supabase/migrations/20260718192648_create_training_delivery_modes_and_venue_types_tables.sql,20260718192648_create_training_delivery_modes_and_venue_types_tables.sql:57,CONDIVISO,Entrambi con implementazioni autonome,DUPLICAZIONE_CONTROLLATA,DUPLICAZIONE_CONTROLLATA,DEFINITIVA,"schema, sicurezza o accesso dati","PostgreSQL,Supabase",Fondazione tecnica neutrale,"Ricostruzione statica; statement multilinea nel file origine"
rls_enablement,"alter table public.training_delivery_modes enable row level security;",supabase/migrations/20260718192648_create_training_delivery_modes_and_venue_types_tables.sql,20260718192648_create_training_delivery_modes_and_venue_types_tables.sql:59,CONDIVISO,Entrambi con implementazioni autonome,DUPLICAZIONE_CONTROLLATA,DUPLICAZIONE_CONTROLLATA,DEFINITIVA,"schema, sicurezza o accesso dati","PostgreSQL,Supabase",Fondazione tecnica neutrale,"Ricostruzione statica; statement multilinea nel file origine"
policy_rls,"create policy ""Public can view active delivery modes""",supabase/migrations/20260718192648_create_training_delivery_modes_and_venue_types_tables.sql,20260718192648_create_training_delivery_modes_and_venue_types_tables.sql:61,CONDIVISO,Entrambi con implementazioni autonome,DUPLICAZIONE_CONTROLLATA,DUPLICAZIONE_CONTROLLATA,DEFINITIVA,"schema, sicurezza o accesso dati","PostgreSQL,Supabase",Fondazione tecnica neutrale,"Ricostruzione statica; statement multilinea nel file origine"
grant,"grant select on public.training_delivery_modes to anon, authenticated;",supabase/migrations/20260718192648_create_training_delivery_modes_and_venue_types_tables.sql,20260718192648_create_training_delivery_modes_and_venue_types_tables.sql:67,CONDIVISO,Entrambi con implementazioni autonome,DUPLICAZIONE_CONTROLLATA,DUPLICAZIONE_CONTROLLATA,DEFINITIVA,"schema, sicurezza o accesso dati","PostgreSQL,Supabase",Fondazione tecnica neutrale,"Ricostruzione statica; statement multilinea nel file origine"
funzione_sql,create or replace function public.set_training_delivery_modes_updated_at (),supabase/migrations/20260718192648_create_training_delivery_modes_and_venue_types_tables.sql,20260718192648_create_training_delivery_modes_and_venue_types_tables.sql:69,CONDIVISO,Entrambi con versioni indipendenti,ESTRARRE_O_DUPLICARE,PACKAGE_VERSIONATO,DEFINITIVA,"schema, sicurezza o accesso dati","PostgreSQL,Supabase",Catalogo o utilità tecnica neutrale,"Ricostruzione statica; statement multilinea nel file origine"
trigger,create trigger training_delivery_modes_set_updated_at,supabase/migrations/20260718192648_create_training_delivery_modes_and_venue_types_tables.sql,20260718192648_create_training_delivery_modes_and_venue_types_tables.sql:81,CONDIVISO,Entrambi con versioni indipendenti,ESTRARRE_O_DUPLICARE,PACKAGE_VERSIONATO,DEFINITIVA,"schema, sicurezza o accesso dati","PostgreSQL,Supabase",Catalogo o utilità tecnica neutrale,"Ricostruzione statica; statement multilinea nel file origine"
tabella,create table public.training_venue_types (,supabase/migrations/20260718192648_create_training_delivery_modes_and_venue_types_tables.sql,20260718192648_create_training_delivery_modes_and_venue_types_tables.sql:98,CONDIVISO,Entrambi con implementazioni autonome,DUPLICAZIONE_CONTROLLATA,DUPLICAZIONE_CONTROLLATA,DEFINITIVA,"schema, sicurezza o accesso dati","PostgreSQL,Supabase",Fondazione tecnica neutrale,"Ricostruzione statica; statement multilinea nel file origine"
indice,"create unique index training_venue_types_slug_idx on public.training_venue_types (lower(trim(slug)));",supabase/migrations/20260718192648_create_training_delivery_modes_and_venue_types_tables.sql,20260718192648_create_training_delivery_modes_and_venue_types_tables.sql:130,CONDIVISO,Entrambi con versioni indipendenti,ESTRARRE_O_DUPLICARE,PACKAGE_VERSIONATO,DEFINITIVA,"schema, sicurezza o accesso dati","PostgreSQL,Supabase",Catalogo o utilità tecnica neutrale,"Ricostruzione statica; statement multilinea nel file origine"
indice,"create index training_venue_types_is_active_idx on public.training_venue_types using btree (is_active);",supabase/migrations/20260718192648_create_training_delivery_modes_and_venue_types_tables.sql,20260718192648_create_training_delivery_modes_and_venue_types_tables.sql:132,CONDIVISO,Entrambi con implementazioni autonome,DUPLICAZIONE_CONTROLLATA,DUPLICAZIONE_CONTROLLATA,DEFINITIVA,"schema, sicurezza o accesso dati","PostgreSQL,Supabase",Fondazione tecnica neutrale,"Ricostruzione statica; statement multilinea nel file origine"
indice,"create index training_venue_types_sort_order_idx on public.training_venue_types using btree (sort_order);",supabase/migrations/20260718192648_create_training_delivery_modes_and_venue_types_tables.sql,20260718192648_create_training_delivery_modes_and_venue_types_tables.sql:134,CONDIVISO,Entrambi con implementazioni autonome,DUPLICAZIONE_CONTROLLATA,DUPLICAZIONE_CONTROLLATA,DEFINITIVA,"schema, sicurezza o accesso dati","PostgreSQL,Supabase",Fondazione tecnica neutrale,"Ricostruzione statica; statement multilinea nel file origine"
rls_enablement,"alter table public.training_venue_types enable row level security;",supabase/migrations/20260718192648_create_training_delivery_modes_and_venue_types_tables.sql,20260718192648_create_training_delivery_modes_and_venue_types_tables.sql:136,CONDIVISO,Entrambi con implementazioni autonome,DUPLICAZIONE_CONTROLLATA,DUPLICAZIONE_CONTROLLATA,DEFINITIVA,"schema, sicurezza o accesso dati","PostgreSQL,Supabase",Fondazione tecnica neutrale,"Ricostruzione statica; statement multilinea nel file origine"
policy_rls,"create policy ""Public can view active venue types""",supabase/migrations/20260718192648_create_training_delivery_modes_and_venue_types_tables.sql,20260718192648_create_training_delivery_modes_and_venue_types_tables.sql:138,CONDIVISO,Entrambi con implementazioni autonome,DUPLICAZIONE_CONTROLLATA,DUPLICAZIONE_CONTROLLATA,DEFINITIVA,"schema, sicurezza o accesso dati","PostgreSQL,Supabase",Fondazione tecnica neutrale,"Ricostruzione statica; statement multilinea nel file origine"
grant,"grant select on public.training_venue_types to anon, authenticated;",supabase/migrations/20260718192648_create_training_delivery_modes_and_venue_types_tables.sql,20260718192648_create_training_delivery_modes_and_venue_types_tables.sql:144,CONDIVISO,Entrambi con implementazioni autonome,DUPLICAZIONE_CONTROLLATA,DUPLICAZIONE_CONTROLLATA,DEFINITIVA,"schema, sicurezza o accesso dati","PostgreSQL,Supabase",Fondazione tecnica neutrale,"Ricostruzione statica; statement multilinea nel file origine"
funzione_sql,create or replace function public.set_training_venue_types_updated_at (),supabase/migrations/20260718192648_create_training_delivery_modes_and_venue_types_tables.sql,20260718192648_create_training_delivery_modes_and_venue_types_tables.sql:146,CONDIVISO,Entrambi con versioni indipendenti,ESTRARRE_O_DUPLICARE,PACKAGE_VERSIONATO,DEFINITIVA,"schema, sicurezza o accesso dati","PostgreSQL,Supabase",Catalogo o utilità tecnica neutrale,"Ricostruzione statica; statement multilinea nel file origine"
trigger,create trigger training_venue_types_set_updated_at,supabase/migrations/20260718192648_create_training_delivery_modes_and_venue_types_tables.sql,20260718192648_create_training_delivery_modes_and_venue_types_tables.sql:158,CONDIVISO,Entrambi con versioni indipendenti,ESTRARRE_O_DUPLICARE,PACKAGE_VERSIONATO,DEFINITIVA,"schema, sicurezza o accesso dati","PostgreSQL,Supabase",Catalogo o utilità tecnica neutrale,"Ricostruzione statica; statement multilinea nel file origine"
tabella,create table public.training_offers (,supabase/migrations/20260718192650_create_training_offers_table.sql,20260718192650_create_training_offers_table.sql:17,CONDIVISO,Entrambi con implementazioni autonome,DUPLICAZIONE_CONTROLLATA,DUPLICAZIONE_CONTROLLATA,DEFINITIVA,"schema, sicurezza o accesso dati","PostgreSQL,Supabase",Fondazione tecnica neutrale,"Ricostruzione statica; statement multilinea nel file origine"
trigger,create index training_offers_provider_idx on public.training_offers using btree (provide…9129 tokens truncated…supabase/migrations\20260731010517_create_opportunity_verifications.sql:136:create trigger opportunity_verifi,supabase/migrations/20260718192650_create_training_offers_table.sql,20260718192650_create_training_offers_table.sql:106,CONDIVISO,Entrambi con implementazioni autonome,DUPLICAZIONE_CONTROLLATA,DUPLICAZIONE_CONTROLLATA,DEFINITIVA,"schema, sicurezza o accesso dati","PostgreSQL,Supabase",Fondazione tecnica neutrale,"Ricostruzione statica; statement multilinea nel file origine"
rls_enablement,"alter table public.opportunity_verifications enable row level security;",supabase/migrations/20260731010517_create_opportunity_verifications.sql,20260731010517_create_opportunity_verifications.sql:141,CONDIVISO,Entrambi con implementazioni autonome,DUPLICAZIONE_CONTROLLATA,DUPLICAZIONE_CONTROLLATA,DEFINITIVA,"schema, sicurezza o accesso dati","PostgreSQL,Supabase",Fondazione tecnica neutrale,"Ricostruzione statica; statement multilinea nel file origine"
revoke,"revoke all on table public.opportunity_verifications from anon, authenticated;",supabase/migrations/20260731010517_create_opportunity_verifications.sql,20260731010517_create_opportunity_verifications.sql:148,CONDIVISO,Entrambi con implementazioni autonome,DUPLICAZIONE_CONTROLLATA,DUPLICAZIONE_CONTROLLATA,DEFINITIVA,"schema, sicurezza o accesso dati","PostgreSQL,Supabase",Fondazione tecnica neutrale,"Ricostruzione statica; statement multilinea nel file origine"
vincolo_o_alterazione,alter table public.opportunities,supabase/migrations/20260731011847_add_opportunity_publication_state.sql,20260731011847_add_opportunity_publication_state.sql:26,CENTRO_STUDI,Immigrati Imprenditori - Centro Studi sull'Imprenditoria Migrante,MIGRARE_E_SCINDERE_LINK,API_READ_ONLY,DEFINITIVA,"schema, sicurezza o accesso dati","PostgreSQL,Supabase",Oggetto editoriale con possibili riferimenti commerciali,"Ricostruzione statica; statement multilinea nel file origine"
indice,create index opportunities_editorial_status_idx,supabase/migrations/20260731011847_add_opportunity_publication_state.sql,20260731011847_add_opportunity_publication_state.sql:119,CENTRO_STUDI,Immigrati Imprenditori - Centro Studi sull'Imprenditoria Migrante,MIGRARE_E_SCINDERE_LINK,API_READ_ONLY,DEFINITIVA,"schema, sicurezza o accesso dati","PostgreSQL,Supabase",Oggetto editoriale con possibili riferimenti commerciali,"Ricostruzione statica; statement multilinea nel file origine"
indice,create index opportunities_publication_status_idx,supabase/migrations/20260731011847_add_opportunity_publication_state.sql,20260731011847_add_opportunity_publication_state.sql:122,CENTRO_STUDI,Immigrati Imprenditori - Centro Studi sull'Imprenditoria Migrante,MIGRARE_E_SCINDERE_LINK,API_READ_ONLY,DEFINITIVA,"schema, sicurezza o accesso dati","PostgreSQL,Supabase",Oggetto editoriale con possibili riferimenti commerciali,"Ricostruzione statica; statement multilinea nel file origine"
indice,create index opportunities_visibility_level_idx,supabase/migrations/20260731011847_add_opportunity_publication_state.sql,20260731011847_add_opportunity_publication_state.sql:125,CENTRO_STUDI,Immigrati Imprenditori - Centro Studi sull'Imprenditoria Migrante,MIGRARE_E_SCINDERE_LINK,API_READ_ONLY,DEFINITIVA,"schema, sicurezza o accesso dati","PostgreSQL,Supabase",Oggetto editoriale con possibili riferimenti commerciali,"Ricostruzione statica; statement multilinea nel file origine"
indice,create index opportunities_platform_scheduled_for_idx,supabase/migrations/20260731011847_add_opportunity_publication_state.sql,20260731011847_add_opportunity_publication_state.sql:128,CENTRO_STUDI,Immigrati Imprenditori - Centro Studi sull'Imprenditoria Migrante,MIGRARE_E_SCINDERE_LINK,API_READ_ONLY,DEFINITIVA,"schema, sicurezza o accesso dati","PostgreSQL,Supabase",Oggetto editoriale con possibili riferimenti commerciali,"Ricostruzione statica; statement multilinea nel file origine"
indice,create index opportunities_platform_published_at_idx,supabase/migrations/20260731011847_add_opportunity_publication_state.sql,20260731011847_add_opportunity_publication_state.sql:132,CENTRO_STUDI,Immigrati Imprenditori - Centro Studi sull'Imprenditoria Migrante,MIGRARE_E_SCINDERE_LINK,API_READ_ONLY,DEFINITIVA,"schema, sicurezza o accesso dati","PostgreSQL,Supabase",Oggetto editoriale con possibili riferimenti commerciali,"Ricostruzione statica; statement multilinea nel file origine"
tabella,create table public.businesses (,supabase/migrations/20260731070000_create_businesses_core.sql,20260731070000_create_businesses_core.sql:22,CONDIVISO,Entrambi con implementazioni autonome,DUPLICAZIONE_CONTROLLATA,DUPLICAZIONE_CONTROLLATA,DEFINITIVA,"schema, sicurezza o accesso dati","PostgreSQL,Supabase",Fondazione tecnica neutrale,"Ricostruzione statica; statement multilinea nel file origine"
rls_enablement,"alter table public.businesses enable row level security;",supabase/migrations/20260731070000_create_businesses_core.sql,20260731070000_create_businesses_core.sql:106,CONDIVISO,Entrambi con implementazioni autonome,DUPLICAZIONE_CONTROLLATA,DUPLICAZIONE_CONTROLLATA,DEFINITIVA,"schema, sicurezza o accesso dati","PostgreSQL,Supabase",Fondazione tecnica neutrale,"Ricostruzione statica; statement multilinea nel file origine"
revoke,"revoke all on table public.businesses from anon, authenticated;",supabase/migrations/20260731070000_create_businesses_core.sql,20260731070000_create_businesses_core.sql:114,CONDIVISO,Entrambi con implementazioni autonome,DUPLICAZIONE_CONTROLLATA,DUPLICAZIONE_CONTROLLATA,DEFINITIVA,"schema, sicurezza o accesso dati","PostgreSQL,Supabase",Fondazione tecnica neutrale,"Ricostruzione statica; statement multilinea nel file origine"
funzione_sql,create or replace function public.set_businesses_updated_at (),supabase/migrations/20260731070000_create_businesses_core.sql,20260731070000_create_businesses_core.sql:120,CONDIVISO,Entrambi con versioni indipendenti,ESTRARRE_O_DUPLICARE,PACKAGE_VERSIONATO,DEFINITIVA,"schema, sicurezza o accesso dati","PostgreSQL,Supabase",Catalogo o utilità tecnica neutrale,"Ricostruzione statica; statement multilinea nel file origine"
trigger,create trigger businesses_set_updated_at,supabase/migrations/20260731070000_create_businesses_core.sql,20260731070000_create_businesses_core.sql:132,CONDIVISO,Entrambi con versioni indipendenti,ESTRARRE_O_DUPLICARE,PACKAGE_VERSIONATO,DEFINITIVA,"schema, sicurezza o accesso dati","PostgreSQL,Supabase",Catalogo o utilità tecnica neutrale,"Ricostruzione statica; statement multilinea nel file origine"
vincolo_o_alterazione,alter table public.businesses,supabase/migrations/20260731080000_add_business_lifecycle_and_publication_axes.sql,20260731080000_add_business_lifecycle_and_publication_axes.sql:29,CENTRO_STUDI,Immigrati Imprenditori - Centro Studi sull'Imprenditoria Migrante,MIGRARE_E_SCINDERE_LINK,API_READ_ONLY,DEFINITIVA,"schema, sicurezza o accesso dati","PostgreSQL,Supabase",Oggetto editoriale con possibili riferimenti commerciali,"Ricostruzione statica; statement multilinea nel file origine"
tabella,create table public.business_sector_declarations (,supabase/migrations/20260731090000_create_business_sector_declarations.sql,20260731090000_create_business_sector_declarations.sql:22,CONDIVISO,Entrambi con versioni indipendenti,ESTRARRE_O_DUPLICARE,PACKAGE_VERSIONATO,DEFINITIVA,"schema, sicurezza o accesso dati","PostgreSQL,Supabase",Catalogo o utilità tecnica neutrale,"Ricostruzione statica; statement multilinea nel file origine"
indice,create index business_sector_declarations_business_id_idx,supabase/migrations/20260731090000_create_business_sector_declarations.sql,20260731090000_create_business_sector_declarations.sql:70,CONDIVISO,Entrambi con versioni indipendenti,ESTRARRE_O_DUPLICARE,PACKAGE_VERSIONATO,DEFINITIVA,"schema, sicurezza o accesso dati","PostgreSQL,Supabase",Catalogo o utilità tecnica neutrale,"Ricostruzione statica; statement multilinea nel file origine"
indice,create index business_sector_declarations_sector_id_idx,supabase/migrations/20260731090000_create_business_sector_declarations.sql,20260731090000_create_business_sector_declarations.sql:73,CONDIVISO,Entrambi con versioni indipendenti,ESTRARRE_O_DUPLICARE,PACKAGE_VERSIONATO,DEFINITIVA,"schema, sicurezza o accesso dati","PostgreSQL,Supabase",Catalogo o utilità tecnica neutrale,"Ricostruzione statica; statement multilinea nel file origine"
indice,create unique index business_sector_declarations_business_sector_declared_uidx,supabase/migrations/20260731090000_create_business_sector_declarations.sql,20260731090000_create_business_sector_declarations.sql:78,CONDIVISO,Entrambi con versioni indipendenti,ESTRARRE_O_DUPLICARE,PACKAGE_VERSIONATO,DEFINITIVA,"schema, sicurezza o accesso dati","PostgreSQL,Supabase",Catalogo o utilità tecnica neutrale,"Ricostruzione statica; statement multilinea nel file origine"
indice,create unique index business_sector_declarations_one_primary_declared_uidx,supabase/migrations/20260731090000_create_business_sector_declarations.sql,20260731090000_create_business_sector_declarations.sql:84,CONDIVISO,Entrambi con versioni indipendenti,ESTRARRE_O_DUPLICARE,PACKAGE_VERSIONATO,DEFINITIVA,"schema, sicurezza o accesso dati","PostgreSQL,Supabase",Catalogo o utilità tecnica neutrale,"Ricostruzione statica; statement multilinea nel file origine"
funzione_sql,create or replace function public.set_business_sector_declarations_updated_at (),supabase/migrations/20260731090000_create_business_sector_declarations.sql,20260731090000_create_business_sector_declarations.sql:89,CONDIVISO,Entrambi con versioni indipendenti,ESTRARRE_O_DUPLICARE,PACKAGE_VERSIONATO,DEFINITIVA,"schema, sicurezza o accesso dati","PostgreSQL,Supabase",Catalogo o utilità tecnica neutrale,"Ricostruzione statica; statement multilinea nel file origine"
trigger,create trigger business_sector_declarations_set_updated_at,supabase/migrations/20260731090000_create_business_sector_declarations.sql,20260731090000_create_business_sector_declarations.sql:101,CONDIVISO,Entrambi con versioni indipendenti,ESTRARRE_O_DUPLICARE,PACKAGE_VERSIONATO,DEFINITIVA,"schema, sicurezza o accesso dati","PostgreSQL,Supabase",Catalogo o utilità tecnica neutrale,"Ricostruzione statica; statement multilinea nel file origine"
rls_enablement,"alter table public.business_sector_declarations enable row level security;",supabase/migrations/20260731090000_create_business_sector_declarations.sql,20260731090000_create_business_sector_declarations.sql:106,CONDIVISO,Entrambi con versioni indipendenti,ESTRARRE_O_DUPLICARE,PACKAGE_VERSIONATO,DEFINITIVA,"schema, sicurezza o accesso dati","PostgreSQL,Supabase",Catalogo o utilità tecnica neutrale,"Ricostruzione statica; statement multilinea nel file origine"
revoke,"revoke all on table public.business_sector_declarations from anon, authenticated;",supabase/migrations/20260731090000_create_business_sector_declarations.sql,20260731090000_create_business_sector_declarations.sql:111,CONDIVISO,Entrambi con versioni indipendenti,ESTRARRE_O_DUPLICARE,PACKAGE_VERSIONATO,DEFINITIVA,"schema, sicurezza o accesso dati","PostgreSQL,Supabase",Catalogo o utilità tecnica neutrale,"Ricostruzione statica; statement multilinea nel file origine"
tabella,create table public.business_operational_language_declarations (,supabase/migrations/20260731100000_create_business_operational_language_declarations.sql,20260731100000_create_business_operational_language_declarations.sql:22,CONDIVISO,Entrambi con versioni indipendenti,ESTRARRE_O_DUPLICARE,PACKAGE_VERSIONATO,DEFINITIVA,"schema, sicurezza o accesso dati","PostgreSQL,Supabase",Catalogo o utilità tecnica neutrale,"Ricostruzione statica; statement multilinea nel file origine"
indice,create index business_operational_language_declarations_business_id_idx,supabase/migrations/20260731100000_create_business_operational_language_declarations.sql,20260731100000_create_business_operational_language_declarations.sql:77,CONDIVISO,Entrambi con versioni indipendenti,ESTRARRE_O_DUPLICARE,PACKAGE_VERSIONATO,DEFINITIVA,"schema, sicurezza o accesso dati","PostgreSQL,Supabase",Catalogo o utilità tecnica neutrale,"Ricostruzione statica; statement multilinea nel file origine"
indice,create index business_operational_language_declarations_language_id_idx,supabase/migrations/20260731100000_create_business_operational_language_declarations.sql,20260731100000_create_business_operational_language_declarations.sql:80,CONDIVISO,Entrambi con versioni indipendenti,ESTRARRE_O_DUPLICARE,PACKAGE_VERSIONATO,DEFINITIVA,"schema, sicurezza o accesso dati","PostgreSQL,Supabase",Catalogo o utilità tecnica neutrale,"Ricostruzione statica; statement multilinea nel file origine"
indice,create unique index business_operational_language_declarations_declared_uidx,supabase/migrations/20260731100000_create_business_operational_language_declarations.sql,20260731100000_create_business_operational_language_declarations.sql:86,CONDIVISO,Entrambi con versioni indipendenti,ESTRARRE_O_DUPLICARE,PACKAGE_VERSIONATO,DEFINITIVA,"schema, sicurezza o accesso dati","PostgreSQL,Supabase",Catalogo o utilità tecnica neutrale,"Ricostruzione statica; statement multilinea nel file origine"
funzione_sql,create or replace function public.set_business_operational_language_declarations_updated_at (),supabase/migrations/20260731100000_create_business_operational_language_declarations.sql,20260731100000_create_business_operational_language_declarations.sql:91,CONDIVISO,Entrambi con versioni indipendenti,ESTRARRE_O_DUPLICARE,PACKAGE_VERSIONATO,DEFINITIVA,"schema, sicurezza o accesso dati","PostgreSQL,Supabase",Catalogo o utilità tecnica neutrale,"Ricostruzione statica; statement multilinea nel file origine"
trigger,create trigger business_operational_language_declarations_set_updated_at,supabase/migrations/20260731100000_create_business_operational_language_declarations.sql,20260731100000_create_business_operational_language_declarations.sql:103,CONDIVISO,Entrambi con versioni indipendenti,ESTRARRE_O_DUPLICARE,PACKAGE_VERSIONATO,DEFINITIVA,"schema, sicurezza o accesso dati","PostgreSQL,Supabase",Catalogo o utilità tecnica neutrale,"Ricostruzione statica; statement multilinea nel file origine"
rls_enablement,"alter table public.business_operational_language_declarations enable row level security;",supabase/migrations/20260731100000_create_business_operational_language_declarations.sql,20260731100000_create_business_operational_language_declarations.sql:108,CONDIVISO,Entrambi con versioni indipendenti,ESTRARRE_O_DUPLICARE,PACKAGE_VERSIONATO,DEFINITIVA,"schema, sicurezza o accesso dati","PostgreSQL,Supabase",Catalogo o utilità tecnica neutrale,"Ricostruzione statica; statement multilinea nel file origine"
revoke,"revoke all on table public.business_operational_language_declarations from anon, authenticated;",supabase/migrations/20260731100000_create_business_operational_language_declarations.sql,20260731100000_create_business_operational_language_declarations.sql:112,CONDIVISO,Entrambi con versioni indipendenti,ESTRARRE_O_DUPLICARE,PACKAGE_VERSIONATO,DEFINITIVA,"schema, sicurezza o accesso dati","PostgreSQL,Supabase",Catalogo o utilità tecnica neutrale,"Ricostruzione statica; statement multilinea nel file origine"
tabella,create table public.business_locations (,supabase/migrations/20260731110000_create_business_locations.sql,20260731110000_create_business_locations.sql:22,CONDIVISO,Entrambi con implementazioni autonome,DUPLICAZIONE_CONTROLLATA,DUPLICAZIONE_CONTROLLATA,DEFINITIVA,"schema, sicurezza o accesso dati","PostgreSQL,Supabase",Fondazione tecnica neutrale,"Ricostruzione statica; statement multilinea nel file origine"
indice,create index business_locations_business_id_idx,supabase/migrations/20260731110000_create_business_locations.sql,20260731110000_create_business_locations.sql:100,CONDIVISO,Entrambi con implementazioni autonome,DUPLICAZIONE_CONTROLLATA,DUPLICAZIONE_CONTROLLATA,DEFINITIVA,"schema, sicurezza o accesso dati","PostgreSQL,Supabase",Fondazione tecnica neutrale,"Ricostruzione statica; statement multilinea nel file origine"
indice,create index business_locations_territory_reference_idx,supabase/migrations/20260731110000_create_business_locations.sql,20260731110000_create_business_locations.sql:103,CONDIVISO,Entrambi con versioni indipendenti,ESTRARRE_O_DUPLICARE,PACKAGE_VERSIONATO,DEFINITIVA,"schema, sicurezza o accesso dati","PostgreSQL,Supabase",Catalogo o utilità tecnica neutrale,"Ricostruzione statica; statement multilinea nel file origine"
indice,create index business_locations_location_type_idx,supabase/migrations/20260731110000_create_business_locations.sql,20260731110000_create_business_locations.sql:106,CONDIVISO,Entrambi con implementazioni autonome,DUPLICAZIONE_CONTROLLATA,DUPLICAZIONE_CONTROLLATA,DEFINITIVA,"schema, sicurezza o accesso dati","PostgreSQL,Supabase",Fondazione tecnica neutrale,"Ricostruzione statica; statement multilinea nel file origine"
indice,create unique index business_locations_one_primary_active_uidx,supabase/migrations/20260731110000_create_business_locations.sql,20260731110000_create_business_locations.sql:111,CONDIVISO,Entrambi con implementazioni autonome,DUPLICAZIONE_CONTROLLATA,DUPLICAZIONE_CONTROLLATA,DEFINITIVA,"schema, sicurezza o accesso dati","PostgreSQL,Supabase",Fondazione tecnica neutrale,"Ricostruzione statica; statement multilinea nel file origine"
funzione_sql,create or replace function public.set_business_locations_updated_at (),supabase/migrations/20260731110000_create_business_locations.sql,20260731110000_create_business_locations.sql:116,CONDIVISO,Entrambi con versioni indipendenti,ESTRARRE_O_DUPLICARE,PACKAGE_VERSIONATO,DEFINITIVA,"schema, sicurezza o accesso dati","PostgreSQL,Supabase",Catalogo o utilità tecnica neutrale,"Ricostruzione statica; statement multilinea nel file origine"
trigger,create trigger business_locations_set_updated_at,supabase/migrations/20260731110000_create_business_locations.sql,20260731110000_create_business_locations.sql:128,CONDIVISO,Entrambi con versioni indipendenti,ESTRARRE_O_DUPLICARE,PACKAGE_VERSIONATO,DEFINITIVA,"schema, sicurezza o accesso dati","PostgreSQL,Supabase",Catalogo o utilità tecnica neutrale,"Ricostruzione statica; statement multilinea nel file origine"
rls_enablement,"alter table public.business_locations enable row level security;",supabase/migrations/20260731110000_create_business_locations.sql,20260731110000_create_business_locations.sql:133,CONDIVISO,Entrambi con implementazioni autonome,DUPLICAZIONE_CONTROLLATA,DUPLICAZIONE_CONTROLLATA,DEFINITIVA,"schema, sicurezza o accesso dati","PostgreSQL,Supabase",Fondazione tecnica neutrale,"Ricostruzione statica; statement multilinea nel file origine"
revoke,"revoke all on table public.business_locations from anon, authenticated;",supabase/migrations/20260731110000_create_business_locations.sql,20260731110000_create_business_locations.sql:136,CONDIVISO,Entrambi con implementazioni autonome,DUPLICAZIONE_CONTROLLATA,DUPLICAZIONE_CONTROLLATA,DEFINITIVA,"schema, sicurezza o accesso dati","PostgreSQL,Supabase",Fondazione tecnica neutrale,"Ricostruzione statica; statement multilinea nel file origine"
tabella,create table public.business_channels (,supabase/migrations/20260731120000_create_business_channels.sql,20260731120000_create_business_channels.sql:24,CONDIVISO,Entrambi con implementazioni autonome,DUPLICAZIONE_CONTROLLATA,DUPLICAZIONE_CONTROLLATA,DEFINITIVA,"schema, sicurezza o accesso dati","PostgreSQL,Supabase",Fondazione tecnica neutrale,"Ricostruzione statica; statement multilinea nel file origine"
indice,create index business_channels_business_id_idx,supabase/migrations/20260731120000_create_business_channels.sql,20260731120000_create_business_channels.sql:97,CONDIVISO,Entrambi con implementazioni autonome,DUPLICAZIONE_CONTROLLATA,DUPLICAZIONE_CONTROLLATA,DEFINITIVA,"schema, sicurezza o accesso dati","PostgreSQL,Supabase",Fondazione tecnica neutrale,"Ricostruzione statica; statement multilinea nel file origine"
indice,create index business_channels_channel_type_idx,supabase/migrations/20260731120000_create_business_channels.sql,20260731120000_create_business_channels.sql:100,CONDIVISO,Entrambi con implementazioni autonome,DUPLICAZIONE_CONTROLLATA,DUPLICAZIONE_CONTROLLATA,DEFINITIVA,"schema, sicurezza o accesso dati","PostgreSQL,Supabase",Fondazione tecnica neutrale,"Ricostruzione statica; statement multilinea nel file origine"
funzione_sql,create or replace function public.set_business_channels_updated_at (),supabase/migrations/20260731120000_create_business_channels.sql,20260731120000_create_business_channels.sql:103,CONDIVISO,Entrambi con versioni indipendenti,ESTRARRE_O_DUPLICARE,PACKAGE_VERSIONATO,DEFINITIVA,"schema, sicurezza o accesso dati","PostgreSQL,Supabase",Catalogo o utilità tecnica neutrale,"Ricostruzione statica; statement multilinea nel file origine"
trigger,create trigger business_channels_set_updated_at,supabase/migrations/20260731120000_create_business_channels.sql,20260731120000_create_business_channels.sql:115,CONDIVISO,Entrambi con versioni indipendenti,ESTRARRE_O_DUPLICARE,PACKAGE_VERSIONATO,DEFINITIVA,"schema, sicurezza o accesso dati","PostgreSQL,Supabase",Catalogo o utilità tecnica neutrale,"Ricostruzione statica; statement multilinea nel file origine"
rls_enablement,"alter table public.business_channels enable row level security;",supabase/migrations/20260731120000_create_business_channels.sql,20260731120000_create_business_channels.sql:120,CONDIVISO,Entrambi con implementazioni autonome,DUPLICAZIONE_CONTROLLATA,DUPLICAZIONE_CONTROLLATA,DEFINITIVA,"schema, sicurezza o accesso dati","PostgreSQL,Supabase",Fondazione tecnica neutrale,"Ricostruzione statica; statement multilinea nel file origine"
revoke,"revoke all on table public.business_channels from anon, authenticated;",supabase/migrations/20260731120000_create_business_channels.sql,20260731120000_create_business_channels.sql:123,CONDIVISO,Entrambi con implementazioni autonome,DUPLICAZIONE_CONTROLLATA,DUPLICAZIONE_CONTROLLATA,DEFINITIVA,"schema, sicurezza o accesso dati","PostgreSQL,Supabase",Fondazione tecnica neutrale,"Ricostruzione statica; statement multilinea nel file origine"
tabella,create table public.business_services (,supabase/migrations/20260731130000_create_business_services.sql,20260731130000_create_business_services.sql:25,CONDIVISO,Entrambi con implementazioni autonome,DUPLICAZIONE_CONTROLLATA,DUPLICAZIONE_CONTROLLATA,DEFINITIVA,"schema, sicurezza o accesso dati","PostgreSQL,Supabase",Fondazione tecnica neutrale,"Ricostruzione statica; statement multilinea nel file origine"
indice,create index business_services_business_id_idx,supabase/migrations/20260731130000_create_business_services.sql,20260731130000_create_business_services.sql:99,CONDIVISO,Entrambi con implementazioni autonome,DUPLICAZIONE_CONTROLLATA,DUPLICAZIONE_CONTROLLATA,DEFINITIVA,"schema, sicurezza o accesso dati","PostgreSQL,Supabase",Fondazione tecnica neutrale,"Ricostruzione statica; statement multilinea nel file origine"
funzione_sql,create or replace function public.set_business_services_updated_at (),supabase/migrations/20260731130000_create_business_services.sql,20260731130000_create_business_services.sql:102,CONDIVISO,Entrambi con versioni indipendenti,ESTRARRE_O_DUPLICARE,PACKAGE_VERSIONATO,DEFINITIVA,"schema, sicurezza o accesso dati","PostgreSQL,Supabase",Catalogo o utilità tecnica neutrale,"Ricostruzione statica; statement multilinea nel file origine"
trigger,create trigger business_services_set_updated_at,supabase/migrations/20260731130000_create_business_services.sql,20260731130000_create_business_services.sql:114,CONDIVISO,Entrambi con versioni indipendenti,ESTRARRE_O_DUPLICARE,PACKAGE_VERSIONATO,DEFINITIVA,"schema, sicurezza o accesso dati","PostgreSQL,Supabase",Catalogo o utilità tecnica neutrale,"Ricostruzione statica; statement multilinea nel file origine"
rls_enablement,"alter table public.business_services enable row level security;",supabase/migrations/20260731130000_create_business_services.sql,20260731130000_create_business_services.sql:119,CONDIVISO,Entrambi con implementazioni autonome,DUPLICAZIONE_CONTROLLATA,DUPLICAZIONE_CONTROLLATA,DEFINITIVA,"schema, sicurezza o accesso dati","PostgreSQL,Supabase",Fondazione tecnica neutrale,"Ricostruzione statica; statement multilinea nel file origine"
revoke,"revoke all on table public.business_services from anon, authenticated;",supabase/migrations/20260731130000_create_business_services.sql,20260731130000_create_business_services.sql:122,CONDIVISO,Entrambi con implementazioni autonome,DUPLICAZIONE_CONTROLLATA,DUPLICAZIONE_CONTROLLATA,DEFINITIVA,"schema, sicurezza o accesso dati","PostgreSQL,Supabase",Fondazione tecnica neutrale,"Ricostruzione statica; statement multilinea nel file origine"
tabella,create table public.business_products (,supabase/migrations/20260731140000_create_business_products.sql,20260731140000_create_business_products.sql:22,CONDIVISO,Entrambi con implementazioni autonome,DUPLICAZIONE_CONTROLLATA,DUPLICAZIONE_CONTROLLATA,DEFINITIVA,"schema, sicurezza o accesso dati","PostgreSQL,Supabase",Fondazione tecnica neutrale,"Ricostruzione statica; statement multilinea nel file origine"
indice,create index business_products_business_id_idx,supabase/migrations/20260731140000_create_business_products.sql,20260731140000_create_business_products.sql:81,CONDIVISO,Entrambi con implementazioni autonome,DUPLICAZIONE_CONTROLLATA,DUPLICAZIONE_CONTROLLATA,DEFINITIVA,"schema, sicurezza o accesso dati","PostgreSQL,Supabase",Fondazione tecnica neutrale,"Ricostruzione statica; statement multilinea nel file origine"
funzione_sql,create or replace function public.set_business_products_updated_at (),supabase/migrations/20260731140000_create_business_products.sql,20260731140000_create_business_products.sql:84,CONDIVISO,Entrambi con versioni indipendenti,ESTRARRE_O_DUPLICARE,PACKAGE_VERSIONATO,DEFINITIVA,"schema, sicurezza o accesso dati","PostgreSQL,Supabase",Catalogo o utilità tecnica neutrale,"Ricostruzione statica; statement multilinea nel file origine"
trigger,create trigger business_products_set_updated_at,supabase/migrations/20260731140000_create_business_products.sql,20260731140000_create_business_products.sql:99,CONDIVISO,Entrambi con versioni indipendenti,ESTRARRE_O_DUPLICARE,PACKAGE_VERSIONATO,DEFINITIVA,"schema, sicurezza o accesso dati","PostgreSQL,Supabase",Catalogo o utilità tecnica neutrale,"Ricostruzione statica; statement multilinea nel file origine"
rls_enablement,"alter table public.business_products enable row level security;",supabase/migrations/20260731140000_create_business_products.sql,20260731140000_create_business_products.sql:104,CONDIVISO,Entrambi con implementazioni autonome,DUPLICAZIONE_CONTROLLATA,DUPLICAZIONE_CONTROLLATA,DEFINITIVA,"schema, sicurezza o accesso dati","PostgreSQL,Supabase",Fondazione tecnica neutrale,"Ricostruzione statica; statement multilinea nel file origine"
revoke,"revoke all on table public.business_products from anon, authenticated;",supabase/migrations/20260731140000_create_business_products.sql,20260731140000_create_business_products.sql:107,CONDIVISO,Entrambi con implementazioni autonome,DUPLICAZIONE_CONTROLLATA,DUPLICAZIONE_CONTROLLATA,DEFINITIVA,"schema, sicurezza o accesso dati","PostgreSQL,Supabase",Fondazione tecnica neutrale,"Ricostruzione statica; statement multilinea nel file origine"
tabella,create table public.business_certifications (,supabase/migrations/20260731150000_create_business_certifications.sql,20260731150000_create_business_certifications.sql:20,CONDIVISO,Entrambi con implementazioni autonome,DUPLICAZIONE_CONTROLLATA,DUPLICAZIONE_CONTROLLATA,DEFINITIVA,"schema, sicurezza o accesso dati","PostgreSQL,Supabase",Fondazione tecnica neutrale,"Ricostruzione statica; statement multilinea nel file origine"
indice,create index business_certifications_business_id_idx,supabase/migrations/20260731150000_create_business_certifications.sql,20260731150000_create_business_certifications.sql:75,CONDIVISO,Entrambi con implementazioni autonome,DUPLICAZIONE_CONTROLLATA,DUPLICAZIONE_CONTROLLATA,DEFINITIVA,"schema, sicurezza o accesso dati","PostgreSQL,Supabase",Fondazione tecnica neutrale,"Ricostruzione statica; statement multilinea nel file origine"
funzione_sql,create or replace function public.set_business_certifications_updated_at (),supabase/migrations/20260731150000_create_business_certifications.sql,20260731150000_create_business_certifications.sql:78,CONDIVISO,Entrambi con versioni indipendenti,ESTRARRE_O_DUPLICARE,PACKAGE_VERSIONATO,DEFINITIVA,"schema, sicurezza o accesso dati","PostgreSQL,Supabase",Catalogo o utilità tecnica neutrale,"Ricostruzione statica; statement multilinea nel file origine"
trigger,create trigger business_certifications_set_updated_at,supabase/migrations/20260731150000_create_business_certifications.sql,20260731150000_create_business_certifications.sql:93,CONDIVISO,Entrambi con versioni indipendenti,ESTRARRE_O_DUPLICARE,PACKAGE_VERSIONATO,DEFINITIVA,"schema, sicurezza o accesso dati","PostgreSQL,Supabase",Catalogo o utilità tecnica neutrale,"Ricostruzione statica; statement multilinea nel file origine"
rls_enablement,"alter table public.business_certifications enable row level security;",supabase/migrations/20260731150000_create_business_certifications.sql,20260731150000_create_business_certifications.sql:98,CONDIVISO,Entrambi con implementazioni autonome,DUPLICAZIONE_CONTROLLATA,DUPLICAZIONE_CONTROLLATA,DEFINITIVA,"schema, sicurezza o accesso dati","PostgreSQL,Supabase",Fondazione tecnica neutrale,"Ricostruzione statica; statement multilinea nel file origine"
revoke,"revoke all on table public.business_certifications from anon, authenticated;",supabase/migrations/20260731150000_create_business_certifications.sql,20260731150000_create_business_certifications.sql:101,CONDIVISO,Entrambi con implementazioni autonome,DUPLICAZIONE_CONTROLLATA,DUPLICAZIONE_CONTROLLATA,DEFINITIVA,"schema, sicurezza o accesso dati","PostgreSQL,Supabase",Fondazione tecnica neutrale,"Ricostruzione statica; statement multilinea nel file origine"
tabella,create table public.business_media (,supabase/migrations/20260731160000_create_business_media.sql,20260731160000_create_business_media.sql:21,CONDIVISO,Entrambi con implementazioni autonome,DUPLICAZIONE_CONTROLLATA,DUPLICAZIONE_CONTROLLATA,DEFINITIVA,"schema, sicurezza o accesso dati","PostgreSQL,Supabase",Fondazione tecnica neutrale,"Ricostruzione statica; statement multilinea nel file origine"
indice,create index business_media_business_id_idx,supabase/migrations/20260731160000_create_business_media.sql,20260731160000_create_business_media.sql:98,CONDIVISO,Entrambi con implementazioni autonome,DUPLICAZIONE_CONTROLLATA,DUPLICAZIONE_CONTROLLATA,DEFINITIVA,"schema, sicurezza o accesso dati","PostgreSQL,Supabase",Fondazione tecnica neutrale,"Ricostruzione statica; statement multilinea nel file origine"
indice,create unique index business_media_primary_logo_uidx,supabase/migrations/20260731160000_create_business_media.sql,20260731160000_create_business_media.sql:102,CONDIVISO,Entrambi con implementazioni autonome,DUPLICAZIONE_CONTROLLATA,DUPLICAZIONE_CONTROLLATA,DEFINITIVA,"schema, sicurezza o accesso dati","PostgreSQL,Supabase",Fondazione tecnica neutrale,"Ricostruzione statica; statement multilinea nel file origine"
funzione_sql,create or replace function public.set_business_media_updated_at (),supabase/migrations/20260731160000_create_business_media.sql,20260731160000_create_business_media.sql:110,CONDIVISO,Entrambi con versioni indipendenti,ESTRARRE_O_DUPLICARE,PACKAGE_VERSIONATO,DEFINITIVA,"schema, sicurezza o accesso dati","PostgreSQL,Supabase",Catalogo o utilità tecnica neutrale,"Ricostruzione statica; statement multilinea nel file origine"
trigger,create trigger business_media_set_updated_at,supabase/migrations/20260731160000_create_business_media.sql,20260731160000_create_business_media.sql:125,CONDIVISO,Entrambi con versioni indipendenti,ESTRARRE_O_DUPLICARE,PACKAGE_VERSIONATO,DEFINITIVA,"schema, sicurezza o accesso dati","PostgreSQL,Supabase",Catalogo o utilità tecnica neutrale,"Ricostruzione statica; statement multilinea nel file origine"
rls_enablement,"alter table public.business_media enable row level security;",supabase/migrations/20260731160000_create_business_media.sql,20260731160000_create_business_media.sql:130,CONDIVISO,Entrambi con implementazioni autonome,DUPLICAZIONE_CONTROLLATA,DUPLICAZIONE_CONTROLLATA,DEFINITIVA,"schema, sicurezza o accesso dati","PostgreSQL,Supabase",Fondazione tecnica neutrale,"Ricostruzione statica; statement multilinea nel file origine"
revoke,"revoke all on table public.business_media from anon, authenticated;",supabase/migrations/20260731160000_create_business_media.sql,20260731160000_create_business_media.sql:133,CONDIVISO,Entrambi con implementazioni autonome,DUPLICAZIONE_CONTROLLATA,DUPLICAZIONE_CONTROLLATA,DEFINITIVA,"schema, sicurezza o accesso dati","PostgreSQL,Supabase",Fondazione tecnica neutrale,"Ricostruzione statica; statement multilinea nel file origine"
tabella,create table public.business_verifications (,supabase/migrations/20260731170000_create_business_verifications.sql,20260731170000_create_business_verifications.sql:20,CONDIVISO,Entrambi con implementazioni autonome,DUPLICAZIONE_CONTROLLATA,DUPLICAZIONE_CONTROLLATA,DEFINITIVA,"schema, sicurezza o accesso dati","PostgreSQL,Supabase",Fondazione tecnica neutrale,"Ricostruzione statica; statement multilinea nel file origine"
indice,create index business_verifications_business_id_idx,supabase/migrations/20260731170000_create_business_verifications.sql,20260731170000_create_business_verifications.sql:94,CONDIVISO,Entrambi con implementazioni autonome,DUPLICAZIONE_CONTROLLATA,DUPLICAZIONE_CONTROLLATA,DEFINITIVA,"schema, sicurezza o accesso dati","PostgreSQL,Supabase",Fondazione tecnica neutrale,"Ricostruzione statica; statement multilinea nel file origine"
funzione_sql,create or replace function public.set_business_verifications_updated_at (),supabase/migrations/20260731170000_create_business_verifications.sql,20260731170000_create_business_verifications.sql:97,CONDIVISO,Entrambi con versioni indipendenti,ESTRARRE_O_DUPLICARE,PACKAGE_VERSIONATO,DEFINITIVA,"schema, sicurezza o accesso dati","PostgreSQL,Supabase",Catalogo o utilità tecnica neutrale,"Ricostruzione statica; statement multilinea nel file origine"
trigger,create trigger business_verifications_set_updated_at,supabase/migrations/20260731170000_create_business_verifications.sql,20260731170000_create_business_verifications.sql:112,CONDIVISO,Entrambi con versioni indipendenti,ESTRARRE_O_DUPLICARE,PACKAGE_VERSIONATO,DEFINITIVA,"schema, sicurezza o accesso dati","PostgreSQL,Supabase",Catalogo o utilità tecnica neutrale,"Ricostruzione statica; statement multilinea nel file origine"
rls_enablement,"alter table public.business_verifications enable row level security;",supabase/migrations/20260731170000_create_business_verifications.sql,20260731170000_create_business_verifications.sql:117,CONDIVISO,Entrambi con implementazioni autonome,DUPLICAZIONE_CONTROLLATA,DUPLICAZIONE_CONTROLLATA,DEFINITIVA,"schema, sicurezza o accesso dati","PostgreSQL,Supabase",Fondazione tecnica neutrale,"Ricostruzione statica; statement multilinea nel file origine"
revoke,"revoke all on table public.business_verifications from anon, authenticated;",supabase/migrations/20260731170000_create_business_verifications.sql,20260731170000_create_business_verifications.sql:120,CONDIVISO,Entrambi con implementazioni autonome,DUPLICAZIONE_CONTROLLATA,DUPLICAZIONE_CONTROLLATA,DEFINITIVA,"schema, sicurezza o accesso dati","PostgreSQL,Supabase",Fondazione tecnica neutrale,"Ricostruzione statica; statement multilinea nel file origine"
tabella,create table public.business_membership_roles (,supabase/migrations/20260731230000_create_business_membership_roles.sql,20260731230000_create_business_membership_roles.sql:14,CONDIVISO,Entrambi con implementazioni autonome,DUPLICAZIONE_CONTROLLATA,DUPLICAZIONE_CONTROLLATA,DEFINITIVA,"schema, sicurezza o accesso dati","PostgreSQL,Supabase",Fondazione tecnica neutrale,"Ricostruzione statica; statement multilinea nel file origine"
rls_enablement,"alter table public.business_membership_roles enable row level security;",supabase/migrations/20260731230000_create_business_membership_roles.sql,20260731230000_create_business_membership_roles.sql:54,CONDIVISO,Entrambi con implementazioni autonome,DUPLICAZIONE_CONTROLLATA,DUPLICAZIONE_CONTROLLATA,DEFINITIVA,"schema, sicurezza o accesso dati","PostgreSQL,Supabase",Fondazione tecnica neutrale,"Ricostruzione statica; statement multilinea nel file origine"
revoke,"revoke all on table public.business_membership_roles from anon, authenticated;",supabase/migrations/20260731230000_create_business_membership_roles.sql,20260731230000_create_business_membership_roles.sql:59,CONDIVISO,Entrambi con implementazioni autonome,DUPLICAZIONE_CONTROLLATA,DUPLICAZIONE_CONTROLLATA,DEFINITIVA,"schema, sicurezza o accesso dati","PostgreSQL,Supabase",Fondazione tecnica neutrale,"Ricostruzione statica; statement multilinea nel file origine"
funzione_sql,create or replace function public.set_business_membership_roles_updated_at (),supabase/migrations/20260731230000_create_business_membership_roles.sql,20260731230000_create_business_membership_roles.sql:61,CONDIVISO,Entrambi con versioni indipendenti,ESTRARRE_O_DUPLICARE,PACKAGE_VERSIONATO,DEFINITIVA,"schema, sicurezza o accesso dati","PostgreSQL,Supabase",Catalogo o utilità tecnica neutrale,"Ricostruzione statica; statement multilinea nel file origine"
trigger,create trigger business_membership_roles_set_updated_at,supabase/migrations/20260731230000_create_business_membership_roles.sql,20260731230000_create_business_membership_roles.sql:76,CONDIVISO,Entrambi con versioni indipendenti,ESTRARRE_O_DUPLICARE,PACKAGE_VERSIONATO,DEFINITIVA,"schema, sicurezza o accesso dati","PostgreSQL,Supabase",Catalogo o utilità tecnica neutrale,"Ricostruzione statica; statement multilinea nel file origine"
tabella,create table public.business_memberships (,supabase/migrations/20260731231000_create_business_memberships.sql,20260731231000_create_business_memberships.sql:17,CONDIVISO,Entrambi con implementazioni autonome,DUPLICAZIONE_CONTROLLATA,DUPLICAZIONE_CONTROLLATA,DEFINITIVA,"schema, sicurezza o accesso dati","PostgreSQL,Supabase",Fondazione tecnica neutrale,"Ricostruzione statica; statement multilinea nel file origine"
indice,create index bm_person_id_idx,supabase/migrations/20260731231000_create_business_memberships.sql,20260731231000_create_business_memberships.sql:140,CONDIVISO,Entrambi con implementazioni autonome,DUPLICAZIONE_CONTROLLATA,DUPLICAZIONE_CONTROLLATA,DEFINITIVA,"schema, sicurezza o accesso dati","PostgreSQL,Supabase",Fondazione tecnica neutrale,"Ricostruzione statica; statement multilinea nel file origine"
indice,create index bm_business_id_idx,supabase/migrations/20260731231000_create_business_memberships.sql,20260731231000_create_business_memberships.sql:143,CONDIVISO,Entrambi con implementazioni autonome,DUPLICAZIONE_CONTROLLATA,DUPLICAZIONE_CONTROLLATA,DEFINITIVA,"schema, sicurezza o accesso dati","PostgreSQL,Supabase",Fondazione tecnica neutrale,"Ricostruzione statica; statement multilinea nel file origine"
indice,create index bm_role_id_idx,supabase/migrations/20260731231000_create_business_memberships.sql,20260731231000_create_business_memberships.sql:146,CONDIVISO,Entrambi con implementazioni autonome,DUPLICAZIONE_CONTROLLATA,DUPLICAZIONE_CONTROLLATA,DEFINITIVA,"schema, sicurezza o accesso dati","PostgreSQL,Supabase",Fondazione tecnica neutrale,"Ricostruzione statica; statement multilinea nel file origine"
indice,create index bm_relation_status_idx,supabase/migrations/20260731231000_create_business_memberships.sql,20260731231000_create_business_memberships.sql:149,CONDIVISO,Entrambi con implementazioni autonome,DUPLICAZIONE_CONTROLLATA,DUPLICAZIONE_CONTROLLATA,DEFINITIVA,"schema, sicurezza o accesso dati","PostgreSQL,Supabase",Fondazione tecnica neutrale,"Ricostruzione statica; statement multilinea nel file origine"
rls_enablement,"alter table public.business_memberships enable row level security;",supabase/migrations/20260731231000_create_business_memberships.sql,20260731231000_create_business_memberships.sql:152,CONDIVISO,Entrambi con implementazioni autonome,DUPLICAZIONE_CONTROLLATA,DUPLICAZIONE_CONTROLLATA,DEFINITIVA,"schema, sicurezza o accesso dati","PostgreSQL,Supabase",Fondazione tecnica neutrale,"Ricostruzione statica; statement multilinea nel file origine"
revoke,"revoke all on table public.business_memberships from anon, authenticated;",supabase/migrations/20260731231000_create_business_memberships.sql,20260731231000_create_business_memberships.sql:156,CONDIVISO,Entrambi con implementazioni autonome,DUPLICAZIONE_CONTROLLATA,DUPLICAZIONE_CONTROLLATA,DEFINITIVA,"schema, sicurezza o accesso dati","PostgreSQL,Supabase",Fondazione tecnica neutrale,"Ricostruzione statica; statement multilinea nel file origine"
funzione_sql,create or replace function public.set_business_memberships_updated_at (),supabase/migrations/20260731231000_create_business_memberships.sql,20260731231000_create_business_memberships.sql:158,CONDIVISO,Entrambi con versioni indipendenti,ESTRARRE_O_DUPLICARE,PACKAGE_VERSIONATO,DEFINITIVA,"schema, sicurezza o accesso dati","PostgreSQL,Supabase",Catalogo o utilità tecnica neutrale,"Ricostruzione statica; statement multilinea nel file origine"
trigger,create trigger business_memberships_set_updated_at,supabase/migrations/20260731231000_create_business_memberships.sql,20260731231000_create_business_memberships.sql:173,CONDIVISO,Entrambi con versioni indipendenti,ESTRARRE_O_DUPLICARE,PACKAGE_VERSIONATO,DEFINITIVA,"schema, sicurezza o accesso dati","PostgreSQL,Supabase",Catalogo o utilità tecnica neutrale,"Ricostruzione statica; statement multilinea nel file origine"
tabella,create table public.business_membership_qualifications (,supabase/migrations/20260731232000_create_business_membership_qualifications.sql,20260731232000_create_business_membership_qualifications.sql:17,CONDIVISO,Entrambi con implementazioni autonome,DUPLICAZIONE_CONTROLLATA,DUPLICAZIONE_CONTROLLATA,DEFINITIVA,"schema, sicurezza o accesso dati","PostgreSQL,Supabase",Fondazione tecnica neutrale,"Ricostruzione statica; statement multilinea nel file origine"
indice,create index bmq_membership_id_idx,supabase/migrations/20260731232000_create_business_membership_qualifications.sql,20260731232000_create_business_membership_qualifications.sql:55,CONDIVISO,Entrambi con implementazioni autonome,DUPLICAZIONE_CONTROLLATA,DUPLICAZIONE_CONTROLLATA,DEFINITIVA,"schema, sicurezza o accesso dati","PostgreSQL,Supabase",Fondazione tecnica neutrale,"Ricostruzione statica; statement multilinea nel file origine"
rls_enablement,"alter table public.business_membership_qualifications enable row level security;",supabase/migrations/20260731232000_create_business_membership_qualifications.sql,20260731232000_create_business_membership_qualifications.sql:58,CONDIVISO,Entrambi con implementazioni autonome,DUPLICAZIONE_CONTROLLATA,DUPLICAZIONE_CONTROLLATA,DEFINITIVA,"schema, sicurezza o accesso dati","PostgreSQL,Supabase",Fondazione tecnica neutrale,"Ricostruzione statica; statement multilinea nel file origine"
revoke,revoke all on table public.business_membership_qualifications,supabase/migrations/20260731232000_create_business_membership_qualifications.sql,20260731232000_create_business_membership_qualifications.sql:62,CONDIVISO,Entrambi con implementazioni autonome,DUPLICAZIONE_CONTROLLATA,DUPLICAZIONE_CONTROLLATA,DEFINITIVA,"schema, sicurezza o accesso dati","PostgreSQL,Supabase",Fondazione tecnica neutrale,"Ricostruzione statica; statement multilinea nel file origine"
funzione_sql,create or replace function public.set_business_membership_qualifications_updated_at (),supabase/migrations/20260731232000_create_business_membership_qualifications.sql,20260731232000_create_business_membership_qualifications.sql:65,CONDIVISO,Entrambi con versioni indipendenti,ESTRARRE_O_DUPLICARE,PACKAGE_VERSIONATO,DEFINITIVA,"schema, sicurezza o accesso dati","PostgreSQL,Supabase",Catalogo o utilità tecnica neutrale,"Ricostruzione statica; statement multilinea nel file origine"
trigger,create trigger business_membership_qualifications_set_updated_at,supabase/migrations/20260731232000_create_business_membership_qualifications.sql,20260731232000_create_business_membership_qualifications.sql:80,CONDIVISO,Entrambi con versioni indipendenti,ESTRARRE_O_DUPLICARE,PACKAGE_VERSIONATO,DEFINITIVA,"schema, sicurezza o accesso dati","PostgreSQL,Supabase",Catalogo o utilità tecnica neutrale,"Ricostruzione statica; statement multilinea nel file origine"
tabella,create table public.business_membership_sources (,supabase/migrations/20260731233000_create_business_membership_sources.sql,20260731233000_create_business_membership_sources.sql:21,CONDIVISO,Entrambi con implementazioni autonome,DUPLICAZIONE_CONTROLLATA,DUPLICAZIONE_CONTROLLATA,DEFINITIVA,"schema, sicurezza o accesso dati","PostgreSQL,Supabase",Fondazione tecnica neutrale,"Ricostruzione statica; statement multilinea nel file origine"
indice,create index bms_membership_id_idx,supabase/migrations/20260731233000_create_business_membership_sources.sql,20260731233000_create_business_membership_sources.sql:81,CONDIVISO,Entrambi con implementazioni autonome,DUPLICAZIONE_CONTROLLATA,DUPLICAZIONE_CONTROLLATA,DEFINITIVA,"schema, sicurezza o accesso dati","PostgreSQL,Supabase",Fondazione tecnica neutrale,"Ricostruzione statica; statement multilinea nel file origine"
rls_enablement,"alter table public.business_membership_sources enable row level security;",supabase/migrations/20260731233000_create_business_membership_sources.sql,20260731233000_create_business_membership_sources.sql:84,CONDIVISO,Entrambi con implementazioni autonome,DUPLICAZIONE_CONTROLLATA,DUPLICAZIONE_CONTROLLATA,DEFINITIVA,"schema, sicurezza o accesso dati","PostgreSQL,Supabase",Fondazione tecnica neutrale,"Ricostruzione statica; statement multilinea nel file origine"
revoke,revoke all on table public.business_membership_sources,supabase/migrations/20260731233000_create_business_membership_sources.sql,20260731233000_create_business_membership_sources.sql:88,CONDIVISO,Entrambi con implementazioni autonome,DUPLICAZIONE_CONTROLLATA,DUPLICAZIONE_CONTROLLATA,DEFINITIVA,"schema, sicurezza o accesso dati","PostgreSQL,Supabase",Fondazione tecnica neutrale,"Ricostruzione statica; statement multilinea nel file origine"
funzione_sql,create or replace function public.set_business_membership_sources_updated_at (),supabase/migrations/20260731233000_create_business_membership_sources.sql,20260731233000_create_business_membership_sources.sql:91,CONDIVISO,Entrambi con versioni indipendenti,ESTRARRE_O_DUPLICARE,PACKAGE_VERSIONATO,DEFINITIVA,"schema, sicurezza o accesso dati","PostgreSQL,Supabase",Catalogo o utilità tecnica neutrale,"Ricostruzione statica; statement multilinea nel file origine"
trigger,create trigger business_membership_sources_set_updated_at,supabase/migrations/20260731233000_create_business_membership_sources.sql,20260731233000_create_business_membership_sources.sql:106,CONDIVISO,Entrambi con versioni indipendenti,ESTRARRE_O_DUPLICARE,PACKAGE_VERSIONATO,DEFINITIVA,"schema, sicurezza o accesso dati","PostgreSQL,Supabase",Catalogo o utilità tecnica neutrale,"Ricostruzione statica; statement multilinea nel file origine"
tabella,create table public.business_membership_evidences (,supabase/migrations/20260731234000_create_business_membership_evidences.sql,20260731234000_create_business_membership_evidences.sql:20,CONDIVISO,Entrambi con implementazioni autonome,DUPLICAZIONE_CONTROLLATA,DUPLICAZIONE_CONTROLLATA,DEFINITIVA,"schema, sicurezza o accesso dati","PostgreSQL,Supabase",Fondazione tecnica neutrale,"Ricostruzione statica; statement multilinea nel file origine"
indice,create index bme_membership_id_idx,supabase/migrations/20260731234000_create_business_membership_evidences.sql,20260731234000_create_business_membership_evidences.sql:81,CONDIVISO,Entrambi con implementazioni autonome,DUPLICAZIONE_CONTROLLATA,DUPLICAZIONE_CONTROLLATA,DEFINITIVA,"schema, sicurezza o accesso dati","PostgreSQL,Supabase",Fondazione tecnica neutrale,"Ricostruzione statica; statement multilinea nel file origine"
indice,create index bme_source_id_idx,supabase/migrations/20260731234000_create_business_membership_evidences.sql,20260731234000_create_business_membership_evidences.sql:84,CONDIVISO,Entrambi con implementazioni autonome,DUPLICAZIONE_CONTROLLATA,DUPLICAZIONE_CONTROLLATA,DEFINITIVA,"schema, sicurezza o accesso dati","PostgreSQL,Supabase",Fondazione tecnica neutrale,"Ricostruzione statica; statement multilinea nel file origine"
indice,create index bme_supported_aspect_idx,supabase/migrations/20260731234000_create_business_membership_evidences.sql,20260731234000_create_business_membership_evidences.sql:87,CONDIVISO,Entrambi con implementazioni autonome,DUPLICAZIONE_CONTROLLATA,DUPLICAZIONE_CONTROLLATA,DEFINITIVA,"schema, sicurezza o accesso dati","PostgreSQL,Supabase",Fondazione tecnica neutrale,"Ricostruzione statica; statement multilinea nel file origine"
rls_enablement,"alter table public.business_membership_evidences enable row level security;",supabase/migrations/20260731234000_create_business_membership_evidences.sql,20260731234000_create_business_membership_evidences.sql:90,CONDIVISO,Entrambi con implementazioni autonome,DUPLICAZIONE_CONTROLLATA,DUPLICAZIONE_CONTROLLATA,DEFINITIVA,"schema, sicurezza o accesso dati","PostgreSQL,Supabase",Fondazione tecnica neutrale,"Ricostruzione statica; statement multilinea nel file origine"
revoke,revoke all on table public.business_membership_evidences,supabase/migrations/20260731234000_create_business_membership_evidences.sql,20260731234000_create_business_membership_evidences.sql:94,CONDIVISO,Entrambi con implementazioni autonome,DUPLICAZIONE_CONTROLLATA,DUPLICAZIONE_CONTROLLATA,DEFINITIVA,"schema, sicurezza o accesso dati","PostgreSQL,Supabase",Fondazione tecnica neutrale,"Ricostruzione statica; statement multilinea nel file origine"
funzione_sql,create or replace function public.set_business_membership_evidences_updated_at (),supabase/migrations/20260731234000_create_business_membership_evidences.sql,20260731234000_create_business_membership_evidences.sql:97,CONDIVISO,Entrambi con versioni indipendenti,ESTRARRE_O_DUPLICARE,PACKAGE_VERSIONATO,DEFINITIVA,"schema, sicurezza o accesso dati","PostgreSQL,Supabase",Catalogo o utilità tecnica neutrale,"Ricostruzione statica; statement multilinea nel file origine"
trigger,create trigger business_membership_evidences_set_updated_at,supabase/migrations/20260731234000_create_business_membership_evidences.sql,20260731234000_create_business_membership_evidences.sql:112,CONDIVISO,Entrambi con versioni indipendenti,ESTRARRE_O_DUPLICARE,PACKAGE_VERSIONATO,DEFINITIVA,"schema, sicurezza o accesso dati","PostgreSQL,Supabase",Catalogo o utilità tecnica neutrale,"Ricostruzione statica; statement multilinea nel file origine"
tabella,create table public.business_membership_management_authorizations (,supabase/migrations/20260731235000_create_business_membership_management_authorizations.sql,20260731235000_create_business_membership_management_authorizations.sql:22,CONDIVISO,Entrambi con implementazioni autonome,DUPLICAZIONE_CONTROLLATA,DUPLICAZIONE_CONTROLLATA,DEFINITIVA,"schema, sicurezza o accesso dati","PostgreSQL,Supabase",Fondazione tecnica neutrale,"Ricostruzione statica; statement multilinea nel file origine"
rls_enablement,"alter table public.business_membership_management_authorizations enable row level security;",supabase/migrations/20260731235000_create_business_membership_management_authorizations.sql,20260731235000_create_business_membership_management_authorizations.sql:82,CONDIVISO,Entrambi con implementazioni autonome,DUPLICAZIONE_CONTROLLATA,DUPLICAZIONE_CONTROLLATA,DEFINITIVA,"schema, sicurezza o accesso dati","PostgreSQL,Supabase",Fondazione tecnica neutrale,"Ricostruzione statica; statement multilinea nel file origine"
revoke,revoke all on table public.business_membership_management_authorizations,supabase/migrations/20260731235000_create_business_membership_management_authorizations.sql,20260731235000_create_business_membership_management_authorizations.sql:86,CONDIVISO,Entrambi con implementazioni autonome,DUPLICAZIONE_CONTROLLATA,DUPLICAZIONE_CONTROLLATA,DEFINITIVA,"schema, sicurezza o accesso dati","PostgreSQL,Supabase",Fondazione tecnica neutrale,"Ricostruzione statica; statement multilinea nel file origine"
funzione_sql,create or replace function public.set_bm_management_authorizations_updated_at (),supabase/migrations/20260731235000_create_business_membership_management_authorizations.sql,20260731235000_create_business_membership_management_authorizations.sql:89,CONDIVISO,Entrambi con versioni indipendenti,ESTRARRE_O_DUPLICARE,PACKAGE_VERSIONATO,DEFINITIVA,"schema, sicurezza o accesso dati","PostgreSQL,Supabase",Catalogo o utilità tecnica neutrale,"Ricostruzione statica; statement multilinea nel file origine"
trigger,create trigger bm_management_authorizations_set_updated_at,supabase/migrations/20260731235000_create_business_membership_management_authorizations.sql,20260731235000_create_business_membership_management_authorizations.sql:104,CONDIVISO,Entrambi con versioni indipendenti,ESTRARRE_O_DUPLICARE,PACKAGE_VERSIONATO,DEFINITIVA,"schema, sicurezza o accesso dati","PostgreSQL,Supabase",Catalogo o utilità tecnica neutrale,"Ricostruzione statica; statement multilinea nel file origine"
tabella,create table public.business_membership_responsibility_declarations (,supabase/migrations/20260731236000_create_business_membership_responsibility_declarations.sql,20260731236000_create_business_membership_responsibility_declarations.sql:22,CONDIVISO,Entrambi con implementazioni autonome,DUPLICAZIONE_CONTROLLATA,DUPLICAZIONE_CONTROLLATA,DEFINITIVA,"schema, sicurezza o accesso dati","PostgreSQL,Supabase",Fondazione tecnica neutrale,"Ricostruzione statica; statement multilinea nel file origine"
rls_enablement,"alter table public.business_membership_responsibility_declarations enable row level security;",supabase/migrations/20260731236000_create_business_membership_responsibility_declarations.sql,20260731236000_create_business_membership_responsibility_declarations.sql:76,CONDIVISO,Entrambi con implementazioni autonome,DUPLICAZIONE_CONTROLLATA,DUPLICAZIONE_CONTROLLATA,DEFINITIVA,"schema, sicurezza o accesso dati","PostgreSQL,Supabase",Fondazione tecnica neutrale,"Ricostruzione statica; statement multilinea nel file origine"
revoke,revoke all on table public.business_membership_responsibility_declarations,supabase/migrations/20260731236000_create_business_membership_responsibility_declarations.sql,20260731236000_create_business_membership_responsibility_declarations.sql:80,CONDIVISO,Entrambi con implementazioni autonome,DUPLICAZIONE_CONTROLLATA,DUPLICAZIONE_CONTROLLATA,DEFINITIVA,"schema, sicurezza o accesso dati","PostgreSQL,Supabase",Fondazione tecnica neutrale,"Ricostruzione statica; statement multilinea nel file origine"
funzione_sql,create or replace function public.set_bm_responsibility_declarations_updated_at (),supabase/migrations/20260731236000_create_business_membership_responsibility_declarations.sql,20260731236000_create_business_membership_responsibility_declarations.sql:83,CONDIVISO,Entrambi con versioni indipendenti,ESTRARRE_O_DUPLICARE,PACKAGE_VERSIONATO,DEFINITIVA,"schema, sicurezza o accesso dati","PostgreSQL,Supabase",Catalogo o utilità tecnica neutrale,"Ricostruzione statica; statement multilinea nel file origine"
trigger,create trigger bm_responsibility_declarations_set_updated_at,supabase/migrations/20260731236000_create_business_membership_responsibility_declarations.sql,20260731236000_create_business_membership_responsibility_declarations.sql:98,CONDIVISO,Entrambi con versioni indipendenti,ESTRARRE_O_DUPLICARE,PACKAGE_VERSIONATO,DEFINITIVA,"schema, sicurezza o accesso dati","PostgreSQL,Supabase",Catalogo o utilità tecnica neutrale,"Ricostruzione statica; statement multilinea nel file origine"
tabella,create table public.business_membership_verifications (,supabase/migrations/20260731237000_create_business_membership_verifications.sql,20260731237000_create_business_membership_verifications.sql:22,CONDIVISO,Entrambi con implementazioni autonome,DUPLICAZIONE_CONTROLLATA,DUPLICAZIONE_CONTROLLATA,DEFINITIVA,"schema, sicurezza o accesso dati","PostgreSQL,Supabase",Fondazione tecnica neutrale,"Ricostruzione statica; statement multilinea nel file origine"
indice,create index bmv_membership_id_idx,supabase/migrations/20260731237000_create_business_membership_verifications.sql,20260731237000_create_business_membership_verifications.sql:93,CONDIVISO,Entrambi con implementazioni autonome,DUPLICAZIONE_CONTROLLATA,DUPLICAZIONE_CONTROLLATA,DEFINITIVA,"schema, sicurezza o accesso dati","PostgreSQL,Supabase",Fondazione tecnica neutrale,"Ricostruzione statica; statement multilinea nel file origine"
indice,create index bmv_aspect_idx,supabase/migrations/20260731237000_create_business_membership_verifications.sql,20260731237000_create_business_membership_verifications.sql:96,CONDIVISO,Entrambi con implementazioni autonome,DUPLICAZIONE_CONTROLLATA,DUPLICAZIONE_CONTROLLATA,DEFINITIVA,"schema, sicurezza o accesso dati","PostgreSQL,Supabase",Fondazione tecnica neutrale,"Ricostruzione statica; statement multilinea nel file origine"
rls_enablement,"alter table public.business_membership_verifications enable row level security;",supabase/migrations/20260731237000_create_business_membership_verifications.sql,20260731237000_create_business_membership_verifications.sql:99,CONDIVISO,Entrambi con implementazioni autonome,DUPLICAZIONE_CONTROLLATA,DUPLICAZIONE_CONTROLLATA,DEFINITIVA,"schema, sicurezza o accesso dati","PostgreSQL,Supabase",Fondazione tecnica neutrale,"Ricostruzione statica; statement multilinea nel file origine"
revoke,revoke all on table public.business_membership_verifications,supabase/migrations/20260731237000_create_business_membership_verifications.sql,20260731237000_create_business_membership_verifications.sql:103,CONDIVISO,Entrambi con implementazioni autonome,DUPLICAZIONE_CONTROLLATA,DUPLICAZIONE_CONTROLLATA,DEFINITIVA,"schema, sicurezza o accesso dati","PostgreSQL,Supabase",Fondazione tecnica neutrale,"Ricostruzione statica; statement multilinea nel file origine"
funzione_sql,create or replace function public.set_bm_verifications_updated_at (),supabase/migrations/20260731237000_create_business_membership_verifications.sql,20260731237000_create_business_membership_verifications.sql:106,CONDIVISO,Entrambi con versioni indipendenti,ESTRARRE_O_DUPLICARE,PACKAGE_VERSIONATO,DEFINITIVA,"schema, sicurezza o accesso dati","PostgreSQL,Supabase",Catalogo o utilità tecnica neutrale,"Ricostruzione statica; statement multilinea nel file origine"
trigger,create trigger bm_verifications_set_updated_at,supabase/migrations/20260731237000_create_business_membership_verifications.sql,20260731237000_create_business_membership_verifications.sql:121,CONDIVISO,Entrambi con versioni indipendenti,ESTRARRE_O_DUPLICARE,PACKAGE_VERSIONATO,DEFINITIVA,"schema, sicurezza o accesso dati","PostgreSQL,Supabase",Catalogo o utilità tecnica neutrale,"Ricostruzione statica; statement multilinea nel file origine"
tabella,create table public.international_activity_types (,supabase/migrations/20260731238000_create_international_activity_types.sql,20260731238000_create_international_activity_types.sql:13,CONDIVISO,Entrambi con implementazioni autonome,DUPLICAZIONE_CONTROLLATA,DUPLICAZIONE_CONTROLLATA,DEFINITIVA,"schema, sicurezza o accesso dati","PostgreSQL,Supabase",Fondazione tecnica neutrale,"Ricostruzione statica; statement multilinea nel file origine"
rls_enablement,"alter table public.international_activity_types enable row level security;",supabase/migrations/20260731238000_create_international_activity_types.sql,20260731238000_create_international_activity_types.sql:51,CONDIVISO,Entrambi con implementazioni autonome,DUPLICAZIONE_CONTROLLATA,DUPLICAZIONE_CONTROLLATA,DEFINITIVA,"schema, sicurezza o accesso dati","PostgreSQL,Supabase",Fondazione tecnica neutrale,"Ricostruzione statica; statement multilinea nel file origine"
revoke,"revoke all on table public.international_activity_types from anon, authenticated;",supabase/migrations/20260731238000_create_international_activity_types.sql,20260731238000_create_international_activity_types.sql:56,CONDIVISO,Entrambi con implementazioni autonome,DUPLICAZIONE_CONTROLLATA,DUPLICAZIONE_CONTROLLATA,DEFINITIVA,"schema, sicurezza o accesso dati","PostgreSQL,Supabase",Fondazione tecnica neutrale,"Ricostruzione statica; statement multilinea nel file origine"
funzione_sql,create or replace function public.set_international_activity_types_updated_at (),supabase/migrations/20260731238000_create_international_activity_types.sql,20260731238000_create_international_activity_types.sql:58,CONDIVISO,Entrambi con versioni indipendenti,ESTRARRE_O_DUPLICARE,PACKAGE_VERSIONATO,DEFINITIVA,"schema, sicurezza o accesso dati","PostgreSQL,Supabase",Catalogo o utilità tecnica neutrale,"Ricostruzione statica; statement multilinea nel file origine"
trigger,create trigger international_activity_types_set_updated_at,supabase/migrations/20260731238000_create_international_activity_types.sql,20260731238000_create_international_activity_types.sql:73,CONDIVISO,Entrambi con versioni indipendenti,ESTRARRE_O_DUPLICARE,PACKAGE_VERSIONATO,DEFINITIVA,"schema, sicurezza o accesso dati","PostgreSQL,Supabase",Catalogo o utilità tecnica neutrale,"Ricostruzione statica; statement multilinea nel file origine"
tabella,create table public.international_access_channels (,supabase/migrations/20260731239000_create_international_access_channels.sql,20260731239000_create_international_access_channels.sql:14,CONDIVISO,Entrambi con implementazioni autonome,DUPLICAZIONE_CONTROLLATA,DUPLICAZIONE_CONTROLLATA,DEFINITIVA,"schema, sicurezza o accesso dati","PostgreSQL,Supabase",Fondazione tecnica neutrale,"Ricostruzione statica; statement multilinea nel file origine"
rls_enablement,"alter table public.international_access_channels enable row level security;",supabase/migrations/20260731239000_create_international_access_channels.sql,20260731239000_create_international_access_channels.sql:48,CONDIVISO,Entrambi con implementazioni autonome,DUPLICAZIONE_CONTROLLATA,DUPLICAZIONE_CONTROLLATA,DEFINITIVA,"schema, sicurezza o accesso dati","PostgreSQL,Supabase",Fondazione tecnica neutrale,"Ricostruzione statica; statement multilinea nel file origine"
revoke,"revoke all on table public.international_access_channels from anon, authenticated;",supabase/migrations/20260731239000_create_international_access_channels.sql,20260731239000_create_international_access_channels.sql:53,CONDIVISO,Entrambi con implementazioni autonome,DUPLICAZIONE_CONTROLLATA,DUPLICAZIONE_CONTROLLATA,DEFINITIVA,"schema, sicurezza o accesso dati","PostgreSQL,Supabase",Fondazione tecnica neutrale,"Ricostruzione statica; statement multilinea nel file origine"
funzione_sql,create or replace function public.set_international_access_channels_updated_at (),supabase/migrations/20260731239000_create_international_access_channels.sql,20260731239000_create_international_access_channels.sql:55,CONDIVISO,Entrambi con versioni indipendenti,ESTRARRE_O_DUPLICARE,PACKAGE_VERSIONATO,DEFINITIVA,"schema, sicurezza o accesso dati","PostgreSQL,Supabase",Catalogo o utilità tecnica neutrale,"Ricostruzione statica; statement multilinea nel file origine"
trigger,create trigger international_access_channels_set_updated_at,supabase/migrations/20260731239000_create_international_access_channels.sql,20260731239000_create_international_access_channels.sql:70,CONDIVISO,Entrambi con versioni indipendenti,ESTRARRE_O_DUPLICARE,PACKAGE_VERSIONATO,DEFINITIVA,"schema, sicurezza o accesso dati","PostgreSQL,Supabase",Catalogo o utilità tecnica neutrale,"Ricostruzione statica; statement multilinea nel file origine"
tabella,create table public.internationalization_need_types (,supabase/migrations/20260731240000_create_internationalization_need_types.sql,20260731240000_create_internationalization_need_types.sql:14,CONDIVISO,Entrambi con implementazioni autonome,DUPLICAZIONE_CONTROLLATA,DUPLICAZIONE_CONTROLLATA,DEFINITIVA,"schema, sicurezza o accesso dati","PostgreSQL,Supabase",Fondazione tecnica neutrale,"Ricostruzione statica; statement multilinea nel file origine"
rls_enablement,"alter table public.internationalization_need_types enable row level security;",supabase/migrations/20260731240000_create_internationalization_need_types.sql,20260731240000_create_internationalization_need_types.sql:48,CONDIVISO,Entrambi con implementazioni autonome,DUPLICAZIONE_CONTROLLATA,DUPLICAZIONE_CONTROLLATA,DEFINITIVA,"schema, sicurezza o accesso dati","PostgreSQL,Supabase",Fondazione tecnica neutrale,"Ricostruzione statica; statement multilinea nel file origine"
revoke,"revoke all on table public.internationalization_need_types from anon, authenticated;",supabase/migrations/20260731240000_create_internationalization_need_types.sql,20260731240000_create_internationalization_need_types.sql:53,CONDIVISO,Entrambi con implementazioni autonome,DUPLICAZIONE_CONTROLLATA,DUPLICAZIONE_CONTROLLATA,DEFINITIVA,"schema, sicurezza o accesso dati","PostgreSQL,Supabase",Fondazione tecnica neutrale,"Ricostruzione statica; statement multilinea nel file origine"
funzione_sql,create or replace function public.set_internationalization_need_types_updated_at (),supabase/migrations/20260731240000_create_internationalization_need_types.sql,20260731240000_create_internationalization_need_types.sql:55,CONDIVISO,Entrambi con versioni indipendenti,ESTRARRE_O_DUPLICARE,PACKAGE_VERSIONATO,DEFINITIVA,"schema, sicurezza o accesso dati","PostgreSQL,Supabase",Catalogo o utilità tecnica neutrale,"Ricostruzione statica; statement multilinea nel file origine"
trigger,create trigger internationalization_need_types_set_updated_at,supabase/migrations/20260731240000_create_internationalization_need_types.sql,20260731240000_create_internationalization_need_types.sql:70,CONDIVISO,Entrambi con versioni indipendenti,ESTRARRE_O_DUPLICARE,PACKAGE_VERSIONATO,DEFINITIVA,"schema, sicurezza o accesso dati","PostgreSQL,Supabase",Catalogo o utilità tecnica neutrale,"Ricostruzione statica; statement multilinea nel file origine"
tabella,create table public.international_markets (,supabase/migrations/20260802090000_create_international_markets.sql,20260802090000_create_international_markets.sql:15,CONDIVISO,Entrambi con implementazioni autonome,DUPLICAZIONE_CONTROLLATA,DUPLICAZIONE_CONTROLLATA,DEFINITIVA,"schema, sicurezza o accesso dati","PostgreSQL,Supabase",Fondazione tecnica neutrale,"Ricostruzione statica; statement multilinea nel file origine"
indice,create index inm_substantial_status_idx,supabase/migrations/20260802090000_create_international_markets.sql,20260802090000_create_international_markets.sql:142,CONDIVISO,Entrambi con implementazioni autonome,DUPLICAZIONE_CONTROLLATA,DUPLICAZIONE_CONTROLLATA,DEFINITIVA,"schema, sicurezza o accesso dati","PostgreSQL,Supabase",Fondazione tecnica neutrale,"Ricostruzione statica; statement multilinea nel file origine"
indice,create index inm_editorial_status_idx,supabase/migrations/20260802090000_create_international_markets.sql,20260802090000_create_international_markets.sql:145,CENTRO_STUDI,Immigrati Imprenditori - Centro Studi sull'Imprenditoria Migrante,MIGRARE_E_SCINDERE_LINK,API_READ_ONLY,DEFINITIVA,"schema, sicurezza o accesso dati","PostgreSQL,Supabase",Oggetto editoriale con possibili riferimenti commerciali,"Ricostruzione statica; statement multilinea nel file origine"
indice,create index inm_market_kind_idx,supabase/migrations/20260802090000_create_international_markets.sql,20260802090000_create_international_markets.sql:148,CONDIVISO,Entrambi con implementazioni autonome,DUPLICAZIONE_CONTROLLATA,DUPLICAZIONE_CONTROLLATA,DEFINITIVA,"schema, sicurezza o accesso dati","PostgreSQL,Supabase",Fondazione tecnica neutrale,"Ricostruzione statica; statement multilinea nel file origine"
rls_enablement,"alter table public.international_markets enable row level security;",supabase/migrations/20260802090000_create_international_markets.sql,20260802090000_create_international_markets.sql:151,CONDIVISO,Entrambi con implementazioni autonome,DUPLICAZIONE_CONTROLLATA,DUPLICAZIONE_CONTROLLATA,DEFINITIVA,"schema, sicurezza o accesso dati","PostgreSQL,Supabase",Fondazione tecnica neutrale,"Ricostruzione statica; statement multilinea nel file origine"
revoke,"revoke all on table public.international_markets from anon, authenticated;",supabase/migrations/20260802090000_create_international_markets.sql,20260802090000_create_international_markets.sql:156,CONDIVISO,Entrambi con implementazioni autonome,DUPLICAZIONE_CONTROLLATA,DUPLICAZIONE_CONTROLLATA,DEFINITIVA,"schema, sicurezza o accesso dati","PostgreSQL,Supabase",Fondazione tecnica neutrale,"Ricostruzione statica; statement multilinea nel file origine"
funzione_sql,create or replace function public.set_international_markets_updated_at (),supabase/migrations/20260802090000_create_international_markets.sql,20260802090000_create_international_markets.sql:158,CONDIVISO,Entrambi con versioni indipendenti,ESTRARRE_O_DUPLICARE,PACKAGE_VERSIONATO,DEFINITIVA,"schema, sicurezza o accesso dati","PostgreSQL,Supabase",Catalogo o utilità tecnica neutrale,"Ricostruzione statica; statement multilinea nel file origine"
trigger,create trigger international_markets_set_updated_at,supabase/migrations/20260802090000_create_international_markets.sql,20260802090000_create_international_markets.sql:173,CONDIVISO,Entrambi con versioni indipendenti,ESTRARRE_O_DUPLICARE,PACKAGE_VERSIONATO,DEFINITIVA,"schema, sicurezza o accesso dati","PostgreSQL,Supabase",Catalogo o utilità tecnica neutrale,"Ricostruzione statica; statement multilinea nel file origine"
tabella,create table public.international_market_countries (,supabase/migrations/20260802100000_create_international_market_countries.sql,20260802100000_create_international_market_countries.sql:15,CONDIVISO,Entrambi con versioni indipendenti,ESTRARRE_O_DUPLICARE,PACKAGE_VERSIONATO,DEFINITIVA,"schema, sicurezza o accesso dati","PostgreSQL,Supabase",Catalogo o utilità tecnica neutrale,"Ricostruzione statica; statement multilinea nel file origine"
indice,create unique index imc_one_primary_per_market_uidx,supabase/migrations/20260802100000_create_international_market_countries.sql,20260802100000_create_international_market_countries.sql:61,CONDIVISO,Entrambi con versioni indipendenti,ESTRARRE_O_DUPLICARE,PACKAGE_VERSIONATO,DEFINITIVA,"schema, sicurezza o accesso dati","PostgreSQL,Supabase",Catalogo o utilità tecnica neutrale,"Ricostruzione statica; statement multilinea nel file origine"
rls_enablement,"alter table public.international_market_countries enable row level security;",supabase/migrations/20260802100000_create_international_market_countries.sql,20260802100000_create_international_market_countries.sql:65,CONDIVISO,Entrambi con versioni indipendenti,ESTRARRE_O_DUPLICARE,PACKAGE_VERSIONATO,DEFINITIVA,"schema, sicurezza o accesso dati","PostgreSQL,Supabase",Catalogo o utilità tecnica neutrale,"Ricostruzione statica; statement multilinea nel file origine"
revoke,"revoke all on table public.international_market_countries from anon, authenticated;",supabase/migrations/20260802100000_create_international_market_countries.sql,20260802100000_create_international_market_countries.sql:70,CONDIVISO,Entrambi con versioni indipendenti,ESTRARRE_O_DUPLICARE,PACKAGE_VERSIONATO,DEFINITIVA,"schema, sicurezza o accesso dati","PostgreSQL,Supabase",Catalogo o utilità tecnica neutrale,"Ricostruzione statica; statement multilinea nel file origine"
funzione_sql,create or replace function public.set_international_market_countries_updated_at (),supabase/migrations/20260802100000_create_international_market_countries.sql,20260802100000_create_international_market_countries.sql:72,CONDIVISO,Entrambi con versioni indipendenti,ESTRARRE_O_DUPLICARE,PACKAGE_VERSIONATO,DEFINITIVA,"schema, sicurezza o accesso dati","PostgreSQL,Supabase",Catalogo o utilità tecnica neutrale,"Ricostruzione statica; statement multilinea nel file origine"
trigger,create trigger international_market_countries_set_updated_at,supabase/migrations/20260802100000_create_international_market_countries.sql,20260802100000_create_international_market_countries.sql:87,CONDIVISO,Entrambi con versioni indipendenti,ESTRARRE_O_DUPLICARE,PACKAGE_VERSIONATO,DEFINITIVA,"schema, sicurezza o accesso dati","PostgreSQL,Supabase",Catalogo o utilità tecnica neutrale,"Ricostruzione statica; statement multilinea nel file origine"
tabella,create table public.international_market_support_resources (,supabase/migrations/20260802110000_create_international_market_support_resources.sql,20260802110000_create_international_market_support_resources.sql:17,CONDIVISO,Entrambi con implementazioni autonome,DUPLICAZIONE_CONTROLLATA,DUPLICAZIONE_CONTROLLATA,DEFINITIVA,"schema, sicurezza o accesso dati","PostgreSQL,Supabase",Fondazione tecnica neutrale,"Ricostruzione statica; statement multilinea nel file origine"
indice,create index imsr_market_id_idx,supabase/migrations/20260802110000_create_international_market_support_resources.sql,20260802110000_create_international_market_support_resources.sql:112,CONDIVISO,Entrambi con implementazioni autonome,DUPLICAZIONE_CONTROLLATA,DUPLICAZIONE_CONTROLLATA,DEFINITIVA,"schema, sicurezza o accesso dati","PostgreSQL,Supabase",Fondazione tecnica neutrale,"Ricostruzione statica; statement multilinea nel file origine"
indice,create index imsr_substantial_status_idx,supabase/migrations/20260802110000_create_international_market_support_resources.sql,20260802110000_create_international_market_support_resources.sql:115,CONDIVISO,Entrambi con implementazioni autonome,DUPLICAZIONE_CONTROLLATA,DUPLICAZIONE_CONTROLLATA,DEFINITIVA,"schema, sicurezza o accesso dati","PostgreSQL,Supabase",Fondazione tecnica neutrale,"Ricostruzione statica; statement multilinea nel file origine"
rls_enablement,"alter table public.international_market_support_resources enable row level security;",supabase/migrations/20260802110000_create_international_market_support_resources.sql,20260802110000_create_international_market_support_resources.sql:118,CONDIVISO,Entrambi con implementazioni autonome,DUPLICAZIONE_CONTROLLATA,DUPLICAZIONE_CONTROLLATA,DEFINITIVA,"schema, sicurezza o accesso dati","PostgreSQL,Supabase",Fondazione tecnica neutrale,"Ricostruzione statica; statement multilinea nel file origine"
revoke,"revoke all on table public.international_market_support_resources from anon, authenticated;",supabase/migrations/20260802110000_create_international_market_support_resources.sql,20260802110000_create_international_market_support_resources.sql:123,CONDIVISO,Entrambi con implementazioni autonome,DUPLICAZIONE_CONTROLLATA,DUPLICAZIONE_CONTROLLATA,DEFINITIVA,"schema, sicurezza o accesso dati","PostgreSQL,Supabase",Fondazione tecnica neutrale,"Ricostruzione statica; statement multilinea nel file origine"
funzione_sql,create or replace function public.set_international_market_support_resources_updated_at (),supabase/migrations/20260802110000_create_international_market_support_resources.sql,20260802110000_create_international_market_support_resources.sql:125,CONDIVISO,Entrambi con versioni indipendenti,ESTRARRE_O_DUPLICARE,PACKAGE_VERSIONATO,DEFINITIVA,"schema, sicurezza o accesso dati","PostgreSQL,Supabase",Catalogo o utilità tecnica neutrale,"Ricostruzione statica; statement multilinea nel file origine"
trigger,create trigger international_market_support_resources_set_updated_at,supabase/migrations/20260802110000_create_international_market_support_resources.sql,20260802110000_create_international_market_support_resources.sql:140,CONDIVISO,Entrambi con versioni indipendenti,ESTRARRE_O_DUPLICARE,PACKAGE_VERSIONATO,DEFINITIVA,"schema, sicurezza o accesso dati","PostgreSQL,Supabase",Catalogo o utilità tecnica neutrale,"Ricostruzione statica; statement multilinea nel file origine"
tabella,create table public.international_market_presences (,supabase/migrations/20260802120000_create_international_market_presences.sql,20260802120000_create_international_market_presences.sql:18,CONDIVISO,Entrambi con implementazioni autonome,DUPLICAZIONE_CONTROLLATA,DUPLICAZIONE_CONTROLLATA,DEFINITIVA,"schema, sicurezza o accesso dati","PostgreSQL,Supabase",Fondazione tecnica neutrale,"Ricostruzione statica; statement multilinea nel file origine"
indice,create index imp_market_id_idx,supabase/migrations/20260802120000_create_international_market_presences.sql,20260802120000_create_international_market_presences.sql:209,CONDIVISO,Entrambi con implementazioni autonome,DUPLICAZIONE_CONTROLLATA,DUPLICAZIONE_CONTROLLATA,DEFINITIVA,"schema, sicurezza o accesso dati","PostgreSQL,Supabase",Fondazione tecnica neutrale,"Ricostruzione statica; statement multilinea nel file origine"
indice,create index imp_business_id_idx,supabase/migrations/20260802120000_create_international_market_presences.sql,20260802120000_create_international_market_presences.sql:212,CONDIVISO,Entrambi con implementazioni autonome,DUPLICAZIONE_CONTROLLATA,DUPLICAZIONE_CONTROLLATA,DEFINITIVA,"schema, sicurezza o accesso dati","PostgreSQL,Supabase",Fondazione tecnica neutrale,"Ricostruzione statica; statement multilinea nel file origine"
indice,create index imp_person_id_idx,supabase/migrations/20260802120000_create_international_market_presences.sql,20260802120000_create_international_market_presences.sql:215,CONDIVISO,Entrambi con implementazioni autonome,DUPLICAZIONE_CONTROLLATA,DUPLICAZIONE_CONTROLLATA,DEFINITIVA,"schema, sicurezza o accesso dati","PostgreSQL,Supabase",Fondazione tecnica neutrale,"Ricostruzione statica; statement multilinea nel file origine"
indice,create index imp_relation_status_idx,supabase/migrations/20260802120000_create_international_market_presences.sql,20260802120000_create_international_market_presences.sql:218,CONDIVISO,Entrambi con implementazioni autonome,DUPLICAZIONE_CONTROLLATA,DUPLICAZIONE_CONTROLLATA,DEFINITIVA,"schema, sicurezza o accesso dati","PostgreSQL,Supabase",Fondazione tecnica neutrale,"Ricostruzione statica; statement multilinea nel file origine"
rls_enablement,"alter table public.international_market_presences enable row level security;",supabase/migrations/20260802120000_create_international_market_presences.sql,20260802120000_create_international_market_presences.sql:221,CONDIVISO,Entrambi con implementazioni autonome,DUPLICAZIONE_CONTROLLATA,DUPLICAZIONE_CONTROLLATA,DEFINITIVA,"schema, sicurezza o accesso dati","PostgreSQL,Supabase",Fondazione tecnica neutrale,"Ricostruzione statica; statement multilinea nel file origine"
revoke,"revoke all on table public.international_market_presences from anon, authenticated;",supabase/migrations/20260802120000_create_international_market_presences.sql,20260802120000_create_international_market_presences.sql:226,CONDIVISO,Entrambi con implementazioni autonome,DUPLICAZIONE_CONTROLLATA,DUPLICAZIONE_CONTROLLATA,DEFINITIVA,"schema, sicurezza o accesso dati","PostgreSQL,Supabase",Fondazione tecnica neutrale,"Ricostruzione statica; statement multilinea nel file origine"
funzione_sql,create or replace function public.set_international_market_presences_updated_at (),supabase/migrations/20260802120000_create_international_market_presences.sql,20260802120000_create_international_market_presences.sql:228,CONDIVISO,Entrambi con versioni indipendenti,ESTRARRE_O_DUPLICARE,PACKAGE_VERSIONATO,DEFINITIVA,"schema, sicurezza o accesso dati","PostgreSQL,Supabase",Catalogo o utilità tecnica neutrale,"Ricostruzione statica; statement multilinea nel file origine"
trigger,create trigger international_market_presences_set_updated_at,supabase/migrations/20260802120000_create_international_market_presences.sql,20260802120000_create_international_market_presences.sql:243,CONDIVISO,Entrambi con versioni indipendenti,ESTRARRE_O_DUPLICARE,PACKAGE_VERSIONATO,DEFINITIVA,"schema, sicurezza o accesso dati","PostgreSQL,Supabase",Catalogo o utilità tecnica neutrale,"Ricostruzione statica; statement multilinea nel file origine"
tabella,create table public.international_market_interests (,supabase/migrations/20260802130000_create_international_market_interests.sql,20260802130000_create_international_market_interests.sql:19,CONDIVISO,Entrambi con implementazioni autonome,DUPLICAZIONE_CONTROLLATA,DUPLICAZIONE_CONTROLLATA,DEFINITIVA,"schema, sicurezza o accesso dati","PostgreSQL,Supabase",Fondazione tecnica neutrale,"Ricostruzione statica; statement multilinea nel file origine"
rls_enablement,"alter table public.international_market_interests enable row level security;",supabase/migrations/20260802130000_create_international_market_interests.sql,20260802130000_create_international_market_interests.sql:148,CONDIVISO,Entrambi con implementazioni autonome,DUPLICAZIONE_CONTROLLATA,DUPLICAZIONE_CONTROLLATA,DEFINITIVA,"schema, sicurezza o accesso dati","PostgreSQL,Supabase",Fondazione tecnica neutrale,"Ricostruzione statica; statement multilinea nel file origine"
revoke,"revoke all on table public.international_market_interests from anon, authenticated;",supabase/migrations/20260802130000_create_international_market_interests.sql,20260802130000_create_international_market_interests.sql:153,CONDIVISO,Entrambi con implementazioni autonome,DUPLICAZIONE_CONTROLLATA,DUPLICAZIONE_CONTROLLATA,DEFINITIVA,"schema, sicurezza o accesso dati","PostgreSQL,Supabase",Fondazione tecnica neutrale,"Ricostruzione statica; statement multilinea nel file origine"
funzione_sql,create or replace function public.set_international_market_interests_updated_at (),supabase/migrations/20260802130000_create_international_market_interests.sql,20260802130000_create_international_market_interests.sql:155,CONDIVISO,Entrambi con versioni indipendenti,ESTRARRE_O_DUPLICARE,PACKAGE_VERSIONATO,DEFINITIVA,"schema, sicurezza o accesso dati","PostgreSQL,Supabase",Catalogo o utilità tecnica neutrale,"Ricostruzione statica; statement multilinea nel file origine"
trigger,create trigger international_market_interests_set_updated_at,supabase/migrations/20260802130000_create_international_market_interests.sql,20260802130000_create_international_market_interests.sql:170,CONDIVISO,Entrambi con versioni indipendenti,ESTRARRE_O_DUPLICARE,PACKAGE_VERSIONATO,DEFINITIVA,"schema, sicurezza o accesso dati","PostgreSQL,Supabase",Catalogo o utilità tecnica neutrale,"Ricostruzione statica; statement multilinea nel file origine"
tabella,create table public.international_market_activities (,supabase/migrations/20260802140000_create_international_market_activities.sql,20260802140000_create_international_market_activities.sql:20,CONDIVISO,Entrambi con implementazioni autonome,DUPLICAZIONE_CONTROLLATA,DUPLICAZIONE_CONTROLLATA,DEFINITIVA,"schema, sicurezza o accesso dati","PostgreSQL,Supabase",Fondazione tecnica neutrale,"Ricostruzione statica; statement multilinea nel file origine"
tabella,create table public.international_market_activity_type_links (,supabase/migrations/20260802140000_create_international_market_activities.sql,20260802140000_create_international_market_activities.sql:107,CONDIVISO,Entrambi con implementazioni autonome,DUPLICAZIONE_CONTROLLATA,DUPLICAZIONE_CONTROLLATA,DEFINITIVA,"schema, sicurezza o accesso dati","PostgreSQL,Supabase",Fondazione tecnica neutrale,"Ricostruzione statica; statement multilinea nel file origine"
rls_enablement,"alter table public.international_market_activities enable row level security;",supabase/migrations/20260802140000_create_international_market_activities.sql,20260802140000_create_international_market_activities.sql:141,CONDIVISO,Entrambi con implementazioni autonome,DUPLICAZIONE_CONTROLLATA,DUPLICAZIONE_CONTROLLATA,DEFINITIVA,"schema, sicurezza o accesso dati","PostgreSQL,Supabase",Fondazione tecnica neutrale,"Ricostruzione statica; statement multilinea nel file origine"
rls_enablement,"alter table public.international_market_activity_type_links enable row level security;",supabase/migrations/20260802140000_create_international_market_activities.sql,20260802140000_create_international_market_activities.sql:142,CONDIVISO,Entrambi con implementazioni autonome,DUPLICAZIONE_CONTROLLATA,DUPLICAZIONE_CONTROLLATA,DEFINITIVA,"schema, sicurezza o accesso dati","PostgreSQL,Supabase",Fondazione tecnica neutrale,"Ricostruzione statica; statement multilinea nel file origine"
revoke,"revoke all on table public.international_market_activities from anon, authenticated;",supabase/migrations/20260802140000_create_international_market_activities.sql,20260802140000_create_international_market_activities.sql:147,CONDIVISO,Entrambi con implementazioni autonome,DUPLICAZIONE_CONTROLLATA,DUPLICAZIONE_CONTROLLATA,DEFINITIVA,"schema, sicurezza o accesso dati","PostgreSQL,Supabase",Fondazione tecnica neutrale,"Ricostruzione statica; statement multilinea nel file origine"
revoke,"revoke all on table public.international_market_activity_type_links from anon, authenticated;",supabase/migrations/20260802140000_create_international_market_activities.sql,20260802140000_create_international_market_activities.sql:148,CONDIVISO,Entrambi con implementazioni autonome,DUPLICAZIONE_CONTROLLATA,DUPLICAZIONE_CONTROLLATA,DEFINITIVA,"schema, sicurezza o accesso dati","PostgreSQL,Supabase",Fondazione tecnica neutrale,"Ricostruzione statica; statement multilinea nel file origine"
funzione_sql,create or replace function public.set_international_market_activities_updated_at (),supabase/migrations/20260802140000_create_international_market_activities.sql,20260802140000_create_international_market_activities.sql:150,CONDIVISO,Entrambi con versioni indipendenti,ESTRARRE_O_DUPLICARE,PACKAGE_VERSIONATO,DEFINITIVA,"schema, sicurezza o accesso dati","PostgreSQL,Supabase",Catalogo o utilità tecnica neutrale,"Ricostruzione statica; statement multilinea nel file origine"
trigger,create trigger international_market_activities_set_updated_at,supabase/migrations/20260802140000_create_international_market_activities.sql,20260802140000_create_international_market_activities.sql:165,CONDIVISO,Entrambi con versioni indipendenti,ESTRARRE_O_DUPLICARE,PACKAGE_VERSIONATO,DEFINITIVA,"schema, sicurezza o accesso dati","PostgreSQL,Supabase",Catalogo o utilità tecnica neutrale,"Ricostruzione statica; statement multilinea nel file origine"
funzione_sql,create or replace function public.set_international_market_activity_type_links_updated_at (),supabase/migrations/20260802140000_create_international_market_activities.sql,20260802140000_create_international_market_activities.sql:170,CONDIVISO,Entrambi con versioni indipendenti,ESTRARRE_O_DUPLICARE,PACKAGE_VERSIONATO,DEFINITIVA,"schema, sicurezza o accesso dati","PostgreSQL,Supabase",Catalogo o utilità tecnica neutrale,"Ricostruzione statica; statement multilinea nel file origine"
trigger,create trigger international_market_activity_type_links_set_updated_at,supabase/migrations/20260802140000_create_international_market_activities.sql,20260802140000_create_international_market_activities.sql:185,CONDIVISO,Entrambi con versioni indipendenti,ESTRARRE_O_DUPLICARE,PACKAGE_VERSIONATO,DEFINITIVA,"schema, sicurezza o accesso dati","PostgreSQL,Supabase",Catalogo o utilità tecnica neutrale,"Ricostruzione statica; statement multilinea nel file origine"
tabella,create table public.international_commercial_relations (,supabase/migrations/20260802150000_create_international_commercial_relations.sql,20260802150000_create_international_commercial_relations.sql:20,CONDIVISO,Entrambi con implementazioni autonome,DUPLICAZIONE_CONTROLLATA,DUPLICAZIONE_CONTROLLATA,DEFINITIVA,"schema, sicurezza o accesso dati","PostgreSQL,Supabase",Fondazione tecnica neutrale,"Ricostruzione statica; statement multilinea nel file origine"
rls_enablement,"alter table public.international_commercial_relations enable row level security;",supabase/migrations/20260802150000_create_international_commercial_relations.sql,20260802150000_create_international_commercial_relations.sql:189,CONDIVISO,Entrambi con implementazioni autonome,DUPLICAZIONE_CONTROLLATA,DUPLICAZIONE_CONTROLLATA,DEFINITIVA,"schema, sicurezza o accesso dati","PostgreSQL,Supabase",Fondazione tecnica neutrale,"Ricostruzione statica; statement multilinea nel file origine"
revoke,"revoke all on table public.international_commercial_relations from anon, authenticated;",supabase/migrations/20260802150000_create_international_commercial_relations.sql,20260802150000_create_international_commercial_relations.sql:194,CONDIVISO,Entrambi con implementazioni autonome,DUPLICAZIONE_CONTROLLATA,DUPLICAZIONE_CONTROLLATA,DEFINITIVA,"schema, sicurezza o accesso dati","PostgreSQL,Supabase",Fondazione tecnica neutrale,"Ricostruzione statica; statement multilinea nel file origine"
funzione_sql,create or replace function public.set_international_commercial_relations_updated_at (),supabase/migrations/20260802150000_create_international_commercial_relations.sql,20260802150000_create_international_commercial_relations.sql:196,CONDIVISO,Entrambi con versioni indipendenti,ESTRARRE_O_DUPLICARE,PACKAGE_VERSIONATO,DEFINITIVA,"schema, sicurezza o accesso dati","PostgreSQL,Supabase",Catalogo o utilità tecnica neutrale,"Ricostruzione statica; statement multilinea nel file origine"
trigger,create trigger international_commercial_relations_set_updated_at,supabase/migrations/20260802150000_create_international_commercial_relations.sql,20260802150000_create_international_commercial_relations.sql:211,CONDIVISO,Entrambi con versioni indipendenti,ESTRARRE_O_DUPLICARE,PACKAGE_VERSIONATO,DEFINITIVA,"schema, sicurezza o accesso dati","PostgreSQL,Supabase",Catalogo o utilità tecnica neutrale,"Ricostruzione statica; statement multilinea nel file origine"
tabella,create table public.internationalization_needs (,supabase/migrations/20260802160000_create_internationalization_needs.sql,20260802160000_create_internationalization_needs.sql:20,CONDIVISO,Entrambi con implementazioni autonome,DUPLICAZIONE_CONTROLLATA,DUPLICAZIONE_CONTROLLATA,DEFINITIVA,"schema, sicurezza o accesso dati","PostgreSQL,Supabase",Fondazione tecnica neutrale,"Ricostruzione statica; statement multilinea nel file origine"
rls_enablement,"alter table public.internationalization_needs enable row level security;",supabase/migrations/20260802160000_create_internationalization_needs.sql,20260802160000_create_internationalization_needs.sql:142,CONDIVISO,Entrambi con implementazioni autonome,DUPLICAZIONE_CONTROLLATA,DUPLICAZIONE_CONTROLLATA,DEFINITIVA,"schema, sicurezza o accesso dati","PostgreSQL,Supabase",Fondazione tecnica neutrale,"Ricostruzione statica; statement multilinea nel file origine"
revoke,"revoke all on table public.internationalization_needs from anon, authenticated;",supabase/migrations/20260802160000_create_internationalization_needs.sql,20260802160000_create_internationalization_needs.sql:147,CONDIVISO,Entrambi con implementazioni autonome,DUPLICAZIONE_CONTROLLATA,DUPLICAZIONE_CONTROLLATA,DEFINITIVA,"schema, sicurezza o accesso dati","PostgreSQL,Supabase",Fondazione tecnica neutrale,"Ricostruzione statica; statement multilinea nel file origine"
funzione_sql,create or replace function public.set_internationalization_needs_updated_at (),supabase/migrations/20260802160000_create_internationalization_needs.sql,20260802160000_create_internationalization_needs.sql:149,CONDIVISO,Entrambi con versioni indipendenti,ESTRARRE_O_DUPLICARE,PACKAGE_VERSIONATO,DEFINITIVA,"schema, sicurezza o accesso dati","PostgreSQL,Supabase",Catalogo o utilità tecnica neutrale,"Ricostruzione statica; statement multilinea nel file origine"
trigger,create trigger internationalization_needs_set_updated_at,supabase/migrations/20260802160000_create_internationalization_needs.sql,20260802160000_create_internationalization_needs.sql:164,CONDIVISO,Entrambi con versioni indipendenti,ESTRARRE_O_DUPLICARE,PACKAGE_VERSIONATO,DEFINITIVA,"schema, sicurezza o accesso dati","PostgreSQL,Supabase",Catalogo o utilità tecnica neutrale,"Ricostruzione statica; statement multilinea nel file origine"
tabella,create table public.international_market_presence_sources (,supabase/migrations/20260802170000_create_international_market_presence_sources.sql,20260802170000_create_international_market_presence_sources.sql:22,CONDIVISO,Entrambi con implementazioni autonome,DUPLICAZIONE_CONTROLLATA,DUPLICAZIONE_CONTROLLATA,DEFINITIVA,"schema, sicurezza o accesso dati","PostgreSQL,Supabase",Fondazione tecnica neutrale,"Ricostruzione statica; statement multilinea nel file origine"
rls_enablement,"alter table public.international_market_presence_sources enable row level security;",supabase/migrations/20260802170000_create_international_market_presence_sources.sql,20260802170000_create_international_market_presence_sources.sql:77,CONDIVISO,Entrambi con implementazioni autonome,DUPLICAZIONE_CONTROLLATA,DUPLICAZIONE_CONTROLLATA,DEFINITIVA,"schema, sicurezza o accesso dati","PostgreSQL,Supabase",Fondazione tecnica neutrale,"Ricostruzione statica; statement multilinea nel file origine"
revoke,revoke all on table public.international_market_presence_sources,supabase/migrations/20260802170000_create_international_market_presence_sources.sql,20260802170000_create_international_market_presence_sources.sql:79,CONDIVISO,Entrambi con implementazioni autonome,DUPLICAZIONE_CONTROLLATA,DUPLICAZIONE_CONTROLLATA,DEFINITIVA,"schema, sicurezza o accesso dati","PostgreSQL,Supabase",Fondazione tecnica neutrale,"Ricostruzione statica; statement multilinea nel file origine"
funzione_sql,create or replace function public.set_international_market_presence_sources_updated_at (),supabase/migrations/20260802170000_create_international_market_presence_sources.sql,20260802170000_create_international_market_presence_sources.sql:82,CONDIVISO,Entrambi con versioni indipendenti,ESTRARRE_O_DUPLICARE,PACKAGE_VERSIONATO,DEFINITIVA,"schema, sicurezza o accesso dati","PostgreSQL,Supabase",Catalogo o utilità tecnica neutrale,"Ricostruzione statica; statement multilinea nel file origine"
trigger,create trigger international_market_presence_sources_set_updated_at,supabase/migrations/20260802170000_create_international_market_presence_sources.sql,20260802170000_create_international_market_presence_sources.sql:97,CONDIVISO,Entrambi con versioni indipendenti,ESTRARRE_O_DUPLICARE,PACKAGE_VERSIONATO,DEFINITIVA,"schema, sicurezza o accesso dati","PostgreSQL,Supabase",Catalogo o utilità tecnica neutrale,"Ricostruzione statica; statement multilinea nel file origine"
tabella,create table public.international_market_presence_evidences (,supabase/migrations/20260802180000_create_international_market_presence_evidences.sql,20260802180000_create_international_market_presence_evidences.sql:24,CONDIVISO,Entrambi con implementazioni autonome,DUPLICAZIONE_CONTROLLATA,DUPLICAZIONE_CONTROLLATA,DEFINITIVA,"schema, sicurezza o accesso dati","PostgreSQL,Supabase",Fondazione tecnica neutrale,"Ricostruzione statica; statement multilinea nel file origine"
rls_enablement,"alter table public.international_market_presence_evidences enable row level security;",supabase/migrations/20260802180000_create_international_market_presence_evidences.sql,20260802180000_create_international_market_presence_evidences.sql:80,CONDIVISO,Entrambi con implementazioni autonome,DUPLICAZIONE_CONTROLLATA,DUPLICAZIONE_CONTROLLATA,DEFINITIVA,"schema, sicurezza o accesso dati","PostgreSQL,Supabase",Fondazione tecnica neutrale,"Ricostruzione statica; statement multilinea nel file origine"
revoke,revoke all on table public.international_market_presence_evidences,supabase/migrations/20260802180000_create_international_market_presence_evidences.sql,20260802180000_create_international_market_presence_evidences.sql:82,CONDIVISO,Entrambi con implementazioni autonome,DUPLICAZIONE_CONTROLLATA,DUPLICAZIONE_CONTROLLATA,DEFINITIVA,"schema, sicurezza o accesso dati","PostgreSQL,Supabase",Fondazione tecnica neutrale,"Ricostruzione statica; statement multilinea nel file origine"
funzione_sql,create or replace function public.set_international_market_presence_evidences_updated_at (),supabase/migrations/20260802180000_create_international_market_presence_evidences.sql,20260802180000_create_international_market_presence_evidences.sql:85,CONDIVISO,Entrambi con versioni indipendenti,ESTRARRE_O_DUPLICARE,PACKAGE_VERSIONATO,DEFINITIVA,"schema, sicurezza o accesso dati","PostgreSQL,Supabase",Catalogo o utilità tecnica neutrale,"Ricostruzione statica; statement multilinea nel file origine"
trigger,create trigger international_market_presence_evidences_set_updated_at,supabase/migrations/20260802180000_create_international_market_presence_evidences.sql,20260802180000_create_international_market_presence_evidences.sql:100,CONDIVISO,Entrambi con versioni indipendenti,ESTRARRE_O_DUPLICARE,PACKAGE_VERSIONATO,DEFINITIVA,"schema, sicurezza o accesso dati","PostgreSQL,Supabase",Catalogo o utilità tecnica neutrale,"Ricostruzione statica; statement multilinea nel file origine"
tabella,create table public.international_market_presence_verifications (,supabase/migrations/20260802190000_create_international_market_presence_verifications.sql,20260802190000_create_international_market_presence_verifications.sql:24,CONDIVISO,Entrambi con implementazioni autonome,DUPLICAZIONE_CONTROLLATA,DUPLICAZIONE_CONTROLLATA,DEFINITIVA,"schema, sicurezza o accesso dati","PostgreSQL,Supabase",Fondazione tecnica neutrale,"Ricostruzione statica; statement multilinea nel file origine"
rls_enablement,"alter table public.international_market_presence_verifications enable row level security;",supabase/migrations/20260802190000_create_international_market_presence_verifications.sql,20260802190000_create_international_market_presence_verifications.sql:90,CONDIVISO,Entrambi con implementazioni autonome,DUPLICAZIONE_CONTROLLATA,DUPLICAZIONE_CONTROLLATA,DEFINITIVA,"schema, sicurezza o accesso dati","PostgreSQL,Supabase",Fondazione tecnica neutrale,"Ricostruzione statica; statement multilinea nel file origine"
revoke,revoke all on table public.international_market_presence_verifications,supabase/migrations/20260802190000_create_international_market_presence_verifications.sql,20260802190000_create_international_market_presence_verifications.sql:92,CONDIVISO,Entrambi con implementazioni autonome,DUPLICAZIONE_CONTROLLATA,DUPLICAZIONE_CONTROLLATA,DEFINITIVA,"schema, sicurezza o accesso dati","PostgreSQL,Supabase",Fondazione tecnica neutrale,"Ricostruzione statica; statement multilinea nel file origine"
funzione_sql,create or replace function public.set_international_market_presence_verifications_updated_at (),supabase/migrations/20260802190000_create_international_market_presence_verifications.sql,20260802190000_create_international_market_presence_verifications.sql:95,CONDIVISO,Entrambi con versioni indipendenti,ESTRARRE_O_DUPLICARE,PACKAGE_VERSIONATO,DEFINITIVA,"schema, sicurezza o accesso dati","PostgreSQL,Supabase",Catalogo o utilità tecnica neutrale,"Ricostruzione statica; statement multilinea nel file origine"
trigger,create trigger international_market_presence_verifications_set_updated_at,supabase/migrations/20260802190000_create_international_market_presence_verifications.sql,20260802190000_create_international_market_presence_verifications.sql:110,CONDIVISO,Entrambi con versioni indipendenti,ESTRARRE_O_DUPLICARE,PACKAGE_VERSIONATO,DEFINITIVA,"schema, sicurezza o accesso dati","PostgreSQL,Supabase",Catalogo o utilità tecnica neutrale,"Ricostruzione statica; statement multilinea nel file origine"
tabella,create table public.international_commercial_relation_sources (,supabase/migrations/20260802200000_create_international_commercial_relation_sources.sql,20260802200000_create_international_commercial_relation_sources.sql:24,CONDIVISO,Entrambi con implementazioni autonome,DUPLICAZIONE_CONTROLLATA,DUPLICAZIONE_CONTROLLATA,DEFINITIVA,"schema, sicurezza o accesso dati","PostgreSQL,Supabase",Fondazione tecnica neutrale,"Ricostruzione statica; statement multilinea nel file origine"
rls_enablement,"alter table public.international_commercial_relation_sources enable row level security;",supabase/migrations/20260802200000_create_international_commercial_relation_sources.sql,20260802200000_create_international_commercial_relation_sources.sql:79,CONDIVISO,Entrambi con implementazioni autonome,DUPLICAZIONE_CONTROLLATA,DUPLICAZIONE_CONTROLLATA,DEFINITIVA,"schema, sicurezza o accesso dati","PostgreSQL,Supabase",Fondazione tecnica neutrale,"Ricostruzione statica; statement multilinea nel file origine"
revoke,revoke all on table public.international_commercial_relation_sources,supabase/migrations/20260802200000_create_international_commercial_relation_sources.sql,20260802200000_create_international_commercial_relation_sources.sql:81,CONDIVISO,Entrambi con implementazioni autonome,DUPLICAZIONE_CONTROLLATA,DUPLICAZIONE_CONTROLLATA,DEFINITIVA,"schema, sicurezza o accesso dati","PostgreSQL,Supabase",Fondazione tecnica neutrale,"Ricostruzione statica; statement multilinea nel file origine"
funzione_sql,create or replace function public.set_international_commercial_relation_sources_updated_at (),supabase/migrations/20260802200000_create_international_commercial_relation_sources.sql,20260802200000_create_international_commercial_relation_sources.sql:84,CONDIVISO,Entrambi con versioni indipendenti,ESTRARRE_O_DUPLICARE,PACKAGE_VERSIONATO,DEFINITIVA,"schema, sicurezza o accesso dati","PostgreSQL,Supabase",Catalogo o utilità tecnica neutrale,"Ricostruzione statica; statement multilinea nel file origine"
trigger,create trigger international_commercial_relation_sources_set_updated_at,supabase/migrations/20260802200000_create_international_commercial_relation_sources.sql,20260802200000_create_international_commercial_relation_sources.sql:99,CONDIVISO,Entrambi con versioni indipendenti,ESTRARRE_O_DUPLICARE,PACKAGE_VERSIONATO,DEFINITIVA,"schema, sicurezza o accesso dati","PostgreSQL,Supabase",Catalogo o utilità tecnica neutrale,"Ricostruzione statica; statement multilinea nel file origine"
tabella,create table public.international_commercial_relation_evidences (,supabase/migrations/20260802210000_create_international_commercial_relation_evidences.sql,20260802210000_create_international_commercial_relation_evidences.sql:26,CONDIVISO,Entrambi con implementazioni autonome,DUPLICAZIONE_CONTROLLATA,DUPLICAZIONE_CONTROLLATA,DEFINITIVA,"schema, sicurezza o accesso dati","PostgreSQL,Supabase",Fondazione tecnica neutrale,"Ricostruzione statica; statement multilinea nel file origine"
rls_enablement,"alter table public.international_commercial_relation_evidences enable row level security;",supabase/migrations/20260802210000_create_international_commercial_relation_evidences.sql,20260802210000_create_international_commercial_relation_evidences.sql:77,CONDIVISO,Entrambi con implementazioni autonome,DUPLICAZIONE_CONTROLLATA,DUPLICAZIONE_CONTROLLATA,DEFINITIVA,"schema, sicurezza o accesso dati","PostgreSQL,Supabase",Fondazione tecnica neutrale,"Ricostruzione statica; statement multilinea nel file origine"
revoke,revoke all on table public.international_commercial_relation_evidences,supabase/migrations/20260802210000_create_international_commercial_relation_evidences.sql,20260802210000_create_international_commercial_relation_evidences.sql:79,CONDIVISO,Entrambi con implementazioni autonome,DUPLICAZIONE_CONTROLLATA,DUPLICAZIONE_CONTROLLATA,DEFINITIVA,"schema, sicurezza o accesso dati","PostgreSQL,Supabase",Fondazione tecnica neutrale,"Ricostruzione statica; statement multilinea nel file origine"
funzione_sql,create or replace function public.set_international_commercial_relation_evidences_updated_at (),supabase/migrations/20260802210000_create_international_commercial_relation_evidences.sql,20260802210000_create_international_commercial_relation_evidences.sql:82,CONDIVISO,Entrambi con versioni indipendenti,ESTRARRE_O_DUPLICARE,PACKAGE_VERSIONATO,DEFINITIVA,"schema, sicurezza o accesso dati","PostgreSQL,Supabase",Catalogo o utilità tecnica neutrale,"Ricostruzione statica; statement multilinea nel file origine"
trigger,create trigger international_commercial_relation_evidences_set_updated_at,supabase/migrations/20260802210000_create_international_commercial_relation_evidences.sql,20260802210000_create_international_commercial_relation_evidences.sql:97,CONDIVISO,Entrambi con versioni indipendenti,ESTRARRE_O_DUPLICARE,PACKAGE_VERSIONATO,DEFINITIVA,"schema, sicurezza o accesso dati","PostgreSQL,Supabase",Catalogo o utilità tecnica neutrale,"Ricostruzione statica; statement multilinea nel file origine"
tabella,create table public.international_commercial_relation_verifications (,supabase/migrations/20260802220000_create_international_commercial_relation_verifications.sql,20260802220000_create_international_commercial_relation_verifications.sql:24,CONDIVISO,Entrambi con implementazioni autonome,DUPLICAZIONE_CONTROLLATA,DUPLICAZIONE_CONTROLLATA,DEFINITIVA,"schema, sicurezza o accesso dati","PostgreSQL,Supabase",Fondazione tecnica neutrale,"Ricostruzione statica; statement multilinea nel file origine"
rls_enablement,"alter table public.international_commercial_relation_verifications enable row level security;",supabase/migrations/20260802220000_create_international_commercial_relation_verifications.sql,20260802220000_create_international_commercial_relation_verifications.sql:85,CONDIVISO,Entrambi con implementazioni autonome,DUPLICAZIONE_CONTROLLATA,DUPLICAZIONE_CONTROLLATA,DEFINITIVA,"schema, sicurezza o accesso dati","PostgreSQL,Supabase",Fondazione tecnica neutrale,"Ricostruzione statica; statement multilinea nel file origine"
revoke,revoke all on table public.international_commercial_relation_verifications,supabase/migrations/20260802220000_create_international_commercial_relation_verifications.sql,20260802220000_create_international_commercial_relation_verifications.sql:87,CONDIVISO,Entrambi con implementazioni autonome,DUPLICAZIONE_CONTROLLATA,DUPLICAZIONE_CONTROLLATA,DEFINITIVA,"schema, sicurezza o accesso dati","PostgreSQL,Supabase",Fondazione tecnica neutrale,"Ricostruzione statica; statement multilinea nel file origine"
funzione_sql,create or replace function public.set_international_commercial_relation_verifications_updated_at (),supabase/migrations/20260802220000_create_international_commercial_relation_verifications.sql,20260802220000_create_international_commercial_relation_verifications.sql:90,CONDIVISO,Entrambi con versioni indipendenti,ESTRARRE_O_DUPLICARE,PACKAGE_VERSIONATO,DEFINITIVA,"schema, sicurezza o accesso dati","PostgreSQL,Supabase",Catalogo o utilità tecnica neutrale,"Ricostruzione statica; statement multilinea nel file origine"
trigger,create trigger international_commercial_relation_verifications_set_updated_at,supabase/migrations/20260802220000_create_international_commercial_relation_verifications.sql,20260802220000_create_international_commercial_relation_verifications.sql:105,CONDIVISO,Entrambi con versioni indipendenti,ESTRARRE_O_DUPLICARE,PACKAGE_VERSIONATO,DEFINITIVA,"schema, sicurezza o accesso dati","PostgreSQL,Supabase",Catalogo o utilità tecnica neutrale,"Ricostruzione statica; statement multilinea nel file origine"
tabella,create table public.professional_categories (,supabase/migrations/20260803090000_create_professional_categories.sql,20260803090000_create_professional_categories.sql:15,CONDIVISO,Entrambi con implementazioni autonome,DUPLICAZIONE_CONTROLLATA,DUPLICAZIONE_CONTROLLATA,DEFINITIVA,"schema, sicurezza o accesso dati","PostgreSQL,Supabase",Fondazione tecnica neutrale,"Ricostruzione statica; statement multilinea nel file origine"
rls_enablement,"alter table public.professional_categories enable row level security;",supabase/migrations/20260803090000_create_professional_categories.sql,20260803090000_create_professional_categories.sql:75,CONDIVISO,Entrambi con implementazioni autonome,DUPLICAZIONE_CONTROLLATA,DUPLICAZIONE_CONTROLLATA,DEFINITIVA,"schema, sicurezza o accesso dati","PostgreSQL,Supabase",Fondazione tecnica neutrale,"Ricostruzione statica; statement multilinea nel file origine"
revoke,"revoke all on table public.professional_categories from public;",supabase/migrations/20260803090000_create_professional_categories.sql,20260803090000_create_professional_categories.sql:80,CONDIVISO,Entrambi con implementazioni autonome,DUPLICAZIONE_CONTROLLATA,DUPLICAZIONE_CONTROLLATA,DEFINITIVA,"schema, sicurezza o accesso dati","PostgreSQL,Supabase",Fondazione tecnica neutrale,"Ricostruzione statica; statement multilinea nel file origine"
revoke,"revoke all on table public.professional_categories from anon, authenticated;",supabase/migrations/20260803090000_create_professional_categories.sql,20260803090000_create_professional_categories.sql:81,CONDIVISO,Entrambi con implementazioni autonome,DUPLICAZIONE_CONTROLLATA,DUPLICAZIONE_CONTROLLATA,DEFINITIVA,"schema, sicurezza o accesso dati","PostgreSQL,Supabase",Fondazione tecnica neutrale,"Ricostruzione statica; statement multilinea nel file origine"
funzione_sql,create or replace function public.set_professional_categories_updated_at (),supabase/migrations/20260803090000_create_professional_categories.sql,20260803090000_create_professional_categories.sql:83,CONDIVISO,Entrambi con versioni indipendenti,ESTRARRE_O_DUPLICARE,PACKAGE_VERSIONATO,DEFINITIVA,"schema, sicurezza o accesso dati","PostgreSQL,Supabase",Catalogo o utilità tecnica neutrale,"Ricostruzione statica; statement multilinea nel file origine"
trigger,create trigger professional_categories_set_updated_at,supabase/migrations/20260803090000_create_professional_categories.sql,20260803090000_create_professional_categories.sql:98,CONDIVISO,Entrambi con versioni indipendenti,ESTRARRE_O_DUPLICARE,PACKAGE_VERSIONATO,DEFINITIVA,"schema, sicurezza o accesso dati","PostgreSQL,Supabase",Catalogo o utilità tecnica neutrale,"Ricostruzione statica; statement multilinea nel file origine"
tabella,create table public.professional_practice_modes (,supabase/migrations/20260803100000_create_professional_practice_modes.sql,20260803100000_create_professional_practice_modes.sql:15,CONDIVISO,Entrambi con implementazioni autonome,DUPLICAZIONE_CONTROLLATA,DUPLICAZIONE_CONTROLLATA,DEFINITIVA,"schema, sicurezza o accesso dati","PostgreSQL,Supabase",Fondazione tecnica neutrale,"Ricostruzione statica; statement multilinea nel file origine"
rls_enablement,"alter table public.professional_practice_modes enable row level security;",supabase/migrations/20260803100000_create_professional_practice_modes.sql,20260803100000_create_professional_practice_modes.sql:53,CONDIVISO,Entrambi con implementazioni autonome,DUPLICAZIONE_CONTROLLATA,DUPLICAZIONE_CONTROLLATA,DEFINITIVA,"schema, sicurezza o accesso dati","PostgreSQL,Supabase",Fondazione tecnica neutrale,"Ricostruzione statica; statement multilinea nel file origine"
revoke,"revoke all on table public.professional_practice_modes from public;",supabase/migrations/20260803100000_create_professional_practice_modes.sql,20260803100000_create_professional_practice_modes.sql:58,CONDIVISO,Entrambi con implementazioni autonome,DUPLICAZIONE_CONTROLLATA,DUPLICAZIONE_CONTROLLATA,DEFINITIVA,"schema, sicurezza o accesso dati","PostgreSQL,Supabase",Fondazione tecnica neutrale,"Ricostruzione statica; statement multilinea nel file origine"
revoke,"revoke all on table public.professional_practice_modes from anon, authenticated;",supabase/migrations/20260803100000_create_professional_practice_modes.sql,20260803100000_create_professional_practice_modes.sql:59,CONDIVISO,Entrambi con implementazioni autonome,DUPLICAZIONE_CONTROLLATA,DUPLICAZIONE_CONTROLLATA,DEFINITIVA,"schema, sicurezza o accesso dati","PostgreSQL,Supabase",Fondazione tecnica neutrale,"Ricostruzione statica; statement multilinea nel file origine"
funzione_sql,create or replace function public.set_professional_practice_modes_updated_at (),supabase/migrations/20260803100000_create_professional_practice_modes.sql,20260803100000_create_professional_practice_modes.sql:61,CONDIVISO,Entrambi con versioni indipendenti,ESTRARRE_O_DUPLICARE,PACKAGE_VERSIONATO,DEFINITIVA,"schema, sicurezza o accesso dati","PostgreSQL,Supabase",Catalogo o utilità tecnica neutrale,"Ricostruzione statica; statement multilinea nel file origine"
trigger,create trigger professional_practice_modes_set_updated_at,supabase/migrations/20260803100000_create_professional_practice_modes.sql,20260803100000_create_professional_practice_modes.sql:76,CONDIVISO,Entrambi con versioni indipendenti,ESTRARRE_O_DUPLICARE,PACKAGE_VERSIONATO,DEFINITIVA,"schema, sicurezza o accesso dati","PostgreSQL,Supabase",Catalogo o utilità tecnica neutrale,"Ricostruzione statica; statement multilinea nel file origine"
tabella,create table public.professional_source_kinds (,supabase/migrations/20260803110000_create_professional_source_kinds.sql,20260803110000_create_professional_source_kinds.sql:16,CONDIVISO,Entrambi con implementazioni autonome,DUPLICAZIONE_CONTROLLATA,DUPLICAZIONE_CONTROLLATA,DEFINITIVA,"schema, sicurezza o accesso dati","PostgreSQL,Supabase",Fondazione tecnica neutrale,"Ricostruzione statica; statement multilinea nel file origine"
rls_enablement,"alter table public.professional_source_kinds enable row level security;",supabase/migrations/20260803110000_create_professional_source_kinds.sql,20260803110000_create_professional_source_kinds.sql:54,CONDIVISO,Entrambi con implementazioni autonome,DUPLICAZIONE_CONTROLLATA,DUPLICAZIONE_CONTROLLATA,DEFINITIVA,"schema, sicurezza o accesso dati","PostgreSQL,Supabase",Fondazione tecnica neutrale,"Ricostruzione statica; statement multilinea nel file origine"
revoke,"revoke all on table public.professional_source_kinds from public;",supabase/migrations/20260803110000_create_professional_source_kinds.sql,20260803110000_create_professional_source_kinds.sql:59,CONDIVISO,Entrambi con implementazioni autonome,DUPLICAZIONE_CONTROLLATA,DUPLICAZIONE_CONTROLLATA,DEFINITIVA,"schema, sicurezza o accesso dati","PostgreSQL,Supabase",Fondazione tecnica neutrale,"Ricostruzione statica; statement multilinea nel file origine"
revoke,"revoke all on table public.professional_source_kinds from anon, authenticated;",supabase/migrations/20260803110000_create_professional_source_kinds.sql,20260803110000_create_professional_source_kinds.sql:60,CONDIVISO,Entrambi con implementazioni autonome,DUPLICAZIONE_CONTROLLATA,DUPLICAZIONE_CONTROLLATA,DEFINITIVA,"schema, sicurezza o accesso dati","PostgreSQL,Supabase",Fondazione tecnica neutrale,"Ricostruzione statica; statement multilinea nel file origine"
funzione_sql,create or replace function public.set_professional_source_kinds_updated_at (),supabase/migrations/20260803110000_create_professional_source_kinds.sql,20260803110000_create_professional_source_kinds.sql:62,CONDIVISO,Entrambi con versioni indipendenti,ESTRARRE_O_DUPLICARE,PACKAGE_VERSIONATO,DEFINITIVA,"schema, sicurezza o accesso dati","PostgreSQL,Supabase",Catalogo o utilità tecnica neutrale,"Ricostruzione statica; statement multilinea nel file origine"
trigger,create trigger professional_source_kinds_set_updated_at,supabase/migrations/20260803110000_create_professional_source_kinds.sql,20260803110000_create_professional_source_kinds.sql:77,CONDIVISO,Entrambi con versioni indipendenti,ESTRARRE_O_DUPLICARE,PACKAGE_VERSIONATO,DEFINITIVA,"schema, sicurezza o accesso dati","PostgreSQL,Supabase",Catalogo o utilità tecnica neutrale,"Ricostruzione statica; statement multilinea nel file origine"
tabella,create table public.professional_service_natures (,supabase/migrations/20260803120000_create_professional_service_natures.sql,20260803120000_create_professional_service_natures.sql:16,CONDIVISO,Entrambi con implementazioni autonome,DUPLICAZIONE_CONTROLLATA,DUPLICAZIONE_CONTROLLATA,DEFINITIVA,"schema, sicurezza o accesso dati","PostgreSQL,Supabase",Fondazione tecnica neutrale,"Ricostruzione statica; statement multilinea nel file origine"
rls_enablement,"alter table public.professional_service_natures enable row level security;",supabase/migrations/20260803120000_create_professional_service_natures.sql,20260803120000_create_professional_service_natures.sql:54,CONDIVISO,Entrambi con implementazioni autonome,DUPLICAZIONE_CONTROLLATA,DUPLICAZIONE_CONTROLLATA,DEFINITIVA,"schema, sicurezza o accesso dati","PostgreSQL,Supabase",Fondazione tecnica neutrale,"Ricostruzione statica; statement multilinea nel file origine"
revoke,"revoke all on table public.professional_service_natures from public;",supabase/migrations/20260803120000_create_professional_service_natures.sql,20260803120000_create_professional_service_natures.sql:59,CONDIVISO,Entrambi con implementazioni autonome,DUPLICAZIONE_CONTROLLATA,DUPLICAZIONE_CONTROLLATA,DEFINITIVA,"schema, sicurezza o accesso dati","PostgreSQL,Supabase",Fondazione tecnica neutrale,"Ricostruzione statica; statement multilinea nel file origine"
revoke,"revoke all on table public.professional_service_natures from anon, authenticated;",supabase/migrations/20260803120000_create_professional_service_natures.sql,20260803120000_create_professional_service_natures.sql:60,CONDIVISO,Entrambi con implementazioni autonome,DUPLICAZIONE_CONTROLLATA,DUPLICAZIONE_CONTROLLATA,DEFINITIVA,"schema, sicurezza o accesso dati","PostgreSQL,Supabase",Fondazione tecnica neutrale,"Ricostruzione statica; statement multilinea nel file origine"
funzione_sql,create or replace function public.set_professional_service_natures_updated_at (),supabase/migrations/20260803120000_create_professional_service_natures.sql,20260803120000_create_professional_service_natures.sql:62,CONDIVISO,Entrambi con versioni indipendenti,ESTRARRE_O_DUPLICARE,PACKAGE_VERSIONATO,DEFINITIVA,"schema, sicurezza o accesso dati","PostgreSQL,Supabase",Catalogo o utilità tecnica neutrale,"Ricostruzione statica; statement multilinea nel file origine"
trigger,create trigger professional_service_natures_set_updated_at,supabase/migrations/20260803120000_create_professional_service_natures.sql,20260803120000_create_professional_service_natures.sql:77,CONDIVISO,Entrambi con versioni indipendenti,ESTRARRE_O_DUPLICARE,PACKAGE_VERSIONATO,DEFINITIVA,"schema, sicurezza o accesso dati","PostgreSQL,Supabase",Catalogo o utilità tecnica neutrale,"Ricostruzione statica; statement multilinea nel file origine"
tabella,create table public.professional_profiles (,supabase/migrations/20260804090000_create_professional_profiles.sql,20260804090000_create_professional_profiles.sql:21,CONDIVISO,Entrambi con implementazioni autonome,DUPLICAZIONE_CONTROLLATA,DUPLICAZIONE_CONTROLLATA,DEFINITIVA,"schema, sicurezza o accesso dati","PostgreSQL,Supabase",Fondazione tecnica neutrale,"Ricostruzione statica; statement multilinea nel file origine"
indice,create index prof_profiles_publication_status_idx,supabase/migrations/20260804090000_create_professional_profiles.sql,20260804090000_create_professional_profiles.sql:264,CENTRO_STUDI,Immigrati Imprenditori - Centro Studi sull'Imprenditoria Migrante,MIGRARE_E_SCINDERE_LINK,API_READ_ONLY,DEFINITIVA,"schema, sicurezza o accesso dati","PostgreSQL,Supabase",Oggetto editoriale con possibili riferimenti commerciali,"Ricostruzione statica; statement multilinea nel file origine"
indice,create index prof_profiles_availability_status_idx,supabase/migrations/20260804090000_create_professional_profiles.sql,20260804090000_create_professional_profiles.sql:267,CONDIVISO,Entrambi con implementazioni autonome,DUPLICAZIONE_CONTROLLATA,DUPLICAZIONE_CONTROLLATA,DEFINITIVA,"schema, sicurezza o accesso dati","PostgreSQL,Supabase",Fondazione tecnica neutrale,"Ricostruzione statica; statement multilinea nel file origine"
indice,create index prof_profiles_professional_status_idx,supabase/migrations/20260804090000_create_professional_profiles.sql,20260804090000_create_professional_profiles.sql:270,CONDIVISO,Entrambi con implementazioni autonome,DUPLICAZIONE_CONTROLLATA,DUPLICAZIONE_CONTROLLATA,DEFINITIVA,"schema, sicurezza o accesso dati","PostgreSQL,Supabase",Fondazione tecnica neutrale,"Ricostruzione statica; statement multilinea nel file origine"
funzione_sql,create or replace function public.set_professional_profiles_updated_at (),supabase/migrations/20260804090000_create_professional_profiles.sql,20260804090000_create_professional_profiles.sql:273,CONDIVISO,Entrambi con versioni indipendenti,ESTRARRE_O_DUPLICARE,PACKAGE_VERSIONATO,DEFINITIVA,"schema, sicurezza o accesso dati","PostgreSQL,Supabase",Catalogo o utilità tecnica neutrale,"Ricostruzione statica; statement multilinea nel file origine"
trigger,create trigger professional_profiles_set_updated_at,supabase/migrations/20260804090000_create_professional_profiles.sql,20260804090000_create_professional_profiles.sql:288,CONDIVISO,Entrambi con versioni indipendenti,ESTRARRE_O_DUPLICARE,PACKAGE_VERSIONATO,DEFINITIVA,"schema, sicurezza o accesso dati","PostgreSQL,Supabase",Catalogo o utilità tecnica neutrale,"Ricostruzione statica; statement multilinea nel file origine"
rls_enablement,"alter table public.professional_profiles enable row level security;",supabase/migrations/20260804090000_create_professional_profiles.sql,20260804090000_create_professional_profiles.sql:293,CONDIVISO,Entrambi con implementazioni autonome,DUPLICAZIONE_CONTROLLATA,DUPLICAZIONE_CONTROLLATA,DEFINITIVA,"schema, sicurezza o accesso dati","PostgreSQL,Supabase",Fondazione tecnica neutrale,"Ricostruzione statica; statement multilinea nel file origine"
revoke,"revoke all on table public.professional_profiles from public;",supabase/migrations/20260804090000_create_professional_profiles.sql,20260804090000_create_professional_profiles.sql:298,CONDIVISO,Entrambi con implementazioni autonome,DUPLICAZIONE_CONTROLLATA,DUPLICAZIONE_CONTROLLATA,DEFINITIVA,"schema, sicurezza o accesso dati","PostgreSQL,Supabase",Fondazione tecnica neutrale,"Ricostruzione statica; statement multilinea nel file origine"
revoke,"revoke all on table public.professional_profiles from anon, authenticated;",supabase/migrations/20260804090000_create_professional_profiles.sql,20260804090000_create_professional_profiles.sql:299,CONDIVISO,Entrambi con implementazioni autonome,DUPLICAZIONE_CONTROLLATA,DUPLICAZIONE_CONTROLLATA,DEFINITIVA,"schema, sicurezza o accesso dati","PostgreSQL,Supabase",Fondazione tecnica neutrale,"Ricostruzione statica; statement multilinea nel file origine"
tabella,create table public.professional_qualifications (,supabase/migrations/20260804100000_create_professional_qualifications.sql,20260804100000_create_professional_qualifications.sql:16,CONDIVISO,Entrambi con implementazioni autonome,DUPLICAZIONE_CONTROLLATA,DUPLICAZIONE_CONTROLLATA,DEFINITIVA,"schema, sicurezza o accesso dati","PostgreSQL,Supabase",Fondazione tecnica neutrale,"Ricostruzione statica; statement multilinea nel file origine"
indice,create index prof_qualifications_professional_profile_id_idx,supabase/migrations/20260804100000_create_professional_qualifications.sql,20260804100000_create_professional_qualifications.sql:182,CONDIVISO,Entrambi con implementazioni autonome,DUPLICAZIONE_CONTROLLATA,DUPLICAZIONE_CONTROLLATA,DEFINITIVA,"schema, sicurezza o accesso dati","PostgreSQL,Supabase",Fondazione tecnica neutrale,"Ricostruzione statica; statement multilinea nel file origine"
indice,create index prof_qualifications_credential_status_idx,supabase/migrations/20260804100000_create_professional_qualifications.sql,20260804100000_create_professional_qualifications.sql:185,CONDIVISO,Entrambi con implementazioni autonome,DUPLICAZIONE_CONTROLLATA,DUPLICAZIONE_CONTROLLATA,DEFINITIVA,"schema, sicurezza o accesso dati","PostgreSQL,Supabase",Fondazione tecnica neutrale,"Ricostruzione statica; statement multilinea nel file origine"
funzione_sql,create or replace function public.set_professional_qualifications_updated_at (),supabase/migrations/20260804100000_create_professional_qualifications.sql,20260804100000_create_professional_qualifications.sql:188,CONDIVISO,Entrambi con versioni indipendenti,ESTRARRE_O_DUPLICARE,PACKAGE_VERSIONATO,DEFINITIVA,"schema, sicurezza o accesso dati","PostgreSQL,Supabase",Catalogo o utilità tecnica neutrale,"Ricostruzione statica; statement multilinea nel file origine"
trigger,create trigger professional_qualifications_set_updated_at,supabase/migrations/20260804100000_create_professional_qualifications.sql,20260804100000_create_professional_qualifications.sql:203,CONDIVISO,Entrambi con versioni indipendenti,ESTRARRE_O_DUPLICARE,PACKAGE_VERSIONATO,DEFINITIVA,"schema, sicurezza o accesso dati","PostgreSQL,Supabase",Catalogo o utilità tecnica neutrale,"Ricostruzione statica; statement multilinea nel file origine"
rls_enablement,"alter table public.professional_qualifications enable row level security;",supabase/migrations/20260804100000_create_professional_qualifications.sql,20260804100000_create_professional_qualifications.sql:208,CONDIVISO,Entrambi con implementazioni autonome,DUPLICAZIONE_CONTROLLATA,DUPLICAZIONE_CONTROLLATA,DEFINITIVA,"schema, sicurezza o accesso dati","PostgreSQL,Supabase",Fondazione tecnica neutrale,"Ricostruzione statica; statement multilinea nel file origine"
revoke,"revoke all on table public.professional_qualifications from public;",supabase/migrations/20260804100000_create_professional_qualifications.sql,20260804100000_create_professional_qualifications.sql:213,CONDIVISO,Entrambi con implementazioni autonome,DUPLICAZIONE_CONTROLLATA,DUPLICAZIONE_CONTROLLATA,DEFINITIVA,"schema, sicurezza o accesso dati","PostgreSQL,Supabase",Fondazione tecnica neutrale,"Ricostruzione statica; statement multilinea nel file origine"
revoke,"revoke all on table public.professional_qualifications from anon, authenticated;",supabase/migrations/20260804100000_create_professional_qualifications.sql,20260804100000_create_professional_qualifications.sql:214,CONDIVISO,Entrambi con implementazioni autonome,DUPLICAZIONE_CONTROLLATA,DUPLICAZIONE_CONTROLLATA,DEFINITIVA,"schema, sicurezza o accesso dati","PostgreSQL,Supabase",Fondazione tecnica neutrale,"Ricostruzione statica; statement multilinea nel file origine"
tabella,create table public.professional_registrations (,supabase/migrations/20260804110000_create_professional_registrations.sql,20260804110000_create_professional_registrations.sql:16,CONDIVISO,Entrambi con implementazioni autonome,DUPLICAZIONE_CONTROLLATA,DUPLICAZIONE_CONTROLLATA,DEFINITIVA,"schema, sicurezza o accesso dati","PostgreSQL,Supabase",Fondazione tecnica neutrale,"Ricostruzione statica; statement multilinea nel file origine"
indice,create index prof_registrations_professional_profile_id_idx,supabase/migrations/20260804110000_create_professional_registrations.sql,20260804110000_create_professional_registrations.sql:178,CONDIVISO,Entrambi con implementazioni autonome,DUPLICAZIONE_CONTROLLATA,DUPLICAZIONE_CONTROLLATA,DEFINITIVA,"schema, sicurezza o accesso dati","PostgreSQL,Supabase",Fondazione tecnica neutrale,"Ricostruzione statica; statement multilinea nel file origine"
indice,create index prof_registrations_credential_status_idx,supabase/migrations/20260804110000_create_professional_registrations.sql,20260804110000_create_professional_registrations.sql:181,CONDIVISO,Entrambi con implementazioni autonome,DUPLICAZIONE_CONTROLLATA,DUPLICAZIONE_CONTROLLATA,DEFINITIVA,"schema, sicurezza o accesso dati","PostgreSQL,Supabase",Fondazione tecnica neutrale,"Ricostruzione statica; statement multilinea nel file origine"
funzione_sql,create or replace function public.set_professional_registrations_updated_at (),supabase/migrations/20260804110000_create_professional_registrations.sql,20260804110000_create_professional_registrations.sql:184,CONDIVISO,Entrambi con versioni indipendenti,ESTRARRE_O_DUPLICARE,PACKAGE_VERSIONATO,DEFINITIVA,"schema, sicurezza o accesso dati","PostgreSQL,Supabase",Catalogo o utilità tecnica neutrale,"Ricostruzione statica; statement multilinea nel file origine"
trigger,create trigger professional_registrations_set_updated_at,supabase/migrations/20260804110000_create_professional_registrations.sql,20260804110000_create_professional_registrations.sql:199,CONDIVISO,Entrambi con versioni indipendenti,ESTRARRE_O_DUPLICARE,PACKAGE_VERSIONATO,DEFINITIVA,"schema, sicurezza o accesso dati","PostgreSQL,Supabase",Catalogo o utilità tecnica neutrale,"Ricostruzione statica; statement multilinea nel file origine"
rls_enablement,"alter table public.professional_registrations enable row level security;",supabase/migrations/20260804110000_create_professional_registrations.sql,20260804110000_create_professional_registrations.sql:204,CONDIVISO,Entrambi con implementazioni autonome,DUPLICAZIONE_CONTROLLATA,DUPLICAZIONE_CONTROLLATA,DEFINITIVA,"schema, sicurezza o accesso dati","PostgreSQL,Supabase",Fondazione tecnica neutrale,"Ricostruzione statica; statement multilinea nel file origine"
revoke,"revoke all on table public.professional_registrations from public;",supabase/migrations/20260804110000_create_professional_registrations.sql,20260804110000_create_professional_registrations.sql:209,CONDIVISO,Entrambi con implementazioni autonome,DUPLICAZIONE_CONTROLLATA,DUPLICAZIONE_CONTROLLATA,DEFINITIVA,"schema, sicurezza o accesso dati","PostgreSQL,Supabase",Fondazione tecnica neutrale,"Ricostruzione statica; statement multilinea nel file origine"
revoke,"revoke all on table…9878 tokens truncated…w level security;",supabase/migrations/20260804110000_create_professional_registrations.sql,20260804110000_create_professional_registrations.sql:210,CONDIVISO,Entrambi con implementazioni autonome,DUPLICAZIONE_CONTROLLATA,DUPLICAZIONE_CONTROLLATA,DEFINITIVA,"schema, sicurezza o accesso dati","PostgreSQL,Supabase",Fondazione tecnica neutrale,"Ricostruzione statica; statement multilinea nel file origine"
revoke,"revoke all on table public.content_categories from public;",supabase/migrations/20260807100000_create_content_categories.sql,20260807100000_create_content_categories.sql:62,CENTRO_STUDI,Immigrati Imprenditori - Centro Studi sull'Imprenditoria Migrante,MIGRARE_E_SCINDERE_LINK,API_READ_ONLY,DEFINITIVA,"schema, sicurezza o accesso dati","PostgreSQL,Supabase",Oggetto editoriale con possibili riferimenti commerciali,"Ricostruzione statica; statement multilinea nel file origine"
revoke,"revoke all on table public.content_categories from anon, authenticated;",supabase/migrations/20260807100000_create_content_categories.sql,20260807100000_create_content_categories.sql:63,CENTRO_STUDI,Immigrati Imprenditori - Centro Studi sull'Imprenditoria Migrante,MIGRARE_E_SCINDERE_LINK,API_READ_ONLY,DEFINITIVA,"schema, sicurezza o accesso dati","PostgreSQL,Supabase",Oggetto editoriale con possibili riferimenti commerciali,"Ricostruzione statica; statement multilinea nel file origine"
funzione_sql,create or replace function public.set_content_categories_updated_at (),supabase/migrations/20260807100000_create_content_categories.sql,20260807100000_create_content_categories.sql:65,CENTRO_STUDI,Immigrati Imprenditori - Centro Studi sull'Imprenditoria Migrante,MIGRARE_E_SCINDERE_LINK,API_READ_ONLY,DEFINITIVA,"schema, sicurezza o accesso dati","PostgreSQL,Supabase",Oggetto editoriale con possibili riferimenti commerciali,"Ricostruzione statica; statement multilinea nel file origine"
trigger,create trigger content_categories_set_updated_at,supabase/migrations/20260807100000_create_content_categories.sql,20260807100000_create_content_categories.sql:80,CENTRO_STUDI,Immigrati Imprenditori - Centro Studi sull'Imprenditoria Migrante,MIGRARE_E_SCINDERE_LINK,API_READ_ONLY,DEFINITIVA,"schema, sicurezza o accesso dati","PostgreSQL,Supabase",Oggetto editoriale con possibili riferimenti commerciali,"Ricostruzione statica; statement multilinea nel file origine"
tabella,create table public.content_tags (,supabase/migrations/20260807110000_create_content_tags.sql,20260807110000_create_content_tags.sql:12,CENTRO_STUDI,Immigrati Imprenditori - Centro Studi sull'Imprenditoria Migrante,MIGRARE_E_SCINDERE_LINK,API_READ_ONLY,DEFINITIVA,"schema, sicurezza o accesso dati","PostgreSQL,Supabase",Oggetto editoriale con possibili riferimenti commerciali,"Ricostruzione statica; statement multilinea nel file origine"
indice,create index content_tags_is_active_idx,supabase/migrations/20260807110000_create_content_tags.sql,20260807110000_create_content_tags.sql:54,CENTRO_STUDI,Immigrati Imprenditori - Centro Studi sull'Imprenditoria Migrante,MIGRARE_E_SCINDERE_LINK,API_READ_ONLY,DEFINITIVA,"schema, sicurezza o accesso dati","PostgreSQL,Supabase",Oggetto editoriale con possibili riferimenti commerciali,"Ricostruzione statica; statement multilinea nel file origine"
indice,create index content_tags_sort_order_idx,supabase/migrations/20260807110000_create_content_tags.sql,20260807110000_create_content_tags.sql:57,CENTRO_STUDI,Immigrati Imprenditori - Centro Studi sull'Imprenditoria Migrante,MIGRARE_E_SCINDERE_LINK,API_READ_ONLY,DEFINITIVA,"schema, sicurezza o accesso dati","PostgreSQL,Supabase",Oggetto editoriale con possibili riferimenti commerciali,"Ricostruzione statica; statement multilinea nel file origine"
rls_enablement,"alter table public.content_tags enable row level security;",supabase/migrations/20260807110000_create_content_tags.sql,20260807110000_create_content_tags.sql:60,CENTRO_STUDI,Immigrati Imprenditori - Centro Studi sull'Imprenditoria Migrante,MIGRARE_E_SCINDERE_LINK,API_READ_ONLY,DEFINITIVA,"schema, sicurezza o accesso dati","PostgreSQL,Supabase",Oggetto editoriale con possibili riferimenti commerciali,"Ricostruzione statica; statement multilinea nel file origine"
revoke,"revoke all on table public.content_tags from public;",supabase/migrations/20260807110000_create_content_tags.sql,20260807110000_create_content_tags.sql:62,CENTRO_STUDI,Immigrati Imprenditori - Centro Studi sull'Imprenditoria Migrante,MIGRARE_E_SCINDERE_LINK,API_READ_ONLY,DEFINITIVA,"schema, sicurezza o accesso dati","PostgreSQL,Supabase",Oggetto editoriale con possibili riferimenti commerciali,"Ricostruzione statica; statement multilinea nel file origine"
revoke,"revoke all on table public.content_tags from anon, authenticated;",supabase/migrations/20260807110000_create_content_tags.sql,20260807110000_create_content_tags.sql:63,CENTRO_STUDI,Immigrati Imprenditori - Centro Studi sull'Imprenditoria Migrante,MIGRARE_E_SCINDERE_LINK,API_READ_ONLY,DEFINITIVA,"schema, sicurezza o accesso dati","PostgreSQL,Supabase",Oggetto editoriale con possibili riferimenti commerciali,"Ricostruzione statica; statement multilinea nel file origine"
funzione_sql,create or replace function public.set_content_tags_updated_at (),supabase/migrations/20260807110000_create_content_tags.sql,20260807110000_create_content_tags.sql:65,CENTRO_STUDI,Immigrati Imprenditori - Centro Studi sull'Imprenditoria Migrante,MIGRARE_E_SCINDERE_LINK,API_READ_ONLY,DEFINITIVA,"schema, sicurezza o accesso dati","PostgreSQL,Supabase",Oggetto editoriale con possibili riferimenti commerciali,"Ricostruzione statica; statement multilinea nel file origine"
trigger,create trigger content_tags_set_updated_at,supabase/migrations/20260807110000_create_content_tags.sql,20260807110000_create_content_tags.sql:80,CENTRO_STUDI,Immigrati Imprenditori - Centro Studi sull'Imprenditoria Migrante,MIGRARE_E_SCINDERE_LINK,API_READ_ONLY,DEFINITIVA,"schema, sicurezza o accesso dati","PostgreSQL,Supabase",Oggetto editoriale con possibili riferimenti commerciali,"Ricostruzione statica; statement multilinea nel file origine"
tabella,create table public.contents (,supabase/migrations/20260807120000_create_contents.sql,20260807120000_create_contents.sql:19,CENTRO_STUDI,Immigrati Imprenditori - Centro Studi sull'Imprenditoria Migrante,MIGRARE_E_SCINDERE_LINK,API_READ_ONLY,DEFINITIVA,"schema, sicurezza o accesso dati","PostgreSQL,Supabase",Oggetto editoriale con possibili riferimenti commerciali,"Ricostruzione statica; statement multilinea nel file origine"
indice,create index contents_owner_person_id_idx,supabase/migrations/20260807120000_create_contents.sql,20260807120000_create_contents.sql:229,CENTRO_STUDI,Immigrati Imprenditori - Centro Studi sull'Imprenditoria Migrante,MIGRARE_E_SCINDERE_LINK,API_READ_ONLY,DEFINITIVA,"schema, sicurezza o accesso dati","PostgreSQL,Supabase",Oggetto editoriale con possibili riferimenti commerciali,"Ricostruzione statica; statement multilinea nel file origine"
indice,create index contents_owner_business_id_idx,supabase/migrations/20260807120000_create_contents.sql,20260807120000_create_contents.sql:233,CENTRO_STUDI,Immigrati Imprenditori - Centro Studi sull'Imprenditoria Migrante,MIGRARE_E_SCINDERE_LINK,API_READ_ONLY,DEFINITIVA,"schema, sicurezza o accesso dati","PostgreSQL,Supabase",Oggetto editoriale con possibili riferimenti commerciali,"Ricostruzione statica; statement multilinea nel file origine"
indice,create index contents_owned_by_editorial_idx,supabase/migrations/20260807120000_create_contents.sql,20260807120000_create_contents.sql:237,CENTRO_STUDI,Immigrati Imprenditori - Centro Studi sull'Imprenditoria Migrante,MIGRARE_E_SCINDERE_LINK,API_READ_ONLY,DEFINITIVA,"schema, sicurezza o accesso dati","PostgreSQL,Supabase",Oggetto editoriale con possibili riferimenti commerciali,"Ricostruzione statica; statement multilinea nel file origine"
indice,create index contents_type_code_idx,supabase/migrations/20260807120000_create_contents.sql,20260807120000_create_contents.sql:241,CENTRO_STUDI,Immigrati Imprenditori - Centro Studi sull'Imprenditoria Migrante,MIGRARE_E_SCINDERE_LINK,API_READ_ONLY,DEFINITIVA,"schema, sicurezza o accesso dati","PostgreSQL,Supabase",Oggetto editoriale con possibili riferimenti commerciali,"Ricostruzione statica; statement multilinea nel file origine"
indice,create index contents_language_id_idx,supabase/migrations/20260807120000_create_contents.sql,20260807120000_create_contents.sql:244,CENTRO_STUDI,Immigrati Imprenditori - Centro Studi sull'Imprenditoria Migrante,MIGRARE_E_SCINDERE_LINK,API_READ_ONLY,DEFINITIVA,"schema, sicurezza o accesso dati","PostgreSQL,Supabase",Oggetto editoriale con possibili riferimenti commerciali,"Ricostruzione statica; statement multilinea nel file origine"
indice,create index contents_publication_status_idx,supabase/migrations/20260807120000_create_contents.sql,20260807120000_create_contents.sql:247,CENTRO_STUDI,Immigrati Imprenditori - Centro Studi sull'Imprenditoria Migrante,MIGRARE_E_SCINDERE_LINK,API_READ_ONLY,DEFINITIVA,"schema, sicurezza o accesso dati","PostgreSQL,Supabase",Oggetto editoriale con possibili riferimenti commerciali,"Ricostruzione statica; statement multilinea nel file origine"
indice,create index contents_published_idx,supabase/migrations/20260807120000_create_contents.sql,20260807120000_create_contents.sql:250,CENTRO_STUDI,Immigrati Imprenditori - Centro Studi sull'Imprenditoria Migrante,MIGRARE_E_SCINDERE_LINK,API_READ_ONLY,DEFINITIVA,"schema, sicurezza o accesso dati","PostgreSQL,Supabase",Oggetto editoriale con possibili riferimenti commerciali,"Ricostruzione statica; statement multilinea nel file origine"
indice,create index contents_featured_idx,supabase/migrations/20260807120000_create_contents.sql,20260807120000_create_contents.sql:254,CENTRO_STUDI,Immigrati Imprenditori - Centro Studi sull'Imprenditoria Migrante,MIGRARE_E_SCINDERE_LINK,API_READ_ONLY,DEFINITIVA,"schema, sicurezza o accesso dati","PostgreSQL,Supabase",Oggetto editoriale con possibili riferimenti commerciali,"Ricostruzione statica; statement multilinea nel file origine"
indice,create index contents_archived_at_idx,supabase/migrations/20260807120000_create_contents.sql,20260807120000_create_contents.sql:258,CENTRO_STUDI,Immigrati Imprenditori - Centro Studi sull'Imprenditoria Migrante,MIGRARE_E_SCINDERE_LINK,API_READ_ONLY,DEFINITIVA,"schema, sicurezza o accesso dati","PostgreSQL,Supabase",Oggetto editoriale con possibili riferimenti commerciali,"Ricostruzione statica; statement multilinea nel file origine"
rls_enablement,"alter table public.contents enable row level security;",supabase/migrations/20260807120000_create_contents.sql,20260807120000_create_contents.sql:262,CENTRO_STUDI,Immigrati Imprenditori - Centro Studi sull'Imprenditoria Migrante,MIGRARE_E_SCINDERE_LINK,API_READ_ONLY,DEFINITIVA,"schema, sicurezza o accesso dati","PostgreSQL,Supabase",Oggetto editoriale con possibili riferimenti commerciali,"Ricostruzione statica; statement multilinea nel file origine"
revoke,"revoke all on table public.contents from public;",supabase/migrations/20260807120000_create_contents.sql,20260807120000_create_contents.sql:264,CENTRO_STUDI,Immigrati Imprenditori - Centro Studi sull'Imprenditoria Migrante,MIGRARE_E_SCINDERE_LINK,API_READ_ONLY,DEFINITIVA,"schema, sicurezza o accesso dati","PostgreSQL,Supabase",Oggetto editoriale con possibili riferimenti commerciali,"Ricostruzione statica; statement multilinea nel file origine"
revoke,"revoke all on table public.contents from anon, authenticated;",supabase/migrations/20260807120000_create_contents.sql,20260807120000_create_contents.sql:265,CENTRO_STUDI,Immigrati Imprenditori - Centro Studi sull'Imprenditoria Migrante,MIGRARE_E_SCINDERE_LINK,API_READ_ONLY,DEFINITIVA,"schema, sicurezza o accesso dati","PostgreSQL,Supabase",Oggetto editoriale con possibili riferimenti commerciali,"Ricostruzione statica; statement multilinea nel file origine"
funzione_sql,create or replace function public.set_contents_updated_at (),supabase/migrations/20260807120000_create_contents.sql,20260807120000_create_contents.sql:267,CENTRO_STUDI,Immigrati Imprenditori - Centro Studi sull'Imprenditoria Migrante,MIGRARE_E_SCINDERE_LINK,API_READ_ONLY,DEFINITIVA,"schema, sicurezza o accesso dati","PostgreSQL,Supabase",Oggetto editoriale con possibili riferimenti commerciali,"Ricostruzione statica; statement multilinea nel file origine"
trigger,create trigger contents_set_updated_at,supabase/migrations/20260807120000_create_contents.sql,20260807120000_create_contents.sql:282,CENTRO_STUDI,Immigrati Imprenditori - Centro Studi sull'Imprenditoria Migrante,MIGRARE_E_SCINDERE_LINK,API_READ_ONLY,DEFINITIVA,"schema, sicurezza o accesso dati","PostgreSQL,Supabase",Oggetto editoriale con possibili riferimenti commerciali,"Ricostruzione statica; statement multilinea nel file origine"
tabella,create table public.content_authors (,supabase/migrations/20260807130000_create_content_authors.sql,20260807130000_create_content_authors.sql:11,CENTRO_STUDI,Immigrati Imprenditori - Centro Studi sull'Imprenditoria Migrante,MIGRARE_E_SCINDERE_LINK,API_READ_ONLY,DEFINITIVA,"schema, sicurezza o accesso dati","PostgreSQL,Supabase",Oggetto editoriale con possibili riferimenti commerciali,"Ricostruzione statica; statement multilinea nel file origine"
indice,create unique index content_authors_primary_uidx,supabase/migrations/20260807130000_create_content_authors.sql,20260807130000_create_content_authors.sql:83,CENTRO_STUDI,Immigrati Imprenditori - Centro Studi sull'Imprenditoria Migrante,MIGRARE_E_SCINDERE_LINK,API_READ_ONLY,DEFINITIVA,"schema, sicurezza o accesso dati","PostgreSQL,Supabase",Oggetto editoriale con possibili riferimenti commerciali,"Ricostruzione statica; statement multilinea nel file origine"
indice,create unique index content_authors_person_role_uidx,supabase/migrations/20260807130000_create_content_authors.sql,20260807130000_create_content_authors.sql:87,CENTRO_STUDI,Immigrati Imprenditori - Centro Studi sull'Imprenditoria Migrante,MIGRARE_E_SCINDERE_LINK,API_READ_ONLY,DEFINITIVA,"schema, sicurezza o accesso dati","PostgreSQL,Supabase",Oggetto editoriale con possibili riferimenti commerciali,"Ricostruzione statica; statement multilinea nel file origine"
indice,create index content_authors_content_id_idx,supabase/migrations/20260807130000_create_content_authors.sql,20260807130000_create_content_authors.sql:130,CENTRO_STUDI,Immigrati Imprenditori - Centro Studi sull'Imprenditoria Migrante,MIGRARE_E_SCINDERE_LINK,API_READ_ONLY,DEFINITIVA,"schema, sicurezza o accesso dati","PostgreSQL,Supabase",Oggetto editoriale con possibili riferimenti commerciali,"Ricostruzione statica; statement multilinea nel file origine"
indice,create index content_authors_person_id_idx,supabase/migrations/20260807130000_create_content_authors.sql,20260807130000_create_content_authors.sql:133,CENTRO_STUDI,Immigrati Imprenditori - Centro Studi sull'Imprenditoria Migrante,MIGRARE_E_SCINDERE_LINK,API_READ_ONLY,DEFINITIVA,"schema, sicurezza o accesso dati","PostgreSQL,Supabase",Oggetto editoriale con possibili riferimenti commerciali,"Ricostruzione statica; statement multilinea nel file origine"
indice,create index content_authors_business_id_idx,supabase/migrations/20260807130000_create_content_authors.sql,20260807130000_create_content_authors.sql:137,CENTRO_STUDI,Immigrati Imprenditori - Centro Studi sull'Imprenditoria Migrante,MIGRARE_E_SCINDERE_LINK,API_READ_ONLY,DEFINITIVA,"schema, sicurezza o accesso dati","PostgreSQL,Supabase",Oggetto editoriale con possibili riferimenti commerciali,"Ricostruzione statica; statement multilinea nel file origine"
indice,create index content_authors_professional_profile_id_idx,supabase/migrations/20260807130000_create_content_authors.sql,20260807130000_create_content_authors.sql:141,CENTRO_STUDI,Immigrati Imprenditori - Centro Studi sull'Imprenditoria Migrante,MIGRARE_E_SCINDERE_LINK,API_READ_ONLY,DEFINITIVA,"schema, sicurezza o accesso dati","PostgreSQL,Supabase",Oggetto editoriale con possibili riferimenti commerciali,"Ricostruzione statica; statement multilinea nel file origine"
indice,create index content_authors_primary_idx,supabase/migrations/20260807130000_create_content_authors.sql,20260807130000_create_content_authors.sql:145,CENTRO_STUDI,Immigrati Imprenditori - Centro Studi sull'Imprenditoria Migrante,MIGRARE_E_SCINDERE_LINK,API_READ_ONLY,DEFINITIVA,"schema, sicurezza o accesso dati","PostgreSQL,Supabase",Oggetto editoriale con possibili riferimenti commerciali,"Ricostruzione statica; statement multilinea nel file origine"
rls_enablement,"alter table public.content_authors enable row level security;",supabase/migrations/20260807130000_create_content_authors.sql,20260807130000_create_content_authors.sql:149,CENTRO_STUDI,Immigrati Imprenditori - Centro Studi sull'Imprenditoria Migrante,MIGRARE_E_SCINDERE_LINK,API_READ_ONLY,DEFINITIVA,"schema, sicurezza o accesso dati","PostgreSQL,Supabase",Oggetto editoriale con possibili riferimenti commerciali,"Ricostruzione statica; statement multilinea nel file origine"
revoke,"revoke all on table public.content_authors from public;",supabase/migrations/20260807130000_create_content_authors.sql,20260807130000_create_content_authors.sql:151,CENTRO_STUDI,Immigrati Imprenditori - Centro Studi sull'Imprenditoria Migrante,MIGRARE_E_SCINDERE_LINK,API_READ_ONLY,DEFINITIVA,"schema, sicurezza o accesso dati","PostgreSQL,Supabase",Oggetto editoriale con possibili riferimenti commerciali,"Ricostruzione statica; statement multilinea nel file origine"
revoke,"revoke all on table public.content_authors from anon, authenticated;",supabase/migrations/20260807130000_create_content_authors.sql,20260807130000_create_content_authors.sql:152,CENTRO_STUDI,Immigrati Imprenditori - Centro Studi sull'Imprenditoria Migrante,MIGRARE_E_SCINDERE_LINK,API_READ_ONLY,DEFINITIVA,"schema, sicurezza o accesso dati","PostgreSQL,Supabase",Oggetto editoriale con possibili riferimenti commerciali,"Ricostruzione statica; statement multilinea nel file origine"
funzione_sql,create or replace function public.set_content_authors_updated_at (),supabase/migrations/20260807130000_create_content_authors.sql,20260807130000_create_content_authors.sql:154,CENTRO_STUDI,Immigrati Imprenditori - Centro Studi sull'Imprenditoria Migrante,MIGRARE_E_SCINDERE_LINK,API_READ_ONLY,DEFINITIVA,"schema, sicurezza o accesso dati","PostgreSQL,Supabase",Oggetto editoriale con possibili riferimenti commerciali,"Ricostruzione statica; statement multilinea nel file origine"
trigger,create trigger content_authors_set_updated_at,supabase/migrations/20260807130000_create_content_authors.sql,20260807130000_create_content_authors.sql:169,CENTRO_STUDI,Immigrati Imprenditori - Centro Studi sull'Imprenditoria Migrante,MIGRARE_E_SCINDERE_LINK,API_READ_ONLY,DEFINITIVA,"schema, sicurezza o accesso dati","PostgreSQL,Supabase",Oggetto editoriale con possibili riferimenti commerciali,"Ricostruzione statica; statement multilinea nel file origine"
tabella,create table public.content_tag_links (,supabase/migrations/20260807140000_create_content_tag_links.sql,20260807140000_create_content_tag_links.sql:8,CENTRO_STUDI,Immigrati Imprenditori - Centro Studi sull'Imprenditoria Migrante,MIGRARE_E_SCINDERE_LINK,API_READ_ONLY,DEFINITIVA,"schema, sicurezza o accesso dati","PostgreSQL,Supabase",Oggetto editoriale con possibili riferimenti commerciali,"Ricostruzione statica; statement multilinea nel file origine"
indice,create index content_tag_links_content_id_idx,supabase/migrations/20260807140000_create_content_tag_links.sql,20260807140000_create_content_tag_links.sql:53,CENTRO_STUDI,Immigrati Imprenditori - Centro Studi sull'Imprenditoria Migrante,MIGRARE_E_SCINDERE_LINK,API_READ_ONLY,DEFINITIVA,"schema, sicurezza o accesso dati","PostgreSQL,Supabase",Oggetto editoriale con possibili riferimenti commerciali,"Ricostruzione statica; statement multilinea nel file origine"
indice,create index content_tag_links_tag_code_idx,supabase/migrations/20260807140000_create_content_tag_links.sql,20260807140000_create_content_tag_links.sql:56,CENTRO_STUDI,Immigrati Imprenditori - Centro Studi sull'Imprenditoria Migrante,MIGRARE_E_SCINDERE_LINK,API_READ_ONLY,DEFINITIVA,"schema, sicurezza o accesso dati","PostgreSQL,Supabase",Oggetto editoriale con possibili riferimenti commerciali,"Ricostruzione statica; statement multilinea nel file origine"
rls_enablement,"alter table public.content_tag_links enable row level security;",supabase/migrations/20260807140000_create_content_tag_links.sql,20260807140000_create_content_tag_links.sql:59,CENTRO_STUDI,Immigrati Imprenditori - Centro Studi sull'Imprenditoria Migrante,MIGRARE_E_SCINDERE_LINK,API_READ_ONLY,DEFINITIVA,"schema, sicurezza o accesso dati","PostgreSQL,Supabase",Oggetto editoriale con possibili riferimenti commerciali,"Ricostruzione statica; statement multilinea nel file origine"
revoke,"revoke all on table public.content_tag_links from public;",supabase/migrations/20260807140000_create_content_tag_links.sql,20260807140000_create_content_tag_links.sql:61,CENTRO_STUDI,Immigrati Imprenditori - Centro Studi sull'Imprenditoria Migrante,MIGRARE_E_SCINDERE_LINK,API_READ_ONLY,DEFINITIVA,"schema, sicurezza o accesso dati","PostgreSQL,Supabase",Oggetto editoriale con possibili riferimenti commerciali,"Ricostruzione statica; statement multilinea nel file origine"
revoke,"revoke all on table public.content_tag_links from anon, authenticated;",supabase/migrations/20260807140000_create_content_tag_links.sql,20260807140000_create_content_tag_links.sql:62,CENTRO_STUDI,Immigrati Imprenditori - Centro Studi sull'Imprenditoria Migrante,MIGRARE_E_SCINDERE_LINK,API_READ_ONLY,DEFINITIVA,"schema, sicurezza o accesso dati","PostgreSQL,Supabase",Oggetto editoriale con possibili riferimenti commerciali,"Ricostruzione statica; statement multilinea nel file origine"
funzione_sql,create or replace function public.set_content_tag_links_updated_at (),supabase/migrations/20260807140000_create_content_tag_links.sql,20260807140000_create_content_tag_links.sql:64,CENTRO_STUDI,Immigrati Imprenditori - Centro Studi sull'Imprenditoria Migrante,MIGRARE_E_SCINDERE_LINK,API_READ_ONLY,DEFINITIVA,"schema, sicurezza o accesso dati","PostgreSQL,Supabase",Oggetto editoriale con possibili riferimenti commerciali,"Ricostruzione statica; statement multilinea nel file origine"
trigger,create trigger content_tag_links_set_updated_at,supabase/migrations/20260807140000_create_content_tag_links.sql,20260807140000_create_content_tag_links.sql:79,CENTRO_STUDI,Immigrati Imprenditori - Centro Studi sull'Imprenditoria Migrante,MIGRARE_E_SCINDERE_LINK,API_READ_ONLY,DEFINITIVA,"schema, sicurezza o accesso dati","PostgreSQL,Supabase",Oggetto editoriale con possibili riferimenti commerciali,"Ricostruzione statica; statement multilinea nel file origine"
tabella,create table public.content_subject_links (,supabase/migrations/20260807150000_create_content_subject_links.sql,20260807150000_create_content_subject_links.sql:10,CENTRO_STUDI,Immigrati Imprenditori - Centro Studi sull'Imprenditoria Migrante,MIGRARE_E_SCINDERE_LINK,API_READ_ONLY,DEFINITIVA,"schema, sicurezza o accesso dati","PostgreSQL,Supabase",Oggetto editoriale con possibili riferimenti commerciali,"Ricostruzione statica; statement multilinea nel file origine"
indice,create unique index content_subject_links_person_uidx,supabase/migrations/20260807150000_create_content_subject_links.sql,20260807150000_create_content_subject_links.sql:66,CENTRO_STUDI,Immigrati Imprenditori - Centro Studi sull'Imprenditoria Migrante,MIGRARE_E_SCINDERE_LINK,API_READ_ONLY,DEFINITIVA,"schema, sicurezza o accesso dati","PostgreSQL,Supabase",Oggetto editoriale con possibili riferimenti commerciali,"Ricostruzione statica; statement multilinea nel file origine"
indice,create unique index content_subject_links_business_uidx,supabase/migrations/20260807150000_create_content_subject_links.sql,20260807150000_create_content_subject_links.sql:70,CENTRO_STUDI,Immigrati Imprenditori - Centro Studi sull'Imprenditoria Migrante,MIGRARE_E_SCINDERE_LINK,API_READ_ONLY,DEFINITIVA,"schema, sicurezza o accesso dati","PostgreSQL,Supabase",Oggetto editoriale con possibili riferimenti commerciali,"Ricostruzione statica; statement multilinea nel file origine"
indice,create unique index content_subject_links_professional_uidx,supabase/migrations/20260807150000_create_content_subject_links.sql,20260807150000_create_content_subject_links.sql:74,CENTRO_STUDI,Immigrati Imprenditori - Centro Studi sull'Imprenditoria Migrante,MIGRARE_E_SCINDERE_LINK,API_READ_ONLY,DEFINITIVA,"schema, sicurezza o accesso dati","PostgreSQL,Supabase",Oggetto editoriale con possibili riferimenti commerciali,"Ricostruzione statica; statement multilinea nel file origine"
indice,create index content_subject_links_content_id_idx,supabase/migrations/20260807150000_create_content_subject_links.sql,20260807150000_create_content_subject_links.sql:108,CENTRO_STUDI,Immigrati Imprenditori - Centro Studi sull'Imprenditoria Migrante,MIGRARE_E_SCINDERE_LINK,API_READ_ONLY,DEFINITIVA,"schema, sicurezza o accesso dati","PostgreSQL,Supabase",Oggetto editoriale con possibili riferimenti commerciali,"Ricostruzione statica; statement multilinea nel file origine"
indice,create index content_subject_links_person_id_idx,supabase/migrations/20260807150000_create_content_subject_links.sql,20260807150000_create_content_subject_links.sql:111,CENTRO_STUDI,Immigrati Imprenditori - Centro Studi sull'Imprenditoria Migrante,MIGRARE_E_SCINDERE_LINK,API_READ_ONLY,DEFINITIVA,"schema, sicurezza o accesso dati","PostgreSQL,Supabase",Oggetto editoriale con possibili riferimenti commerciali,"Ricostruzione statica; statement multilinea nel file origine"
indice,create index content_subject_links_business_id_idx,supabase/migrations/20260807150000_create_content_subject_links.sql,20260807150000_create_content_subject_links.sql:115,CENTRO_STUDI,Immigrati Imprenditori - Centro Studi sull'Imprenditoria Migrante,MIGRARE_E_SCINDERE_LINK,API_READ_ONLY,DEFINITIVA,"schema, sicurezza o accesso dati","PostgreSQL,Supabase",Oggetto editoriale con possibili riferimenti commerciali,"Ricostruzione statica; statement multilinea nel file origine"
indice,create index content_subject_links_professional_profile_id_idx,supabase/migrations/20260807150000_create_content_subject_links.sql,20260807150000_create_content_subject_links.sql:119,CENTRO_STUDI,Immigrati Imprenditori - Centro Studi sull'Imprenditoria Migrante,MIGRARE_E_SCINDERE_LINK,API_READ_ONLY,DEFINITIVA,"schema, sicurezza o accesso dati","PostgreSQL,Supabase",Oggetto editoriale con possibili riferimenti commerciali,"Ricostruzione statica; statement multilinea nel file origine"
rls_enablement,"alter table public.content_subject_links enable row level security;",supabase/migrations/20260807150000_create_content_subject_links.sql,20260807150000_create_content_subject_links.sql:123,CENTRO_STUDI,Immigrati Imprenditori - Centro Studi sull'Imprenditoria Migrante,MIGRARE_E_SCINDERE_LINK,API_READ_ONLY,DEFINITIVA,"schema, sicurezza o accesso dati","PostgreSQL,Supabase",Oggetto editoriale con possibili riferimenti commerciali,"Ricostruzione statica; statement multilinea nel file origine"
revoke,"revoke all on table public.content_subject_links from public;",supabase/migrations/20260807150000_create_content_subject_links.sql,20260807150000_create_content_subject_links.sql:125,CENTRO_STUDI,Immigrati Imprenditori - Centro Studi sull'Imprenditoria Migrante,MIGRARE_E_SCINDERE_LINK,API_READ_ONLY,DEFINITIVA,"schema, sicurezza o accesso dati","PostgreSQL,Supabase",Oggetto editoriale con possibili riferimenti commerciali,"Ricostruzione statica; statement multilinea nel file origine"
revoke,"revoke all on table public.content_subject_links from anon, authenticated;",supabase/migrations/20260807150000_create_content_subject_links.sql,20260807150000_create_content_subject_links.sql:126,CENTRO_STUDI,Immigrati Imprenditori - Centro Studi sull'Imprenditoria Migrante,MIGRARE_E_SCINDERE_LINK,API_READ_ONLY,DEFINITIVA,"schema, sicurezza o accesso dati","PostgreSQL,Supabase",Oggetto editoriale con possibili riferimenti commerciali,"Ricostruzione statica; statement multilinea nel file origine"
funzione_sql,create or replace function public.set_content_subject_links_updated_at (),supabase/migrations/20260807150000_create_content_subject_links.sql,20260807150000_create_content_subject_links.sql:128,CENTRO_STUDI,Immigrati Imprenditori - Centro Studi sull'Imprenditoria Migrante,MIGRARE_E_SCINDERE_LINK,API_READ_ONLY,DEFINITIVA,"schema, sicurezza o accesso dati","PostgreSQL,Supabase",Oggetto editoriale con possibili riferimenti commerciali,"Ricostruzione statica; statement multilinea nel file origine"
trigger,create trigger content_subject_links_set_updated_at,supabase/migrations/20260807150000_create_content_subject_links.sql,20260807150000_create_content_subject_links.sql:143,CENTRO_STUDI,Immigrati Imprenditori - Centro Studi sull'Imprenditoria Migrante,MIGRARE_E_SCINDERE_LINK,API_READ_ONLY,DEFINITIVA,"schema, sicurezza o accesso dati","PostgreSQL,Supabase",Oggetto editoriale con possibili riferimenti commerciali,"Ricostruzione statica; statement multilinea nel file origine"
tabella,create table public.content_event_links (,supabase/migrations/20260807160000_create_content_event_links.sql,20260807160000_create_content_event_links.sql:10,CONDIVISO,Entrambi con dati separati,DUPLICARE_SCHEMA_O_ESTRARRE_MOTORE,SCHEMA_TEMPLATE_DUPLICATO,DEFINITIVA,"schema, sicurezza o accesso dati","PostgreSQL,Supabase",Eventi B2B e osservatorio separati per tassonomia e dati,"Ricostruzione statica; statement multilinea nel file origine"
indice,create index content_event_links_content_id_idx,supabase/migrations/20260807160000_create_content_event_links.sql,20260807160000_create_content_event_links.sql:62,CONDIVISO,Entrambi con dati separati,DUPLICARE_SCHEMA_O_ESTRARRE_MOTORE,SCHEMA_TEMPLATE_DUPLICATO,DEFINITIVA,"schema, sicurezza o accesso dati","PostgreSQL,Supabase",Eventi B2B e osservatorio separati per tassonomia e dati,"Ricostruzione statica; statement multilinea nel file origine"
indice,create index content_event_links_event_id_idx,supabase/migrations/20260807160000_create_content_event_links.sql,20260807160000_create_content_event_links.sql:65,CONDIVISO,Entrambi con dati separati,DUPLICARE_SCHEMA_O_ESTRARRE_MOTORE,SCHEMA_TEMPLATE_DUPLICATO,DEFINITIVA,"schema, sicurezza o accesso dati","PostgreSQL,Supabase",Eventi B2B e osservatorio separati per tassonomia e dati,"Ricostruzione statica; statement multilinea nel file origine"
rls_enablement,"alter table public.content_event_links enable row level security;",supabase/migrations/20260807160000_create_content_event_links.sql,20260807160000_create_content_event_links.sql:68,CONDIVISO,Entrambi con dati separati,DUPLICARE_SCHEMA_O_ESTRARRE_MOTORE,SCHEMA_TEMPLATE_DUPLICATO,DEFINITIVA,"schema, sicurezza o accesso dati","PostgreSQL,Supabase",Eventi B2B e osservatorio separati per tassonomia e dati,"Ricostruzione statica; statement multilinea nel file origine"
revoke,"revoke all on table public.content_event_links from public;",supabase/migrations/20260807160000_create_content_event_links.sql,20260807160000_create_content_event_links.sql:70,CONDIVISO,Entrambi con dati separati,DUPLICARE_SCHEMA_O_ESTRARRE_MOTORE,SCHEMA_TEMPLATE_DUPLICATO,DEFINITIVA,"schema, sicurezza o accesso dati","PostgreSQL,Supabase",Eventi B2B e osservatorio separati per tassonomia e dati,"Ricostruzione statica; statement multilinea nel file origine"
revoke,"revoke all on table public.content_event_links from anon, authenticated;",supabase/migrations/20260807160000_create_content_event_links.sql,20260807160000_create_content_event_links.sql:71,CONDIVISO,Entrambi con dati separati,DUPLICARE_SCHEMA_O_ESTRARRE_MOTORE,SCHEMA_TEMPLATE_DUPLICATO,DEFINITIVA,"schema, sicurezza o accesso dati","PostgreSQL,Supabase",Eventi B2B e osservatorio separati per tassonomia e dati,"Ricostruzione statica; statement multilinea nel file origine"
funzione_sql,create or replace function public.set_content_event_links_updated_at (),supabase/migrations/20260807160000_create_content_event_links.sql,20260807160000_create_content_event_links.sql:73,CONDIVISO,Entrambi con dati separati,DUPLICARE_SCHEMA_O_ESTRARRE_MOTORE,SCHEMA_TEMPLATE_DUPLICATO,DEFINITIVA,"schema, sicurezza o accesso dati","PostgreSQL,Supabase",Eventi B2B e osservatorio separati per tassonomia e dati,"Ricostruzione statica; statement multilinea nel file origine"
trigger,create trigger content_event_links_set_updated_at,supabase/migrations/20260807160000_create_content_event_links.sql,20260807160000_create_content_event_links.sql:88,CONDIVISO,Entrambi con dati separati,DUPLICARE_SCHEMA_O_ESTRARRE_MOTORE,SCHEMA_TEMPLATE_DUPLICATO,DEFINITIVA,"schema, sicurezza o accesso dati","PostgreSQL,Supabase",Eventi B2B e osservatorio separati per tassonomia e dati,"Ricostruzione statica; statement multilinea nel file origine"
tabella,create table public.content_opportunity_links (,supabase/migrations/20260807170000_create_content_opportunity_links.sql,20260807170000_create_content_opportunity_links.sql:10,CENTRO_STUDI,Immigrati Imprenditori - Centro Studi sull'Imprenditoria Migrante,MIGRARE_E_SCINDERE_LINK,API_READ_ONLY,DEFINITIVA,"schema, sicurezza o accesso dati","PostgreSQL,Supabase",Oggetto editoriale con possibili riferimenti commerciali,"Ricostruzione statica; statement multilinea nel file origine"
indice,create index content_opportunity_links_content_id_idx,supabase/migrations/20260807170000_create_content_opportunity_links.sql,20260807170000_create_content_opportunity_links.sql:62,CENTRO_STUDI,Immigrati Imprenditori - Centro Studi sull'Imprenditoria Migrante,MIGRARE_E_SCINDERE_LINK,API_READ_ONLY,DEFINITIVA,"schema, sicurezza o accesso dati","PostgreSQL,Supabase",Oggetto editoriale con possibili riferimenti commerciali,"Ricostruzione statica; statement multilinea nel file origine"
indice,create index content_opportunity_links_opportunity_id_idx,supabase/migrations/20260807170000_create_content_opportunity_links.sql,20260807170000_create_content_opportunity_links.sql:65,CENTRO_STUDI,Immigrati Imprenditori - Centro Studi sull'Imprenditoria Migrante,MIGRARE_E_SCINDERE_LINK,API_READ_ONLY,DEFINITIVA,"schema, sicurezza o accesso dati","PostgreSQL,Supabase",Oggetto editoriale con possibili riferimenti commerciali,"Ricostruzione statica; statement multilinea nel file origine"
rls_enablement,"alter table public.content_opportunity_links enable row level security;",supabase/migrations/20260807170000_create_content_opportunity_links.sql,20260807170000_create_content_opportunity_links.sql:68,CENTRO_STUDI,Immigrati Imprenditori - Centro Studi sull'Imprenditoria Migrante,MIGRARE_E_SCINDERE_LINK,API_READ_ONLY,DEFINITIVA,"schema, sicurezza o accesso dati","PostgreSQL,Supabase",Oggetto editoriale con possibili riferimenti commerciali,"Ricostruzione statica; statement multilinea nel file origine"
revoke,"revoke all on table public.content_opportunity_links from public;",supabase/migrations/20260807170000_create_content_opportunity_links.sql,20260807170000_create_content_opportunity_links.sql:70,CENTRO_STUDI,Immigrati Imprenditori - Centro Studi sull'Imprenditoria Migrante,MIGRARE_E_SCINDERE_LINK,API_READ_ONLY,DEFINITIVA,"schema, sicurezza o accesso dati","PostgreSQL,Supabase",Oggetto editoriale con possibili riferimenti commerciali,"Ricostruzione statica; statement multilinea nel file origine"
revoke,"revoke all on table public.content_opportunity_links from anon, authenticated;",supabase/migrations/20260807170000_create_content_opportunity_links.sql,20260807170000_create_content_opportunity_links.sql:71,CENTRO_STUDI,Immigrati Imprenditori - Centro Studi sull'Imprenditoria Migrante,MIGRARE_E_SCINDERE_LINK,API_READ_ONLY,DEFINITIVA,"schema, sicurezza o accesso dati","PostgreSQL,Supabase",Oggetto editoriale con possibili riferimenti commerciali,"Ricostruzione statica; statement multilinea nel file origine"
funzione_sql,create or replace function public.set_content_opportunity_links_updated_at (),supabase/migrations/20260807170000_create_content_opportunity_links.sql,20260807170000_create_content_opportunity_links.sql:73,CENTRO_STUDI,Immigrati Imprenditori - Centro Studi sull'Imprenditoria Migrante,MIGRARE_E_SCINDERE_LINK,API_READ_ONLY,DEFINITIVA,"schema, sicurezza o accesso dati","PostgreSQL,Supabase",Oggetto editoriale con possibili riferimenti commerciali,"Ricostruzione statica; statement multilinea nel file origine"
trigger,create trigger content_opportunity_links_set_updated_at,supabase/migrations/20260807170000_create_content_opportunity_links.sql,20260807170000_create_content_opportunity_links.sql:88,CENTRO_STUDI,Immigrati Imprenditori - Centro Studi sull'Imprenditoria Migrante,MIGRARE_E_SCINDERE_LINK,API_READ_ONLY,DEFINITIVA,"schema, sicurezza o accesso dati","PostgreSQL,Supabase",Oggetto editoriale con possibili riferimenti commerciali,"Ricostruzione statica; statement multilinea nel file origine"
tabella,create table public.content_service_links (,supabase/migrations/20260807180000_create_content_service_links.sql,20260807180000_create_content_service_links.sql:10,CENTRO_STUDI,Immigrati Imprenditori - Centro Studi sull'Imprenditoria Migrante,MIGRARE_E_SCINDERE_LINK,API_READ_ONLY,DEFINITIVA,"schema, sicurezza o accesso dati","PostgreSQL,Supabase",Oggetto editoriale con possibili riferimenti commerciali,"Ricostruzione statica; statement multilinea nel file origine"
indice,create unique index content_service_links_offer_uidx,supabase/migrations/20260807180000_create_content_service_links.sql,20260807180000_create_content_service_links.sql:53,CENTRO_STUDI,Immigrati Imprenditori - Centro Studi sull'Imprenditoria Migrante,MIGRARE_E_SCINDERE_LINK,API_READ_ONLY,DEFINITIVA,"schema, sicurezza o accesso dati","PostgreSQL,Supabase",Oggetto editoriale con possibili riferimenti commerciali,"Ricostruzione statica; statement multilinea nel file origine"
indice,create unique index content_service_links_request_uidx,supabase/migrations/20260807180000_create_content_service_links.sql,20260807180000_create_content_service_links.sql:57,CENTRO_STUDI,Immigrati Imprenditori - Centro Studi sull'Imprenditoria Migrante,MIGRARE_E_SCINDERE_LINK,API_READ_ONLY,DEFINITIVA,"schema, sicurezza o accesso dati","PostgreSQL,Supabase",Oggetto editoriale con possibili riferimenti commerciali,"Ricostruzione statica; statement multilinea nel file origine"
indice,create index content_service_links_content_id_idx,supabase/migrations/20260807180000_create_content_service_links.sql,20260807180000_create_content_service_links.sql:88,CENTRO_STUDI,Immigrati Imprenditori - Centro Studi sull'Imprenditoria Migrante,MIGRARE_E_SCINDERE_LINK,API_READ_ONLY,DEFINITIVA,"schema, sicurezza o accesso dati","PostgreSQL,Supabase",Oggetto editoriale con possibili riferimenti commerciali,"Ricostruzione statica; statement multilinea nel file origine"
indice,create index content_service_links_service_offer_id_idx,supabase/migrations/20260807180000_create_content_service_links.sql,20260807180000_create_content_service_links.sql:91,CENTRO_STUDI,Immigrati Imprenditori - Centro Studi sull'Imprenditoria Migrante,MIGRARE_E_SCINDERE_LINK,API_READ_ONLY,DEFINITIVA,"schema, sicurezza o accesso dati","PostgreSQL,Supabase",Oggetto editoriale con possibili riferimenti commerciali,"Ricostruzione statica; statement multilinea nel file origine"
indice,create index content_service_links_service_request_id_idx,supabase/migrations/20260807180000_create_content_service_links.sql,20260807180000_create_content_service_links.sql:95,CENTRO_STUDI,Immigrati Imprenditori - Centro Studi sull'Imprenditoria Migrante,MIGRARE_E_SCINDERE_LINK,API_READ_ONLY,DEFINITIVA,"schema, sicurezza o accesso dati","PostgreSQL,Supabase",Oggetto editoriale con possibili riferimenti commerciali,"Ricostruzione statica; statement multilinea nel file origine"
rls_enablement,"alter table public.content_service_links enable row level security;",supabase/migrations/20260807180000_create_content_service_links.sql,20260807180000_create_content_service_links.sql:99,CENTRO_STUDI,Immigrati Imprenditori - Centro Studi sull'Imprenditoria Migrante,MIGRARE_E_SCINDERE_LINK,API_READ_ONLY,DEFINITIVA,"schema, sicurezza o accesso dati","PostgreSQL,Supabase",Oggetto editoriale con possibili riferimenti commerciali,"Ricostruzione statica; statement multilinea nel file origine"
revoke,"revoke all on table public.content_service_links from public;",supabase/migrations/20260807180000_create_content_service_links.sql,20260807180000_create_content_service_links.sql:101,CENTRO_STUDI,Immigrati Imprenditori - Centro Studi sull'Imprenditoria Migrante,MIGRARE_E_SCINDERE_LINK,API_READ_ONLY,DEFINITIVA,"schema, sicurezza o accesso dati","PostgreSQL,Supabase",Oggetto editoriale con possibili riferimenti commerciali,"Ricostruzione statica; statement multilinea nel file origine"
revoke,"revoke all on table public.content_service_links from anon, authenticated;",supabase/migrations/20260807180000_create_content_service_links.sql,20260807180000_create_content_service_links.sql:102,CENTRO_STUDI,Immigrati Imprenditori - Centro Studi sull'Imprenditoria Migrante,MIGRARE_E_SCINDERE_LINK,API_READ_ONLY,DEFINITIVA,"schema, sicurezza o accesso dati","PostgreSQL,Supabase",Oggetto editoriale con possibili riferimenti commerciali,"Ricostruzione statica; statement multilinea nel file origine"
funzione_sql,create or replace function public.set_content_service_links_updated_at (),supabase/migrations/20260807180000_create_content_service_links.sql,20260807180000_create_content_service_links.sql:104,CENTRO_STUDI,Immigrati Imprenditori - Centro Studi sull'Imprenditoria Migrante,MIGRARE_E_SCINDERE_LINK,API_READ_ONLY,DEFINITIVA,"schema, sicurezza o accesso dati","PostgreSQL,Supabase",Oggetto editoriale con possibili riferimenti commerciali,"Ricostruzione statica; statement multilinea nel file origine"
trigger,create trigger content_service_links_set_updated_at,supabase/migrations/20260807180000_create_content_service_links.sql,20260807180000_create_content_service_links.sql:119,CENTRO_STUDI,Immigrati Imprenditori - Centro Studi sull'Imprenditoria Migrante,MIGRARE_E_SCINDERE_LINK,API_READ_ONLY,DEFINITIVA,"schema, sicurezza o accesso dati","PostgreSQL,Supabase",Oggetto editoriale con possibili riferimenti commerciali,"Ricostruzione statica; statement multilinea nel file origine"
tabella,create table public.content_market_links (,supabase/migrations/20260807190000_create_content_market_links.sql,20260807190000_create_content_market_links.sql:10,CENTRO_STUDI,Immigrati Imprenditori - Centro Studi sull'Imprenditoria Migrante,MIGRARE_E_SCINDERE_LINK,API_READ_ONLY,DEFINITIVA,"schema, sicurezza o accesso dati","PostgreSQL,Supabase",Oggetto editoriale con possibili riferimenti commerciali,"Ricostruzione statica; statement multilinea nel file origine"
indice,create index content_market_links_content_id_idx,supabase/migrations/20260807190000_create_content_market_links.sql,20260807190000_create_content_market_links.sql:62,CENTRO_STUDI,Immigrati Imprenditori - Centro Studi sull'Imprenditoria Migrante,MIGRARE_E_SCINDERE_LINK,API_READ_ONLY,DEFINITIVA,"schema, sicurezza o accesso dati","PostgreSQL,Supabase",Oggetto editoriale con possibili riferimenti commerciali,"Ricostruzione statica; statement multilinea nel file origine"
indice,create index content_market_links_market_id_idx,supabase/migrations/20260807190000_create_content_market_links.sql,20260807190000_create_content_market_links.sql:65,CENTRO_STUDI,Immigrati Imprenditori - Centro Studi sull'Imprenditoria Migrante,MIGRARE_E_SCINDERE_LINK,API_READ_ONLY,DEFINITIVA,"schema, sicurezza o accesso dati","PostgreSQL,Supabase",Oggetto editoriale con possibili riferimenti commerciali,"Ricostruzione statica; statement multilinea nel file origine"
rls_enablement,"alter table public.content_market_links enable row level security;",supabase/migrations/20260807190000_create_content_market_links.sql,20260807190000_create_content_market_links.sql:68,CENTRO_STUDI,Immigrati Imprenditori - Centro Studi sull'Imprenditoria Migrante,MIGRARE_E_SCINDERE_LINK,API_READ_ONLY,DEFINITIVA,"schema, sicurezza o accesso dati","PostgreSQL,Supabase",Oggetto editoriale con possibili riferimenti commerciali,"Ricostruzione statica; statement multilinea nel file origine"
revoke,"revoke all on table public.content_market_links from public;",supabase/migrations/20260807190000_create_content_market_links.sql,20260807190000_create_content_market_links.sql:70,CENTRO_STUDI,Immigrati Imprenditori - Centro Studi sull'Imprenditoria Migrante,MIGRARE_E_SCINDERE_LINK,API_READ_ONLY,DEFINITIVA,"schema, sicurezza o accesso dati","PostgreSQL,Supabase",Oggetto editoriale con possibili riferimenti commerciali,"Ricostruzione statica; statement multilinea nel file origine"
revoke,"revoke all on table public.content_market_links from anon, authenticated;",supabase/migrations/20260807190000_create_content_market_links.sql,20260807190000_create_content_market_links.sql:71,CENTRO_STUDI,Immigrati Imprenditori - Centro Studi sull'Imprenditoria Migrante,MIGRARE_E_SCINDERE_LINK,API_READ_ONLY,DEFINITIVA,"schema, sicurezza o accesso dati","PostgreSQL,Supabase",Oggetto editoriale con possibili riferimenti commerciali,"Ricostruzione statica; statement multilinea nel file origine"
funzione_sql,create or replace function public.set_content_market_links_updated_at (),supabase/migrations/20260807190000_create_content_market_links.sql,20260807190000_create_content_market_links.sql:73,CENTRO_STUDI,Immigrati Imprenditori - Centro Studi sull'Imprenditoria Migrante,MIGRARE_E_SCINDERE_LINK,API_READ_ONLY,DEFINITIVA,"schema, sicurezza o accesso dati","PostgreSQL,Supabase",Oggetto editoriale con possibili riferimenti commerciali,"Ricostruzione statica; statement multilinea nel file origine"
trigger,create trigger content_market_links_set_updated_at,supabase/migrations/20260807190000_create_content_market_links.sql,20260807190000_create_content_market_links.sql:88,CENTRO_STUDI,Immigrati Imprenditori - Centro Studi sull'Imprenditoria Migrante,MIGRARE_E_SCINDERE_LINK,API_READ_ONLY,DEFINITIVA,"schema, sicurezza o accesso dati","PostgreSQL,Supabase",Oggetto editoriale con possibili riferimenti commerciali,"Ricostruzione statica; statement multilinea nel file origine"
tabella,create table public.content_relations (,supabase/migrations/20260807200000_create_content_relations.sql,20260807200000_create_content_relations.sql:10,CENTRO_STUDI,Immigrati Imprenditori - Centro Studi sull'Imprenditoria Migrante,MIGRARE_E_SCINDERE_LINK,API_READ_ONLY,DEFINITIVA,"schema, sicurezza o accesso dati","PostgreSQL,Supabase",Oggetto editoriale con possibili riferimenti commerciali,"Ricostruzione statica; statement multilinea nel file origine"
indice,create index content_relations_source_content_id_idx,supabase/migrations/20260807200000_create_content_relations.sql,20260807200000_create_content_relations.sql:65,CENTRO_STUDI,Immigrati Imprenditori - Centro Studi sull'Imprenditoria Migrante,MIGRARE_E_SCINDERE_LINK,API_READ_ONLY,DEFINITIVA,"schema, sicurezza o accesso dati","PostgreSQL,Supabase",Oggetto editoriale con possibili riferimenti commerciali,"Ricostruzione statica; statement multilinea nel file origine"
indice,create index content_relations_target_content_id_idx,supabase/migrations/20260807200000_create_content_relations.sql,20260807200000_create_content_relations.sql:68,CENTRO_STUDI,Immigrati Imprenditori - Centro Studi sull'Imprenditoria Migrante,MIGRARE_E_SCINDERE_LINK,API_READ_ONLY,DEFINITIVA,"schema, sicurezza o accesso dati","PostgreSQL,Supabase",Oggetto editoriale con possibili riferimenti commerciali,"Ricostruzione statica; statement multilinea nel file origine"
rls_enablement,"alter table public.content_relations enable row level security;",supabase/migrations/20260807200000_create_content_relations.sql,20260807200000_create_content_relations.sql:71,CENTRO_STUDI,Immigrati Imprenditori - Centro Studi sull'Imprenditoria Migrante,MIGRARE_E_SCINDERE_LINK,API_READ_ONLY,DEFINITIVA,"schema, sicurezza o accesso dati","PostgreSQL,Supabase",Oggetto editoriale con possibili riferimenti commerciali,"Ricostruzione statica; statement multilinea nel file origine"
revoke,"revoke all on table public.content_relations from public;",supabase/migrations/20260807200000_create_content_relations.sql,20260807200000_create_content_relations.sql:73,CENTRO_STUDI,Immigrati Imprenditori - Centro Studi sull'Imprenditoria Migrante,MIGRARE_E_SCINDERE_LINK,API_READ_ONLY,DEFINITIVA,"schema, sicurezza o accesso dati","PostgreSQL,Supabase",Oggetto editoriale con possibili riferimenti commerciali,"Ricostruzione statica; statement multilinea nel file origine"
revoke,"revoke all on table public.content_relations from anon, authenticated;",supabase/migrations/20260807200000_create_content_relations.sql,20260807200000_create_content_relations.sql:74,CENTRO_STUDI,Immigrati Imprenditori - Centro Studi sull'Imprenditoria Migrante,MIGRARE_E_SCINDERE_LINK,API_READ_ONLY,DEFINITIVA,"schema, sicurezza o accesso dati","PostgreSQL,Supabase",Oggetto editoriale con possibili riferimenti commerciali,"Ricostruzione statica; statement multilinea nel file origine"
funzione_sql,create or replace function public.set_content_relations_updated_at (),supabase/migrations/20260807200000_create_content_relations.sql,20260807200000_create_content_relations.sql:76,CENTRO_STUDI,Immigrati Imprenditori - Centro Studi sull'Imprenditoria Migrante,MIGRARE_E_SCINDERE_LINK,API_READ_ONLY,DEFINITIVA,"schema, sicurezza o accesso dati","PostgreSQL,Supabase",Oggetto editoriale con possibili riferimenti commerciali,"Ricostruzione statica; statement multilinea nel file origine"
trigger,create trigger content_relations_set_updated_at,supabase/migrations/20260807200000_create_content_relations.sql,20260807200000_create_content_relations.sql:91,CENTRO_STUDI,Immigrati Imprenditori - Centro Studi sull'Imprenditoria Migrante,MIGRARE_E_SCINDERE_LINK,API_READ_ONLY,DEFINITIVA,"schema, sicurezza o accesso dati","PostgreSQL,Supabase",Oggetto editoriale con possibili riferimenti commerciali,"Ricostruzione statica; statement multilinea nel file origine"
tabella,create table public.organization_types (,supabase/migrations/20260808090000_create_organization_types.sql,20260808090000_create_organization_types.sql:13,CONDIVISO,Entrambi con record separati,DUPLICARE_SCHEMA_E_STABILIRE_OWNER,SCHEMA_TEMPLATE_DUPLICATO,DEFINITIVA,"schema, sicurezza o accesso dati","PostgreSQL,Supabase",Organizzazioni con finalità B2B o ricerca,"Ricostruzione statica; statement multilinea nel file origine"
indice,create index organization_types_is_active_idx,supabase/migrations/20260808090000_create_organization_types.sql,20260808090000_create_organization_types.sql:55,CONDIVISO,Entrambi con record separati,DUPLICARE_SCHEMA_E_STABILIRE_OWNER,SCHEMA_TEMPLATE_DUPLICATO,DEFINITIVA,"schema, sicurezza o accesso dati","PostgreSQL,Supabase",Organizzazioni con finalità B2B o ricerca,"Ricostruzione statica; statement multilinea nel file origine"
indice,create index organization_types_sort_order_idx,supabase/migrations/20260808090000_create_organization_types.sql,20260808090000_create_organization_types.sql:58,CONDIVISO,Entrambi con record separati,DUPLICARE_SCHEMA_E_STABILIRE_OWNER,SCHEMA_TEMPLATE_DUPLICATO,DEFINITIVA,"schema, sicurezza o accesso dati","PostgreSQL,Supabase",Organizzazioni con finalità B2B o ricerca,"Ricostruzione statica; statement multilinea nel file origine"
rls_enablement,"alter table public.organization_types enable row level security;",supabase/migrations/20260808090000_create_organization_types.sql,20260808090000_create_organization_types.sql:61,CONDIVISO,Entrambi con record separati,DUPLICARE_SCHEMA_E_STABILIRE_OWNER,SCHEMA_TEMPLATE_DUPLICATO,DEFINITIVA,"schema, sicurezza o accesso dati","PostgreSQL,Supabase",Organizzazioni con finalità B2B o ricerca,"Ricostruzione statica; statement multilinea nel file origine"
revoke,"revoke all on table public.organization_types from public;",supabase/migrations/20260808090000_create_organization_types.sql,20260808090000_create_organization_types.sql:66,CONDIVISO,Entrambi con record separati,DUPLICARE_SCHEMA_E_STABILIRE_OWNER,SCHEMA_TEMPLATE_DUPLICATO,DEFINITIVA,"schema, sicurezza o accesso dati","PostgreSQL,Supabase",Organizzazioni con finalità B2B o ricerca,"Ricostruzione statica; statement multilinea nel file origine"
revoke,"revoke all on table public.organization_types from anon, authenticated;",supabase/migrations/20260808090000_create_organization_types.sql,20260808090000_create_organization_types.sql:67,CONDIVISO,Entrambi con record separati,DUPLICARE_SCHEMA_E_STABILIRE_OWNER,SCHEMA_TEMPLATE_DUPLICATO,DEFINITIVA,"schema, sicurezza o accesso dati","PostgreSQL,Supabase",Organizzazioni con finalità B2B o ricerca,"Ricostruzione statica; statement multilinea nel file origine"
funzione_sql,create or replace function public.set_organization_types_updated_at (),supabase/migrations/20260808090000_create_organization_types.sql,20260808090000_create_organization_types.sql:69,CONDIVISO,Entrambi con record separati,DUPLICARE_SCHEMA_E_STABILIRE_OWNER,SCHEMA_TEMPLATE_DUPLICATO,DEFINITIVA,"schema, sicurezza o accesso dati","PostgreSQL,Supabase",Organizzazioni con finalità B2B o ricerca,"Ricostruzione statica; statement multilinea nel file origine"
trigger,create trigger organization_types_set_updated_at,supabase/migrations/20260808090000_create_organization_types.sql,20260808090000_create_organization_types.sql:84,CONDIVISO,Entrambi con record separati,DUPLICARE_SCHEMA_E_STABILIRE_OWNER,SCHEMA_TEMPLATE_DUPLICATO,DEFINITIVA,"schema, sicurezza o accesso dati","PostgreSQL,Supabase",Organizzazioni con finalità B2B o ricerca,"Ricostruzione statica; statement multilinea nel file origine"
tabella,create table public.organization_activity_scopes (,supabase/migrations/20260808100000_create_organization_activity_scopes.sql,20260808100000_create_organization_activity_scopes.sql:12,CONDIVISO,Entrambi con record separati,DUPLICARE_SCHEMA_E_STABILIRE_OWNER,SCHEMA_TEMPLATE_DUPLICATO,DEFINITIVA,"schema, sicurezza o accesso dati","PostgreSQL,Supabase",Organizzazioni con finalità B2B o ricerca,"Ricostruzione statica; statement multilinea nel file origine"
indice,create index organization_activity_scopes_is_active_idx,supabase/migrations/20260808100000_create_organization_activity_scopes.sql,20260808100000_create_organization_activity_scopes.sql:56,CONDIVISO,Entrambi con record separati,DUPLICARE_SCHEMA_E_STABILIRE_OWNER,SCHEMA_TEMPLATE_DUPLICATO,DEFINITIVA,"schema, sicurezza o accesso dati","PostgreSQL,Supabase",Organizzazioni con finalità B2B o ricerca,"Ricostruzione statica; statement multilinea nel file origine"
indice,create index organization_activity_scopes_sort_order_idx,supabase/migrations/20260808100000_create_organization_activity_scopes.sql,20260808100000_create_organization_activity_scopes.sql:59,CONDIVISO,Entrambi con record separati,DUPLICARE_SCHEMA_E_STABILIRE_OWNER,SCHEMA_TEMPLATE_DUPLICATO,DEFINITIVA,"schema, sicurezza o accesso dati","PostgreSQL,Supabase",Organizzazioni con finalità B2B o ricerca,"Ricostruzione statica; statement multilinea nel file origine"
rls_enablement,"alter table public.organization_activity_scopes enable row level security;",supabase/migrations/20260808100000_create_organization_activity_scopes.sql,20260808100000_create_organization_activity_scopes.sql:62,CONDIVISO,Entrambi con record separati,DUPLICARE_SCHEMA_E_STABILIRE_OWNER,SCHEMA_TEMPLATE_DUPLICATO,DEFINITIVA,"schema, sicurezza o accesso dati","PostgreSQL,Supabase",Organizzazioni con finalità B2B o ricerca,"Ricostruzione statica; statement multilinea nel file origine"
revoke,"revoke all on table public.organization_activity_scopes from public;",supabase/migrations/20260808100000_create_organization_activity_scopes.sql,20260808100000_create_organization_activity_scopes.sql:64,CONDIVISO,Entrambi con record separati,DUPLICARE_SCHEMA_E_STABILIRE_OWNER,SCHEMA_TEMPLATE_DUPLICATO,DEFINITIVA,"schema, sicurezza o accesso dati","PostgreSQL,Supabase",Organizzazioni con finalità B2B o ricerca,"Ricostruzione statica; statement multilinea nel file origine"
revoke,"revoke all on table public.organization_activity_scopes from anon, authenticated;",supabase/migrations/20260808100000_create_organization_activity_scopes.sql,20260808100000_create_organization_activity_scopes.sql:65,CONDIVISO,Entrambi con record separati,DUPLICARE_SCHEMA_E_STABILIRE_OWNER,SCHEMA_TEMPLATE_DUPLICATO,DEFINITIVA,"schema, sicurezza o accesso dati","PostgreSQL,Supabase",Organizzazioni con finalità B2B o ricerca,"Ricostruzione statica; statement multilinea nel file origine"
funzione_sql,create or replace function public.set_organization_activity_scopes_updated_at (),supabase/migrations/20260808100000_create_organization_activity_scopes.sql,20260808100000_create_organization_activity_scopes.sql:67,CONDIVISO,Entrambi con record separati,DUPLICARE_SCHEMA_E_STABILIRE_OWNER,SCHEMA_TEMPLATE_DUPLICATO,DEFINITIVA,"schema, sicurezza o accesso dati","PostgreSQL,Supabase",Organizzazioni con finalità B2B o ricerca,"Ricostruzione statica; statement multilinea nel file origine"
trigger,create trigger organization_activity_scopes_set_updated_at,supabase/migrations/20260808100000_create_organization_activity_scopes.sql,20260808100000_create_organization_activity_scopes.sql:82,CONDIVISO,Entrambi con record separati,DUPLICARE_SCHEMA_E_STABILIRE_OWNER,SCHEMA_TEMPLATE_DUPLICATO,DEFINITIVA,"schema, sicurezza o accesso dati","PostgreSQL,Supabase",Organizzazioni con finalità B2B o ricerca,"Ricostruzione statica; statement multilinea nel file origine"
tabella,create table public.organizations (,supabase/migrations/20260808110000_create_organizations.sql,20260808110000_create_organizations.sql:15,CONDIVISO,Entrambi con record separati,DUPLICARE_SCHEMA_E_STABILIRE_OWNER,SCHEMA_TEMPLATE_DUPLICATO,DEFINITIVA,"schema, sicurezza o accesso dati","PostgreSQL,Supabase",Organizzazioni con finalità B2B o ricerca,"Ricostruzione statica; statement multilinea nel file origine"
indice,create index organizations_owner_person_id_idx,supabase/migrations/20260808110000_create_organizations.sql,20260808110000_create_organizations.sql:310,CONDIVISO,Entrambi con record separati,DUPLICARE_SCHEMA_E_STABILIRE_OWNER,SCHEMA_TEMPLATE_DUPLICATO,DEFINITIVA,"schema, sicurezza o accesso dati","PostgreSQL,Supabase",Organizzazioni con finalità B2B o ricerca,"Ricostruzione statica; statement multilinea nel file origine"
indice,create index organizations_owner_business_id_idx,supabase/migrations/20260808110000_create_organizations.sql,20260808110000_create_organizations.sql:314,CONDIVISO,Entrambi con record separati,DUPLICARE_SCHEMA_E_STABILIRE_OWNER,SCHEMA_TEMPLATE_DUPLICATO,DEFINITIVA,"schema, sicurezza o accesso dati","PostgreSQL,Supabase",Organizzazioni con finalità B2B o ricerca,"Ricostruzione statica; statement multilinea nel file origine"
indice,create index organizations_owned_by_editorial_idx,supabase/migrations/20260808110000_create_organizations.sql,20260808110000_create_organizations.sql:318,CENTRO_STUDI,Immigrati Imprenditori - Centro Studi sull'Imprenditoria Migrante,MIGRARE_E_SCINDERE_LINK,API_READ_ONLY,DEFINITIVA,"schema, sicurezza o accesso dati","PostgreSQL,Supabase",Oggetto editoriale con possibili riferimenti commerciali,"Ricostruzione statica; statement multilinea nel file origine"
indice,create index organizations_type_code_idx,supabase/migrations/20260808110000_create_organizations.sql,20260808110000_create_organizations.sql:322,CONDIVISO,Entrambi con record separati,DUPLICARE_SCHEMA_E_STABILIRE_OWNER,SCHEMA_TEMPLATE_DUPLICATO,DEFINITIVA,"schema, sicurezza o accesso dati","PostgreSQL,Supabase",Organizzazioni con finalità B2B o ricerca,"Ricostruzione statica; statement multilinea nel file origine"
indice,create index organizations_publication_status_idx,supabase/migrations/20260808110000_create_organizations.sql,20260808110000_create_organizations.sql:325,CENTRO_STUDI,Immigrati Imprenditori - Centro Studi sull'Imprenditoria Migrante,MIGRARE_E_SCINDERE_LINK,API_READ_ONLY,DEFINITIVA,"schema, sicurezza o accesso dati","PostgreSQL,Supabase",Oggetto editoriale con possibili riferimenti commerciali,"Ricostruzione statica; statement multilinea nel file origine"
indice,create index organizations_published_idx,supabase/migrations/20260808110000_create_organizations.sql,20260808110000_create_organizations.sql:328,CONDIVISO,Entrambi con record separati,DUPLICARE_SCHEMA_E_STABILIRE_OWNER,SCHEMA_TEMPLATE_DUPLICATO,DEFINITIVA,"schema, sicurezza o accesso dati","PostgreSQL,Supabase",Organizzazioni con finalità B2B o ricerca,"Ricostruzione statica; statement multilinea nel file origine"
indice,create index organizations_operational_status_idx,supabase/migrations/20260808110000_create_organizations.sql,20260808110000_create_organizations.sql:332,CONDIVISO,Entrambi con record separati,DUPLICARE_SCHEMA_E_STABILIRE_OWNER,SCHEMA_TEMPLATE_DUPLICATO,DEFINITIVA,"schema, sicurezza o accesso dati","PostgreSQL,Supabase",Organizzazioni con finalità B2B o ricerca,"Ricostruzione statica; statement multilinea nel file origine"
indice,create index organizations_linked_business_id_idx,supabase/migrations/20260808110000_create_organizations.sql,20260808110000_create_organizations.sql:335,CONDIVISO,Entrambi con record separati,DUPLICARE_SCHEMA_E_STABILIRE_OWNER,SCHEMA_TEMPLATE_DUPLICATO,DEFINITIVA,"schema, sicurezza o accesso dati","PostgreSQL,Supabase",Organizzazioni con finalità B2B o ricerca,"Ricostruzione statica; statement multilinea nel file origine"
indice,create index organizations_archived_at_idx,supabase/migrations/20260808110000_create_organizations.sql,20260808110000_create_organizations.sql:339,CONDIVISO,Entrambi con record separati,DUPLICARE_SCHEMA_E_STABILIRE_OWNER,SCHEMA_TEMPLATE_DUPLICATO,DEFINITIVA,"schema, sicurezza o accesso dati","PostgreSQL,Supabase",Organizzazioni con finalità B2B o ricerca,"Ricostruzione statica; statement multilinea nel file origine"
rls_enablement,"alter table public.organizations enable row level security;",supabase/migrations/20260808110000_create_organizations.sql,20260808110000_create_organizations.sql:343,CONDIVISO,Entrambi con record separati,DUPLICARE_SCHEMA_E_STABILIRE_OWNER,SCHEMA_TEMPLATE_DUPLICATO,DEFINITIVA,"schema, sicurezza o accesso dati","PostgreSQL,Supabase",Organizzazioni con finalità B2B o ricerca,"Ricostruzione statica; statement multilinea nel file origine"
revoke,"revoke all on table public.organizations from public;",supabase/migrations/20260808110000_create_organizations.sql,20260808110000_create_organizations.sql:345,CONDIVISO,Entrambi con record separati,DUPLICARE_SCHEMA_E_STABILIRE_OWNER,SCHEMA_TEMPLATE_DUPLICATO,DEFINITIVA,"schema, sicurezza o accesso dati","PostgreSQL,Supabase",Organizzazioni con finalità B2B o ricerca,"Ricostruzione statica; statement multilinea nel file origine"
revoke,"revoke all on table public.organizations from anon, authenticated;",supabase/migrations/20260808110000_create_organizations.sql,20260808110000_create_organizations.sql:346,CONDIVISO,Entrambi con record separati,DUPLICARE_SCHEMA_E_STABILIRE_OWNER,SCHEMA_TEMPLATE_DUPLICATO,DEFINITIVA,"schema, sicurezza o accesso dati","PostgreSQL,Supabase",Organizzazioni con finalità B2B o ricerca,"Ricostruzione statica; statement multilinea nel file origine"
funzione_sql,create or replace function public.set_organizations_updated_at (),supabase/migrations/20260808110000_create_organizations.sql,20260808110000_create_organizations.sql:348,CONDIVISO,Entrambi con record separati,DUPLICARE_SCHEMA_E_STABILIRE_OWNER,SCHEMA_TEMPLATE_DUPLICATO,DEFINITIVA,"schema, sicurezza o accesso dati","PostgreSQL,Supabase",Organizzazioni con finalità B2B o ricerca,"Ricostruzione statica; statement multilinea nel file origine"
trigger,create trigger organizations_set_updated_at,supabase/migrations/20260808110000_create_organizations.sql,20260808110000_create_organizations.sql:363,CONDIVISO,Entrambi con record separati,DUPLICARE_SCHEMA_E_STABILIRE_OWNER,SCHEMA_TEMPLATE_DUPLICATO,DEFINITIVA,"schema, sicurezza o accesso dati","PostgreSQL,Supabase",Organizzazioni con finalità B2B o ricerca,"Ricostruzione statica; statement multilinea nel file origine"
tabella,create table public.organization_officials (,supabase/migrations/20260808120000_create_organization_officials.sql,20260808120000_create_organization_officials.sql:13,CONDIVISO,Entrambi con record separati,DUPLICARE_SCHEMA_E_STABILIRE_OWNER,SCHEMA_TEMPLATE_DUPLICATO,DEFINITIVA,"schema, sicurezza o accesso dati","PostgreSQL,Supabase",Organizzazioni con finalità B2B o ricerca,"Ricostruzione statica; statement multilinea nel file origine"
indice,create unique index organization_officials_primary_uidx,supabase/migrations/20260808120000_create_organization_officials.sql,20260808120000_create_organization_officials.sql:89,CONDIVISO,Entrambi con record separati,DUPLICARE_SCHEMA_E_STABILIRE_OWNER,SCHEMA_TEMPLATE_DUPLICATO,DEFINITIVA,"schema, sicurezza o accesso dati","PostgreSQL,Supabase",Organizzazioni con finalità B2B o ricerca,"Ricostruzione statica; statement multilinea nel file origine"
indice,create unique index organization_officials_person_role_uidx,supabase/migrations/20260808120000_create_organization_officials.sql,20260808120000_create_organization_officials.sql:93,CONDIVISO,Entrambi con record separati,DUPLICARE_SCHEMA_E_STABILIRE_OWNER,SCHEMA_TEMPLATE_DUPLICATO,DEFINITIVA,"schema, sicurezza o accesso dati","PostgreSQL,Supabase",Organizzazioni con finalità B2B o ricerca,"Ricostruzione statica; statement multilinea nel file origine"
indice,create index organization_officials_organization_id_idx,supabase/migrations/20260808120000_create_organization_officials.sql,20260808120000_create_organization_officials.sql:142,CONDIVISO,Entrambi con record separati,DUPLICARE_SCHEMA_E_STABILIRE_OWNER,SCHEMA_TEMPLATE_DUPLICATO,DEFINITIVA,"schema, sicurezza o accesso dati","PostgreSQL,Supabase",Organizzazioni con finalità B2B o ricerca,"Ricostruzione statica; statement multilinea nel file origine"
indice,create index organization_officials_person_id_idx,supabase/migrations/20260808120000_create_organization_officials.sql,20260808120000_create_organization_officials.sql:145,CONDIVISO,Entrambi con record separati,DUPLICARE_SCHEMA_E_STABILIRE_OWNER,SCHEMA_TEMPLATE_DUPLICATO,DEFINITIVA,"schema, sicurezza o accesso dati","PostgreSQL,Supabase",Organizzazioni con finalità B2B o ricerca,"Ricostruzione statica; statement multilinea nel file origine"
indice,create index organization_officials_primary_idx,supabase/migrations/20260808120000_create_organization_officials.sql,20260808120000_create_organization_officials.sql:149,CONDIVISO,Entrambi con record separati,DUPLICARE_SCHEMA_E_STABILIRE_OWNER,SCHEMA_TEMPLATE_DUPLICATO,DEFINITIVA,"schema, sicurezza o accesso dati","PostgreSQL,Supabase",Organizzazioni con finalità B2B o ricerca,"Ricostruzione statica; statement multilinea nel file origine"
rls_enablement,"alter table public.organization_officials enable row level security;",supabase/migrations/20260808120000_create_organization_officials.sql,20260808120000_create_organization_officials.sql:153,CONDIVISO,Entrambi con record separati,DUPLICARE_SCHEMA_E_STABILIRE_OWNER,SCHEMA_TEMPLATE_DUPLICATO,DEFINITIVA,"schema, sicurezza o accesso dati","PostgreSQL,Supabase",Organizzazioni con finalità B2B o ricerca,"Ricostruzione statica; statement multilinea nel file origine"
revoke,"revoke all on table public.organization_officials from public;",supabase/migrations/20260808120000_create_organization_officials.sql,20260808120000_create_organization_officials.sql:155,CONDIVISO,Entrambi con record separati,DUPLICARE_SCHEMA_E_STABILIRE_OWNER,SCHEMA_TEMPLATE_DUPLICATO,DEFINITIVA,"schema, sicurezza o accesso dati","PostgreSQL,Supabase",Organizzazioni con finalità B2B o ricerca,"Ricostruzione statica; statement multilinea nel file origine"
revoke,"revoke all on table public.organization_officials from anon, authenticated;",supabase/migrations/20260808120000_create_organization_officials.sql,20260808120000_create_organization_officials.sql:156,CONDIVISO,Entrambi con record separati,DUPLICARE_SCHEMA_E_STABILIRE_OWNER,SCHEMA_TEMPLATE_DUPLICATO,DEFINITIVA,"schema, sicurezza o accesso dati","PostgreSQL,Supabase",Organizzazioni con finalità B2B o ricerca,"Ricostruzione statica; statement multilinea nel file origine"
funzione_sql,create or replace function public.set_organization_officials_updated_at (),supabase/migrations/20260808120000_create_organization_officials.sql,20260808120000_create_organization_officials.sql:158,CONDIVISO,Entrambi con record separati,DUPLICARE_SCHEMA_E_STABILIRE_OWNER,SCHEMA_TEMPLATE_DUPLICATO,DEFINITIVA,"schema, sicurezza o accesso dati","PostgreSQL,Supabase",Organizzazioni con finalità B2B o ricerca,"Ricostruzione statica; statement multilinea nel file origine"
trigger,create trigger organization_officials_set_updated_at,supabase/migrations/20260808120000_create_organization_officials.sql,20260808120000_create_organization_officials.sql:173,CONDIVISO,Entrambi con record separati,DUPLICARE_SCHEMA_E_STABILIRE_OWNER,SCHEMA_TEMPLATE_DUPLICATO,DEFINITIVA,"schema, sicurezza o accesso dati","PostgreSQL,Supabase",Organizzazioni con finalità B2B o ricerca,"Ricostruzione statica; statement multilinea nel file origine"
tabella,create table public.accounts (,supabase/migrations/20260809090000_create_accounts.sql,20260809090000_create_accounts.sql:16,CONDIVISO,Entrambi con implementazioni autonome,DUPLICAZIONE_CONTROLLATA,DUPLICAZIONE_CONTROLLATA,DEFINITIVA,"schema, sicurezza o accesso dati","PostgreSQL,Supabase",Fondazione tecnica neutrale,"Ricostruzione statica; statement multilinea nel file origine"
indice,create index accounts_account_status_idx,supabase/migrations/20260809090000_create_accounts.sql,20260809090000_create_accounts.sql:133,CONDIVISO,Entrambi con implementazioni autonome,DUPLICAZIONE_CONTROLLATA,DUPLICAZIONE_CONTROLLATA,DEFINITIVA,"schema, sicurezza o accesso dati","PostgreSQL,Supabase",Fondazione tecnica neutrale,"Ricostruzione statica; statement multilinea nel file origine"
rls_enablement,"alter table public.accounts enable row level security;",supabase/migrations/20260809090000_create_accounts.sql,20260809090000_create_accounts.sql:136,CONDIVISO,Entrambi con implementazioni autonome,DUPLICAZIONE_CONTROLLATA,DUPLICAZIONE_CONTROLLATA,DEFINITIVA,"schema, sicurezza o accesso dati","PostgreSQL,Supabase",Fondazione tecnica neutrale,"Ricostruzione statica; statement multilinea nel file origine"
revoke,"revoke all on table public.accounts from public;",supabase/migrations/20260809090000_create_accounts.sql,20260809090000_create_accounts.sql:138,CONDIVISO,Entrambi con implementazioni autonome,DUPLICAZIONE_CONTROLLATA,DUPLICAZIONE_CONTROLLATA,DEFINITIVA,"schema, sicurezza o accesso dati","PostgreSQL,Supabase",Fondazione tecnica neutrale,"Ricostruzione statica; statement multilinea nel file origine"
revoke,"revoke all on table public.accounts from anon, authenticated;",supabase/migrations/20260809090000_create_accounts.sql,20260809090000_create_accounts.sql:139,CONDIVISO,Entrambi con implementazioni autonome,DUPLICAZIONE_CONTROLLATA,DUPLICAZIONE_CONTROLLATA,DEFINITIVA,"schema, sicurezza o accesso dati","PostgreSQL,Supabase",Fondazione tecnica neutrale,"Ricostruzione statica; statement multilinea nel file origine"
funzione_sql,create or replace function public.set_accounts_updated_at (),supabase/migrations/20260809090000_create_accounts.sql,20260809090000_create_accounts.sql:141,CONDIVISO,Entrambi con versioni indipendenti,ESTRARRE_O_DUPLICARE,PACKAGE_VERSIONATO,DEFINITIVA,"schema, sicurezza o accesso dati","PostgreSQL,Supabase",Catalogo o utilità tecnica neutrale,"Ricostruzione statica; statement multilinea nel file origine"
trigger,create trigger accounts_set_updated_at,supabase/migrations/20260809090000_create_accounts.sql,20260809090000_create_accounts.sql:156,CONDIVISO,Entrambi con versioni indipendenti,ESTRARRE_O_DUPLICARE,PACKAGE_VERSIONATO,DEFINITIVA,"schema, sicurezza o accesso dati","PostgreSQL,Supabase",Catalogo o utilità tecnica neutrale,"Ricostruzione statica; statement multilinea nel file origine"
funzione_sql,create or replace function public.accounts_clear_person_association (),supabase/migrations/20260809090000_create_accounts.sql,20260809090000_create_accounts.sql:163,CONDIVISO,Entrambi con implementazioni autonome,DUPLICAZIONE_CONTROLLATA,DUPLICAZIONE_CONTROLLATA,DEFINITIVA,"schema, sicurezza o accesso dati","PostgreSQL,Supabase",Fondazione tecnica neutrale,"Ricostruzione statica; statement multilinea nel file origine"
trigger,create trigger accounts_clear_person_association,supabase/migrations/20260809090000_create_accounts.sql,20260809090000_create_accounts.sql:184,CONDIVISO,Entrambi con implementazioni autonome,DUPLICAZIONE_CONTROLLATA,DUPLICAZIONE_CONTROLLATA,DEFINITIVA,"schema, sicurezza o accesso dati","PostgreSQL,Supabase",Fondazione tecnica neutrale,"Ricostruzione statica; statement multilinea nel file origine"
tabella,create table public.account_role_assignments (,supabase/migrations/20260809100000_create_account_role_assignments.sql,20260809100000_create_account_role_assignments.sql:16,CONDIVISO,Entrambi con implementazioni autonome,DUPLICAZIONE_CONTROLLATA,DUPLICAZIONE_CONTROLLATA,DEFINITIVA,"schema, sicurezza o accesso dati","PostgreSQL,Supabase",Fondazione tecnica neutrale,"Ricostruzione statica; statement multilinea nel file origine"
indice,create index account_role_assignments_role_code_idx,supabase/migrations/20260809100000_create_account_role_assignments.sql,20260809100000_create_account_role_assignments.sql:78,CONDIVISO,Entrambi con implementazioni autonome,DUPLICAZIONE_CONTROLLATA,DUPLICAZIONE_CONTROLLATA,DEFINITIVA,"schema, sicurezza o accesso dati","PostgreSQL,Supabase",Fondazione tecnica neutrale,"Ricostruzione statica; statement multilinea nel file origine"
rls_enablement,"alter table public.account_role_assignments enable row level security;",supabase/migrations/20260809100000_create_account_role_assignments.sql,20260809100000_create_account_role_assignments.sql:81,CONDIVISO,Entrambi con implementazioni autonome,DUPLICAZIONE_CONTROLLATA,DUPLICAZIONE_CONTROLLATA,DEFINITIVA,"schema, sicurezza o accesso dati","PostgreSQL,Supabase",Fondazione tecnica neutrale,"Ricostruzione statica; statement multilinea nel file origine"
revoke,"revoke all on table public.account_role_assignments from public;",supabase/migrations/20260809100000_create_account_role_assignments.sql,20260809100000_create_account_role_assignments.sql:83,CONDIVISO,Entrambi con implementazioni autonome,DUPLICAZIONE_CONTROLLATA,DUPLICAZIONE_CONTROLLATA,DEFINITIVA,"schema, sicurezza o accesso dati","PostgreSQL,Supabase",Fondazione tecnica neutrale,"Ricostruzione statica; statement multilinea nel file origine"
revoke,"revoke all on table public.account_role_assignments from anon, authenticated;",supabase/migrations/20260809100000_create_account_role_assignments.sql,20260809100000_create_account_role_assignments.sql:84,CONDIVISO,Entrambi con implementazioni autonome,DUPLICAZIONE_CONTROLLATA,DUPLICAZIONE_CONTROLLATA,DEFINITIVA,"schema, sicurezza o accesso dati","PostgreSQL,Supabase",Fondazione tecnica neutrale,"Ricostruzione statica; statement multilinea nel file origine"
funzione_sql,create or replace function public.set_account_role_assignments_updated_at (),supabase/migrations/20260809100000_create_account_role_assignments.sql,20260809100000_create_account_role_assignments.sql:86,CONDIVISO,Entrambi con versioni indipendenti,ESTRARRE_O_DUPLICARE,PACKAGE_VERSIONATO,DEFINITIVA,"schema, sicurezza o accesso dati","PostgreSQL,Supabase",Catalogo o utilità tecnica neutrale,"Ricostruzione statica; statement multilinea nel file origine"
trigger,create trigger account_role_assignments_set_updated_at,supabase/migrations/20260809100000_create_account_role_assignments.sql,20260809100000_create_account_role_assignments.sql:101,CONDIVISO,Entrambi con versioni indipendenti,ESTRARRE_O_DUPLICARE,PACKAGE_VERSIONATO,DEFINITIVA,"schema, sicurezza o accesso dati","PostgreSQL,Supabase",Catalogo o utilità tecnica neutrale,"Ricostruzione statica; statement multilinea nel file origine"
tabella,create table public.collaboration_participants (,supabase/migrations/20260810100000_create_collaboration_participants.sql,20260810100000_create_collaboration_participants.sql:16,CONDIVISO,Entrambi con implementazioni autonome,DUPLICAZIONE_CONTROLLATA,DUPLICAZIONE_CONTROLLATA,DEFINITIVA,"schema, sicurezza o accesso dati","PostgreSQL,Supabase",Fondazione tecnica neutrale,"Ricostruzione statica; statement multilinea nel file origine"
indice,create unique index collaboration_participants_person_uidx,supabase/migrations/20260810100000_create_collaboration_participants.sql,20260810100000_create_collaboration_participants.sql:64,CONDIVISO,Entrambi con implementazioni autonome,DUPLICAZIONE_CONTROLLATA,DUPLICAZIONE_CONTROLLATA,DEFINITIVA,"schema, sicurezza o accesso dati","PostgreSQL,Supabase",Fondazione tecnica neutrale,"Ricostruzione statica; statement multilinea nel file origine"
indice,create unique index collaboration_participants_business_uidx,supabase/migrations/20260810100000_create_collaboration_participants.sql,20260810100000_create_collaboration_participants.sql:68,CONDIVISO,Entrambi con implementazioni autonome,DUPLICAZIONE_CONTROLLATA,DUPLICAZIONE_CONTROLLATA,DEFINITIVA,"schema, sicurezza o accesso dati","PostgreSQL,Supabase",Fondazione tecnica neutrale,"Ricostruzione statica; statement multilinea nel file origine"
indice,create index collaboration_participants_collaboration_id_sort_order_idx,supabase/migrations/20260810100000_create_collaboration_participants.sql,20260810100000_create_collaboration_participants.sql:102,CONDIVISO,Entrambi con implementazioni autonome,DUPLICAZIONE_CONTROLLATA,DUPLICAZIONE_CONTROLLATA,DEFINITIVA,"schema, sicurezza o accesso dati","PostgreSQL,Supabase",Fondazione tecnica neutrale,"Ricostruzione statica; statement multilinea nel file origine"
indice,create index collaboration_participants_person_id_idx,supabase/migrations/20260810100000_create_collaboration_participants.sql,20260810100000_create_collaboration_participants.sql:105,CONDIVISO,Entrambi con implementazioni autonome,DUPLICAZIONE_CONTROLLATA,DUPLICAZIONE_CONTROLLATA,DEFINITIVA,"schema, sicurezza o accesso dati","PostgreSQL,Supabase",Fondazione tecnica neutrale,"Ricostruzione statica; statement multilinea nel file origine"
indice,create index collaboration_participants_business_id_idx,supabase/migrations/20260810100000_create_collaboration_participants.sql,20260810100000_create_collaboration_participants.sql:109,CONDIVISO,Entrambi con implementazioni autonome,DUPLICAZIONE_CONTROLLATA,DUPLICAZIONE_CONTROLLATA,DEFINITIVA,"schema, sicurezza o accesso dati","PostgreSQL,Supabase",Fondazione tecnica neutrale,"Ricostruzione statica; statement multilinea nel file origine"
rls_enablement,"alter table public.collaboration_participants enable row level security;",supabase/migrations/20260810100000_create_collaboration_participants.sql,20260810100000_create_collaboration_participants.sql:113,CONDIVISO,Entrambi con implementazioni autonome,DUPLICAZIONE_CONTROLLATA,DUPLICAZIONE_CONTROLLATA,DEFINITIVA,"schema, sicurezza o accesso dati","PostgreSQL,Supabase",Fondazione tecnica neutrale,"Ricostruzione statica; statement multilinea nel file origine"
revoke,"revoke all on table public.collaboration_participants from public;",supabase/migrations/20260810100000_create_collaboration_participants.sql,20260810100000_create_collaboration_participants.sql:115,CONDIVISO,Entrambi con implementazioni autonome,DUPLICAZIONE_CONTROLLATA,DUPLICAZIONE_CONTROLLATA,DEFINITIVA,"schema, sicurezza o accesso dati","PostgreSQL,Supabase",Fondazione tecnica neutrale,"Ricostruzione statica; statement multilinea nel file origine"
revoke,"revoke all on table public.collaboration_participants from anon, authenticated;",supabase/migrations/20260810100000_create_collaboration_participants.sql,20260810100000_create_collaboration_participants.sql:116,CONDIVISO,Entrambi con implementazioni autonome,DUPLICAZIONE_CONTROLLATA,DUPLICAZIONE_CONTROLLATA,DEFINITIVA,"schema, sicurezza o accesso dati","PostgreSQL,Supabase",Fondazione tecnica neutrale,"Ricostruzione statica; statement multilinea nel file origine"
funzione_sql,create or replace function public.set_collaboration_participants_updated_at (),supabase/migrations/20260810100000_create_collaboration_participants.sql,20260810100000_create_collaboration_participants.sql:118,CONDIVISO,Entrambi con versioni indipendenti,ESTRARRE_O_DUPLICARE,PACKAGE_VERSIONATO,DEFINITIVA,"schema, sicurezza o accesso dati","PostgreSQL,Supabase",Catalogo o utilità tecnica neutrale,"Ricostruzione statica; statement multilinea nel file origine"
trigger,create trigger collaboration_participants_set_updated_at,supabase/migrations/20260810100000_create_collaboration_participants.sql,20260810100000_create_collaboration_participants.sql:133,CONDIVISO,Entrambi con versioni indipendenti,ESTRARRE_O_DUPLICARE,PACKAGE_VERSIONATO,DEFINITIVA,"schema, sicurezza o accesso dati","PostgreSQL,Supabase",Catalogo o utilità tecnica neutrale,"Ricostruzione statica; statement multilinea nel file origine"
tabella,create table public.collaborations (,supabase/migrations/20260810090000_create_collaborations.sql,20260810090000_create_collaborations.sql:17,CONDIVISO,Entrambi con implementazioni autonome,DUPLICAZIONE_CONTROLLATA,DUPLICAZIONE_CONTROLLATA,DEFINITIVA,"schema, sicurezza o accesso dati","PostgreSQL,Supabase",Fondazione tecnica neutrale,"Ricostruzione statica; statement multilinea nel file origine"
indice,create index collaborations_owner_person_id_idx,supabase/migrations/20260810090000_create_collaborations.sql,20260810090000_create_collaborations.sql:301,CONDIVISO,Entrambi con implementazioni autonome,DUPLICAZIONE_CONTROLLATA,DUPLICAZIONE_CONTROLLATA,DEFINITIVA,"schema, sicurezza o accesso dati","PostgreSQL,Supabase",Fondazione tecnica neutrale,"Ricostruzione statica; statement multilinea nel file origine"
indice,create index collaborations_owner_business_id_idx,supabase/migrations/20260810090000_create_collaborations.sql,20260810090000_create_collaborations.sql:305,CONDIVISO,Entrambi con implementazioni autonome,DUPLICAZIONE_CONTROLLATA,DUPLICAZIONE_CONTROLLATA,DEFINITIVA,"schema, sicurezza o accesso dati","PostgreSQL,Supabase",Fondazione tecnica neutrale,"Ricostruzione statica; statement multilinea nel file origine"
indice,create index collaborations_owned_by_editorial_idx,supabase/migrations/20260810090000_create_collaborations.sql,20260810090000_create_collaborations.sql:309,CENTRO_STUDI,Immigrati Imprenditori - Centro Studi sull'Imprenditoria Migrante,MIGRARE_E_SCINDERE_LINK,API_READ_ONLY,DEFINITIVA,"schema, sicurezza o accesso dati","PostgreSQL,Supabase",Oggetto editoriale con possibili riferimenti commerciali,"Ricostruzione statica; statement multilinea nel file origine"
indice,create index collaborations_form_code_idx,supabase/migrations/20260810090000_create_collaborations.sql,20260810090000_create_collaborations.sql:313,CONDIVISO,Entrambi con implementazioni autonome,DUPLICAZIONE_CONTROLLATA,DUPLICAZIONE_CONTROLLATA,DEFINITIVA,"schema, sicurezza o accesso dati","PostgreSQL,Supabase",Fondazione tecnica neutrale,"Ricostruzione statica; statement multilinea nel file origine"
indice,create index collaborations_editorial_status_idx,supabase/migrations/20260810090000_create_collaborations.sql,20260810090000_create_collaborations.sql:316,CENTRO_STUDI,Immigrati Imprenditori - Centro Studi sull'Imprenditoria Migrante,MIGRARE_E_SCINDERE_LINK,API_READ_ONLY,DEFINITIVA,"schema, sicurezza o accesso dati","PostgreSQL,Supabase",Oggetto editoriale con possibili riferimenti commerciali,"Ricostruzione statica; statement multilinea nel file origine"
indice,create index collaborations_operational_status_idx,supabase/migrations/20260810090000_create_collaborations.sql,20260810090000_create_collaborations.sql:319,CONDIVISO,Entrambi con implementazioni autonome,DUPLICAZIONE_CONTROLLATA,DUPLICAZIONE_CONTROLLATA,DEFINITIVA,"schema, sicurezza o accesso dati","PostgreSQL,Supabase",Fondazione tecnica neutrale,"Ricostruzione statica; statement multilinea nel file origine"
indice,create index collaborations_published_at_idx,supabase/migrations/20260810090000_create_collaborations.sql,20260810090000_create_collaborations.sql:322,CONDIVISO,Entrambi con implementazioni autonome,DUPLICAZIONE_CONTROLLATA,DUPLICAZIONE_CONTROLLATA,DEFINITIVA,"schema, sicurezza o accesso dati","PostgreSQL,Supabase",Fondazione tecnica neutrale,"Ricostruzione statica; statement multilinea nel file origine"
indice,create index collaborations_archived_at_idx,supabase/migrations/20260810090000_create_collaborations.sql,20260810090000_create_collaborations.sql:326,CONDIVISO,Entrambi con implementazioni autonome,DUPLICAZIONE_CONTROLLATA,DUPLICAZIONE_CONTROLLATA,DEFINITIVA,"schema, sicurezza o accesso dati","PostgreSQL,Supabase",Fondazione tecnica neutrale,"Ricostruzione statica; statement multilinea nel file origine"
indice,create index collaborations_promoter_person_id_idx,supabase/migrations/20260810090000_create_collaborations.sql,20260810090000_create_collaborations.sql:329,CONDIVISO,Entrambi con implementazioni autonome,DUPLICAZIONE_CONTROLLATA,DUPLICAZIONE_CONTROLLATA,DEFINITIVA,"schema, sicurezza o accesso dati","PostgreSQL,Supabase",Fondazione tecnica neutrale,"Ricostruzione statica; statement multilinea nel file origine"
indice,create index collaborations_promoter_business_id_idx,supabase/migrations/20260810090000_create_collaborations.sql,20260810090000_create_collaborations.sql:333,CONDIVISO,Entrambi con implementazioni autonome,DUPLICAZIONE_CONTROLLATA,DUPLICAZIONE_CONTROLLATA,DEFINITIVA,"schema, sicurezza o accesso dati","PostgreSQL,Supabase",Fondazione tecnica neutrale,"Ricostruzione statica; statement multilinea nel file origine"
indice,create index collaborations_registered_by_person_id_idx,supabase/migrations/20260810090000_create_collaborations.sql,20260810090000_create_collaborations.sql:337,CONDIVISO,Entrambi con implementazioni autonome,DUPLICAZIONE_CONTROLLATA,DUPLICAZIONE_CONTROLLATA,DEFINITIVA,"schema, sicurezza o accesso dati","PostgreSQL,Supabase",Fondazione tecnica neutrale,"Ricostruzione statica; statement multilinea nel file origine"
rls_enablement,"alter table public.collaborations enable row level security;",supabase/migrations/20260810090000_create_collaborations.sql,20260810090000_create_collaborations.sql:340,CONDIVISO,Entrambi con implementazioni autonome,DUPLICAZIONE_CONTROLLATA,DUPLICAZIONE_CONTROLLATA,DEFINITIVA,"schema, sicurezza o accesso dati","PostgreSQL,Supabase",Fondazione tecnica neutrale,"Ricostruzione statica; statement multilinea nel file origine"
revoke,"revoke all on table public.collaborations from public;",supabase/migrations/20260810090000_create_collaborations.sql,20260810090000_create_collaborations.sql:342,CONDIVISO,Entrambi con implementazioni autonome,DUPLICAZIONE_CONTROLLATA,DUPLICAZIONE_CONTROLLATA,DEFINITIVA,"schema, sicurezza o accesso dati","PostgreSQL,Supabase",Fondazione tecnica neutrale,"Ricostruzione statica; statement multilinea nel file origine"
revoke,"revoke all on table public.collaborations from anon, authenticated;",supabase/migrations/20260810090000_create_collaborations.sql,20260810090000_create_collaborations.sql:343,CONDIVISO,Entrambi con implementazioni autonome,DUPLICAZIONE_CONTROLLATA,DUPLICAZIONE_CONTROLLATA,DEFINITIVA,"schema, sicurezza o accesso dati","PostgreSQL,Supabase",Fondazione tecnica neutrale,"Ricostruzione statica; statement multilinea nel file origine"
funzione_sql,create or replace function public.set_collaborations_updated_at (),supabase/migrations/20260810090000_create_collaborations.sql,20260810090000_create_collaborations.sql:345,CONDIVISO,Entrambi con versioni indipendenti,ESTRARRE_O_DUPLICARE,PACKAGE_VERSIONATO,DEFINITIVA,"schema, sicurezza o accesso dati","PostgreSQL,Supabase",Catalogo o utilità tecnica neutrale,"Ricostruzione statica; statement multilinea nel file origine"
trigger,create trigger collaborations_set_updated_at,supabase/migrations/20260810090000_create_collaborations.sql,20260810090000_create_collaborations.sql:360,CONDIVISO,Entrambi con versioni indipendenti,ESTRARRE_O_DUPLICARE,PACKAGE_VERSIONATO,DEFINITIVA,"schema, sicurezza o accesso dati","PostgreSQL,Supabase",Catalogo o utilità tecnica neutrale,"Ricostruzione statica; statement multilinea nel file origine"
tabella,create table public.observatory_indicators (,supabase/migrations/20260811090000_create_observatory_indicators.sql,20260811090000_create_observatory_indicators.sql:16,CENTRO_STUDI,Immigrati Imprenditori - Centro Studi sull'Imprenditoria Migrante,MIGRARE_NELL_CENTRO_STUDI,,DEFINITIVA,"schema, sicurezza o accesso dati","PostgreSQL,Supabase",Finalità statistica o documentale,"Ricostruzione statica; statement multilinea nel file origine"
indice,create index observatory_indicators_operational_status_idx,supabase/migrations/20260811090000_create_observatory_indicators.sql,20260811090000_create_observatory_indicators.sql:195,CENTRO_STUDI,Immigrati Imprenditori - Centro Studi sull'Imprenditoria Migrante,MIGRARE_NELL_CENTRO_STUDI,,DEFINITIVA,"schema, sicurezza o accesso dati","PostgreSQL,Supabase",Finalità statistica o documentale,"Ricostruzione statica; statement multilinea nel file origine"
indice,create index observatory_indicators_publication_status_idx,supabase/migrations/20260811090000_create_observatory_indicators.sql,20260811090000_create_observatory_indicators.sql:198,CENTRO_STUDI,Immigrati Imprenditori - Centro Studi sull'Imprenditoria Migrante,MIGRARE_NELL_CENTRO_STUDI,,DEFINITIVA,"schema, sicurezza o accesso dati","PostgreSQL,Supabase",Finalità statistica o documentale,"Ricostruzione statica; statement multilinea nel file origine"
indice,create index observatory_indicators_value_nature_idx,supabase/migrations/20260811090000_create_observatory_indicators.sql,20260811090000_create_observatory_indicators.sql:201,CENTRO_STUDI,Immigrati Imprenditori - Centro Studi sull'Imprenditoria Migrante,MIGRARE_NELL_CENTRO_STUDI,,DEFINITIVA,"schema, sicurezza o accesso dati","PostgreSQL,Supabase",Finalità statistica o documentale,"Ricostruzione statica; statement multilinea nel file origine"
indice,create index observatory_indicators_periodicity_idx,supabase/migrations/20260811090000_create_observatory_indicators.sql,20260811090000_create_observatory_indicators.sql:204,CENTRO_STUDI,Immigrati Imprenditori - Centro Studi sull'Imprenditoria Migrante,MIGRARE_NELL_CENTRO_STUDI,,DEFINITIVA,"schema, sicurezza o accesso dati","PostgreSQL,Supabase",Finalità statistica o documentale,"Ricostruzione statica; statement multilinea nel file origine"
indice,create index observatory_indicators_published_listing_idx,supabase/migrations/20260811090000_create_observatory_indicators.sql,20260811090000_create_observatory_indicators.sql:207,CENTRO_STUDI,Immigrati Imprenditori - Centro Studi sull'Imprenditoria Migrante,MIGRARE_NELL_CENTRO_STUDI,,DEFINITIVA,"schema, sicurezza o accesso dati","PostgreSQL,Supabase",Finalità statistica o documentale,"Ricostruzione statica; statement multilinea nel file origine"
rls_enablement,"alter table public.observatory_indicators enable row level security;",supabase/migrations/20260811090000_create_observatory_indicators.sql,20260811090000_create_observatory_indicators.sql:211,CENTRO_STUDI,Immigrati Imprenditori - Centro Studi sull'Imprenditoria Migrante,MIGRARE_NELL_CENTRO_STUDI,,DEFINITIVA,"schema, sicurezza o accesso dati","PostgreSQL,Supabase",Finalità statistica o documentale,"Ricostruzione statica; statement multilinea nel file origine"
revoke,"revoke all on table public.observatory_indicators from public;",supabase/migrations/20260811090000_create_observatory_indicators.sql,20260811090000_create_observatory_indicators.sql:213,CENTRO_STUDI,Immigrati Imprenditori - Centro Studi sull'Imprenditoria Migrante,MIGRARE_NELL_CENTRO_STUDI,,DEFINITIVA,"schema, sicurezza o accesso dati","PostgreSQL,Supabase",Finalità statistica o documentale,"Ricostruzione statica; statement multilinea nel file origine"
revoke,"revoke all on table public.observatory_indicators from anon, authenticated;",supabase/migrations/20260811090000_create_observatory_indicators.sql,20260811090000_create_observatory_indicators.sql:214,CENTRO_STUDI,Immigrati Imprenditori - Centro Studi sull'Imprenditoria Migrante,MIGRARE_NELL_CENTRO_STUDI,,DEFINITIVA,"schema, sicurezza o accesso dati","PostgreSQL,Supabase",Finalità statistica o documentale,"Ricostruzione statica; statement multilinea nel file origine"
funzione_sql,create or replace function public.set_observatory_indicators_updated_at (),supabase/migrations/20260811090000_create_observatory_indicators.sql,20260811090000_create_observatory_indicators.sql:216,CENTRO_STUDI,Immigrati Imprenditori - Centro Studi sull'Imprenditoria Migrante,MIGRARE_NELL_CENTRO_STUDI,,DEFINITIVA,"schema, sicurezza o accesso dati","PostgreSQL,Supabase",Finalità statistica o documentale,"Ricostruzione statica; statement multilinea nel file origine"
trigger,create trigger observatory_indicators_set_updated_at,supabase/migrations/20260811090000_create_observatory_indicators.sql,20260811090000_create_observatory_indicators.sql:231,CENTRO_STUDI,Immigrati Imprenditori - Centro Studi sull'Imprenditoria Migrante,MIGRARE_NELL_CENTRO_STUDI,,DEFINITIVA,"schema, sicurezza o accesso dati","PostgreSQL,Supabase",Finalità statistica o documentale,"Ricostruzione statica; statement multilinea nel file origine"
tabella,create table public.observatory_statistical_sources (,supabase/migrations/20260811100000_create_observatory_statistical_sources.sql,20260811100000_create_observatory_statistical_sources.sql:16,CENTRO_STUDI,Immigrati Imprenditori - Centro Studi sull'Imprenditoria Migrante,MIGRARE_NELL_CENTRO_STUDI,,DEFINITIVA,"schema, sicurezza o accesso dati","PostgreSQL,Supabase",Finalità statistica o documentale,"Ricostruzione statica; statement multilinea nel file origine"
indice,create unique index observatory_statistical_sources_external_identifier_uidx,supabase/migrations/20260811100000_create_observatory_statistical_sources.sql,20260811100000_create_observatory_statistical_sources.sql:104,CENTRO_STUDI,Immigrati Imprenditori - Centro Studi sull'Imprenditoria Migrante,MIGRARE_NELL_CENTRO_STUDI,,DEFINITIVA,"schema, sicurezza o accesso dati","PostgreSQL,Supabase",Finalità statistica o documentale,"Ricostruzione statica; statement multilinea nel file origine"
indice,create index observatory_statistical_sources_lifecycle_status_idx,supabase/migrations/20260811100000_create_observatory_statistical_sources.sql,20260811100000_create_observatory_statistical_sources.sql:108,CENTRO_STUDI,Immigrati Imprenditori - Centro Studi sull'Imprenditoria Migrante,MIGRARE_NELL_CENTRO_STUDI,,DEFINITIVA,"schema, sicurezza o accesso dati","PostgreSQL,Supabase",Finalità statistica o documentale,"Ricostruzione statica; statement multilinea nel file origine"
indice,create index observatory_statistical_sources_producer_name_idx,supabase/migrations/20260811100000_create_observatory_statistical_sources.sql,20260811100000_create_observatory_statistical_sources.sql:111,CENTRO_STUDI,Immigrati Imprenditori - Centro Studi sull'Imprenditoria Migrante,MIGRARE_NELL_CENTRO_STUDI,,DEFINITIVA,"schema, sicurezza o accesso dati","PostgreSQL,Supabase",Finalità statistica o documentale,"Ricostruzione statica; statement multilinea nel file origine"
rls_enablement,"alter table public.observatory_statistical_sources enable row level security;",supabase/migrations/20260811100000_create_observatory_statistical_sources.sql,20260811100000_create_observatory_statistical_sources.sql:114,CENTRO_STUDI,Immigrati Imprenditori - Centro Studi sull'Imprenditoria Migrante,MIGRARE_NELL_CENTRO_STUDI,,DEFINITIVA,"schema, sicurezza o accesso dati","PostgreSQL,Supabase",Finalità statistica o documentale,"Ricostruzione statica; statement multilinea nel file origine"
revoke,"revoke all on table public.observatory_statistical_sources from public;",supabase/migrations/20260811100000_create_observatory_statistical_sources.sql,20260811100000_create_observatory_statistical_sources.sql:116,CENTRO_STUDI,Immigrati Imprenditori - Centro Studi sull'Imprenditoria Migrante,MIGRARE_NELL_CENTRO_STUDI,,DEFINITIVA,"schema, sicurezza o accesso dati","PostgreSQL,Supabase",Finalità statistica o documentale,"Ricostruzione statica; statement multilinea nel file origine"
revoke,"revoke all on table public.observatory_statistical_sources from anon, authenticated;",supabase/migrations/20260811100000_create_observatory_statistical_sources.sql,20260811100000_create_observatory_statistical_sources.sql:117,CENTRO_STUDI,Immigrati Imprenditori - Centro Studi sull'Imprenditoria Migrante,MIGRARE_NELL_CENTRO_STUDI,,DEFINITIVA,"schema, sicurezza o accesso dati","PostgreSQL,Supabase",Finalità statistica o documentale,"Ricostruzione statica; statement multilinea nel file origine"
funzione_sql,create or replace function public.set_observatory_statistical_sources_updated_at (),supabase/migrations/20260811100000_create_observatory_statistical_sources.sql,20260811100000_create_observatory_statistical_sources.sql:119,CENTRO_STUDI,Immigrati Imprenditori - Centro Studi sull'Imprenditoria Migrante,MIGRARE_NELL_CENTRO_STUDI,,DEFINITIVA,"schema, sicurezza o accesso dati","PostgreSQL,Supabase",Finalità statistica o documentale,"Ricostruzione statica; statement multilinea nel file origine"
trigger,create trigger observatory_statistical_sources_set_updated_at,supabase/migrations/20260811100000_create_observatory_statistical_sources.sql,20260811100000_create_observatory_statistical_sources.sql:134,CENTRO_STUDI,Immigrati Imprenditori - Centro Studi sull'Imprenditoria Migrante,MIGRARE_NELL_CENTRO_STUDI,,DEFINITIVA,"schema, sicurezza o accesso dati","PostgreSQL,Supabase",Finalità statistica o documentale,"Ricostruzione statica; statement multilinea nel file origine"
tabella,create table public.observatory_indicator_values (,supabase/migrations/20260811110000_create_observatory_indicator_values.sql,20260811110000_create_observatory_indicator_values.sql:18,CENTRO_STUDI,Immigrati Imprenditori - Centro Studi sull'Imprenditoria Migrante,MIGRARE_NELL_CENTRO_STUDI,,DEFINITIVA,"schema, sicurezza o accesso dati","PostgreSQL,Supabase",Finalità statistica o documentale,"Ricostruzione statica; statement multilinea nel file origine"
indice,create unique index observatory_indicator_values_current_logical_uidx,supabase/migrations/20260811110000_create_observatory_indicator_values.sql,20260811110000_create_observatory_indicator_values.sql:213,CENTRO_STUDI,Immigrati Imprenditori - Centro Studi sull'Imprenditoria Migrante,MIGRARE_NELL_CENTRO_STUDI,,DEFINITIVA,"schema, sicurezza o accesso dati","PostgreSQL,Supabase",Finalità statistica o documentale,"Ricostruzione statica; statement multilinea nel file origine"
indice,create unique index observatory_indicator_values_supersedes_uidx,supabase/migrations/20260811110000_create_observatory_indicator_values.sql,20260811110000_create_observatory_indicator_values.sql:228,CENTRO_STUDI,Immigrati Imprenditori - Centro Studi sull'Imprenditoria Migrante,MIGRARE_NELL_CENTRO_STUDI,,DEFINITIVA,"schema, sicurezza o accesso dati","PostgreSQL,Supabase",Finalità statistica o documentale,"Ricostruzione statica; statement multilinea nel file origine"
indice,create index observatory_indicator_values_indicator_id_idx,supabase/migrations/20260811110000_create_observatory_indicator_values.sql,20260811110000_create_observatory_indicator_values.sql:232,CENTRO_STUDI,Immigrati Imprenditori - Centro Studi sull'Imprenditoria Migrante,MIGRARE_NELL_CENTRO_STUDI,,DEFINITIVA,"schema, sicurezza o accesso dati","PostgreSQL,Supabase",Finalità statistica o documentale,"Ricostruzione statica; statement multilinea nel file origine"
indice,create index observatory_indicator_values_source_id_idx,supabase/migrations/20260811110000_create_observatory_indicator_values.sql,20260811110000_create_observatory_indicator_values.sql:235,CENTRO_STUDI,Immigrati Imprenditori - Centro Studi sull'Imprenditoria Migrante,MIGRARE_NELL_CENTRO_STUDI,,DEFINITIVA,"schema, sicurezza o accesso dati","PostgreSQL,Supabase",Finalità statistica o documentale,"Ricostruzione statica; statement multilinea nel file origine"
indice,create index observatory_indicator_values_period_idx,supabase/migrations/20260811110000_create_observatory_indicator_values.sql,20260811110000_create_observatory_indicator_values.sql:238,CENTRO_STUDI,Immigrati Imprenditori - Centro Studi sull'Imprenditoria Migrante,MIGRARE_NELL_CENTRO_STUDI,,DEFINITIVA,"schema, sicurezza o accesso dati","PostgreSQL,Supabase",Finalità statistica o documentale,"Ricostruzione statica; statement multilinea nel file origine"
indice,create index observatory_indicator_values_status_idx,supabase/migrations/20260811110000_create_observatory_indicator_values.sql,20260811110000_create_observatory_indicator_values.sql:241,CENTRO_STUDI,Immigrati Imprenditori - Centro Studi sull'Imprenditoria Migrante,MIGRARE_NELL_CENTRO_STUDI,,DEFINITIVA,"schema, sicurezza o accesso dati","PostgreSQL,Supabase",Finalità statistica o documentale,"Ricostruzione statica; statement multilinea nel file origine"
indice,create index observatory_indicator_values_quality_code_idx,supabase/migrations/20260811110000_create_observatory_indicator_values.sql,20260811110000_create_observatory_indicator_values.sql:244,CENTRO_STUDI,Immigrati Imprenditori - Centro Studi sull'Imprenditoria Migrante,MIGRARE_NELL_CENTRO_STUDI,,DEFINITIVA,"schema, sicurezza o accesso dati","PostgreSQL,Supabase",Finalità statistica o documentale,"Ricostruzione statica; statement multilinea nel file origine"
indice,create index observatory_indicator_values_territory_level_idx,supabase/migrations/20260811110000_create_observatory_indicator_values.sql,20260811110000_create_observatory_indicator_values.sql:247,CENTRO_STUDI,Immigrati Imprenditori - Centro Studi sull'Imprenditoria Migrante,MIGRARE_NELL_CENTRO_STUDI,,DEFINITIVA,"schema, sicurezza o accesso dati","PostgreSQL,Supabase",Finalità statistica o documentale,"Ricostruzione statica; statement multilinea nel file origine"
indice,create index observatory_indicator_values_business_sector_id_idx,supabase/migrations/20260811110000_create_observatory_indicator_values.sql,20260811110000_create_observatory_indicator_values.sql:250,CENTRO_STUDI,Immigrati Imprenditori - Centro Studi sull'Imprenditoria Migrante,MIGRARE_NELL_CENTRO_STUDI,,DEFINITIVA,"schema, sicurezza o accesso dati","PostgreSQL,Supabase",Finalità statistica o documentale,"Ricostruzione statica; statement multilinea nel file origine"
indice,create index observatory_indicator_values_country_code_idx,supabase/migrations/20260811110000_create_observatory_indicator_values.sql,20260811110000_create_observatory_indicator_values.sql:254,CENTRO_STUDI,Immigrati Imprenditori - Centro Studi sull'Imprenditoria Migrante,MIGRARE_NELL_CENTRO_STUDI,,DEFINITIVA,"schema, sicurezza o accesso dati","PostgreSQL,Supabase",Finalità statistica o documentale,"Ricostruzione statica; statement multilinea nel file origine"
rls_enablement,"alter table public.observatory_indicator_values enable row level security;",supabase/migrations/20260811110000_create_observatory_indicator_values.sql,20260811110000_create_observatory_indicator_values.sql:260,CENTRO_STUDI,Immigrati Imprenditori - Centro Studi sull'Imprenditoria Migrante,MIGRARE_NELL_CENTRO_STUDI,,DEFINITIVA,"schema, sicurezza o accesso dati","PostgreSQL,Supabase",Finalità statistica o documentale,"Ricostruzione statica; statement multilinea nel file origine"
revoke,"revoke all on table public.observatory_indicator_values from public;",supabase/migrations/20260811110000_create_observatory_indicator_values.sql,20260811110000_create_observatory_indicator_values.sql:262,CENTRO_STUDI,Immigrati Imprenditori - Centro Studi sull'Imprenditoria Migrante,MIGRARE_NELL_CENTRO_STUDI,,DEFINITIVA,"schema, sicurezza o accesso dati","PostgreSQL,Supabase",Finalità statistica o documentale,"Ricostruzione statica; statement multilinea nel file origine"
revoke,"revoke all on table public.observatory_indicator_values from anon, authenticated;",supabase/migrations/20260811110000_create_observatory_indicator_values.sql,20260811110000_create_observatory_indicator_values.sql:263,CENTRO_STUDI,Immigrati Imprenditori - Centro Studi sull'Imprenditoria Migrante,MIGRARE_NELL_CENTRO_STUDI,,DEFINITIVA,"schema, sicurezza o accesso dati","PostgreSQL,Supabase",Finalità statistica o documentale,"Ricostruzione statica; statement multilinea nel file origine"
funzione_sql,create or replace function public.set_observatory_indicator_values_updated_at (),supabase/migrations/20260811110000_create_observatory_indicator_values.sql,20260811110000_create_observatory_indicator_values.sql:265,CENTRO_STUDI,Immigrati Imprenditori - Centro Studi sull'Imprenditoria Migrante,MIGRARE_NELL_CENTRO_STUDI,,DEFINITIVA,"schema, sicurezza o accesso dati","PostgreSQL,Supabase",Finalità statistica o documentale,"Ricostruzione statica; statement multilinea nel file origine"
trigger,create trigger observatory_indicator_values_set_updated_at,supabase/migrations/20260811110000_create_observatory_indicator_values.sql,20260811110000_create_observatory_indicator_values.sql:280,CENTRO_STUDI,Immigrati Imprenditori - Centro Studi sull'Imprenditoria Migrante,MIGRARE_NELL_CENTRO_STUDI,,DEFINITIVA,"schema, sicurezza o accesso dati","PostgreSQL,Supabase",Finalità statistica o documentale,"Ricostruzione statica; statement multilinea nel file origine"
funzione_sql,create function public.access_current_account_id (),supabase/migrations/20260812090000_create_access_identity_helpers.sql,20260812090000_create_access_identity_helpers.sql:23,CONDIVISO,Entrambi con implementazioni autonome,DUPLICAZIONE_CONTROLLATA,DUPLICAZIONE_CONTROLLATA,DEFINITIVA,"schema, sicurezza o accesso dati","PostgreSQL,Supabase",Fondazione tecnica neutrale,"Ricostruzione statica; statement multilinea nel file origine"
revoke,"revoke all on function public.access_current_account_id () from public;",supabase/migrations/20260812090000_create_access_identity_helpers.sql,20260812090000_create_access_identity_helpers.sql:39,CONDIVISO,Entrambi con implementazioni autonome,DUPLICAZIONE_CONTROLLATA,DUPLICAZIONE_CONTROLLATA,DEFINITIVA,"schema, sicurezza o accesso dati","PostgreSQL,Supabase",Fondazione tecnica neutrale,"Ricostruzione statica; statement multilinea nel file origine"
grant,"grant execute on function public.access_current_account_id () to anon, authenticated;",supabase/migrations/20260812090000_create_access_identity_helpers.sql,20260812090000_create_access_identity_helpers.sql:40,CONDIVISO,Entrambi con implementazioni autonome,DUPLICAZIONE_CONTROLLATA,DUPLICAZIONE_CONTROLLATA,DEFINITIVA,"schema, sicurezza o accesso dati","PostgreSQL,Supabase",Fondazione tecnica neutrale,"Ricostruzione statica; statement multilinea nel file origine"
funzione_sql,create function public.access_current_person_id (),supabase/migrations/20260812090000_create_access_identity_helpers.sql,20260812090000_create_access_identity_helpers.sql:45,CONDIVISO,Entrambi con implementazioni autonome,DUPLICAZIONE_CONTROLLATA,DUPLICAZIONE_CONTROLLATA,DEFINITIVA,"schema, sicurezza o accesso dati","PostgreSQL,Supabase",Fondazione tecnica neutrale,"Ricostruzione statica; statement multilinea nel file origine"
revoke,"revoke all on function public.access_current_person_id () from public;",supabase/migrations/20260812090000_create_access_identity_helpers.sql,20260812090000_create_access_identity_helpers.sql:64,CONDIVISO,Entrambi con implementazioni autonome,DUPLICAZIONE_CONTROLLATA,DUPLICAZIONE_CONTROLLATA,DEFINITIVA,"schema, sicurezza o accesso dati","PostgreSQL,Supabase",Fondazione tecnica neutrale,"Ricostruzione statica; statement multilinea nel file origine"
grant,"grant execute on function public.access_current_person_id () to anon, authenticated;",supabase/migrations/20260812090000_create_access_identity_helpers.sql,20260812090000_create_access_identity_helpers.sql:65,CONDIVISO,Entrambi con implementazioni autonome,DUPLICAZIONE_CONTROLLATA,DUPLICAZIONE_CONTROLLATA,DEFINITIVA,"schema, sicurezza o accesso dati","PostgreSQL,Supabase",Fondazione tecnica neutrale,"Ricostruzione statica; statement multilinea nel file origine"
funzione_sql,create function public.access_is_active_account (),supabase/migrations/20260812090000_create_access_identity_helpers.sql,20260812090000_create_access_identity_helpers.sql:70,CONDIVISO,Entrambi con implementazioni autonome,DUPLICAZIONE_CONTROLLATA,DUPLICAZIONE_CONTROLLATA,DEFINITIVA,"schema, sicurezza o accesso dati","PostgreSQL,Supabase",Fondazione tecnica neutrale,"Ricostruzione statica; statement multilinea nel file origine"
revoke,"revoke all on function public.access_is_active_account () from public;",supabase/migrations/20260812090000_create_access_identity_helpers.sql,20260812090000_create_access_identity_helpers.sql:90,CONDIVISO,Entrambi con implementazioni autonome,DUPLICAZIONE_CONTROLLATA,DUPLICAZIONE_CONTROLLATA,DEFINITIVA,"schema, sicurezza o accesso dati","PostgreSQL,Supabase",Fondazione tecnica neutrale,"Ricostruzione statica; statement multilinea nel file origine"
grant,"grant execute on function public.access_is_active_account () to anon, authenticated;",supabase/migrations/20260812090000_create_access_identity_helpers.sql,20260812090000_create_access_identity_helpers.sql:91,CONDIVISO,Entrambi con implementazioni autonome,DUPLICAZIONE_CONTROLLATA,DUPLICAZIONE_CONTROLLATA,DEFINITIVA,"schema, sicurezza o accesso dati","PostgreSQL,Supabase",Fondazione tecnica neutrale,"Ricostruzione statica; statement multilinea nel file origine"
funzione_sql,create function public.access_has_active_application_role (p_role text),supabase/migrations/20260812100000_create_access_role_helpers.sql,20260812100000_create_access_role_helpers.sql:33,CONDIVISO,Entrambi con implementazioni autonome,DUPLICAZIONE_CONTROLLATA,DUPLICAZIONE_CONTROLLATA,DEFINITIVA,"schema, sicurezza o accesso dati","PostgreSQL,Supabase",Fondazione tecnica neutrale,"Ricostruzione statica; statement multilinea nel file origine"
revoke,"revoke all on function public.access_has_active_application_role (text) from public;",supabase/migrations/20260812100000_create_access_role_helpers.sql,20260812100000_create_access_role_helpers.sql:57,CONDIVISO,Entrambi con implementazioni autonome,DUPLICAZIONE_CONTROLLATA,DUPLICAZIONE_CONTROLLATA,DEFINITIVA,"schema, sicurezza o accesso dati","PostgreSQL,Supabase",Fondazione tecnica neutrale,"Ricostruzione statica; statement multilinea nel file origine"
grant,"grant execute on function public.access_has_active_application_role (text) to anon, authenticated;",supabase/migrations/20260812100000_create_access_role_helpers.sql,20260812100000_create_access_role_helpers.sql:58,CONDIVISO,Entrambi con implementazioni autonome,DUPLICAZIONE_CONTROLLATA,DUPLICAZIONE_CONTROLLATA,DEFINITIVA,"schema, sicurezza o accesso dati","PostgreSQL,Supabase",Fondazione tecnica neutrale,"Ricostruzione statica; statement multilinea nel file origine"
funzione_sql,create function public.access_is_editor (),supabase/migrations/20260812100000_create_access_role_helpers.sql,20260812100000_create_access_role_helpers.sql:63,CONDIVISO,Entrambi con implementazioni autonome,DUPLICAZIONE_CONTROLLATA,DUPLICAZIONE_CONTROLLATA,DEFINITIVA,"schema, sicurezza o accesso dati","PostgreSQL,Supabase",Fondazione tecnica neutrale,"Ricostruzione statica; statement multilinea nel file origine"
revoke,"revoke all on function public.access_is_editor () from public;",supabase/migrations/20260812100000_create_access_role_helpers.sql,20260812100000_create_access_role_helpers.sql:76,CONDIVISO,Entrambi con implementazioni autonome,DUPLICAZIONE_CONTROLLATA,DUPLICAZIONE_CONTROLLATA,DEFINITIVA,"schema, sicurezza o accesso dati","PostgreSQL,Supabase",Fondazione tecnica neutrale,"Ricostruzione statica; statement multilinea nel file origine"
grant,"grant execute on function public.access_is_editor () to anon, authenticated;",supabase/migrations/20260812100000_create_access_role_helpers.sql,20260812100000_create_access_role_helpers.sql:77,CONDIVISO,Entrambi con implementazioni autonome,DUPLICAZIONE_CONTROLLATA,DUPLICAZIONE_CONTROLLATA,DEFINITIVA,"schema, sicurezza o accesso dati","PostgreSQL,Supabase",Fondazione tecnica neutrale,"Ricostruzione statica; statement multilinea nel file origine"
funzione_sql,create function public.access_is_application_admin (),supabase/migrations/20260812100000_create_access_role_helpers.sql,20260812100000_create_access_role_helpers.sql:82,CONDIVISO,Entrambi con implementazioni autonome,DUPLICAZIONE_CONTROLLATA,DUPLICAZIONE_CONTROLLATA,DEFINITIVA,"schema, sicurezza o accesso dati","PostgreSQL,Supabase",Fondazione tecnica neutrale,"Ricostruzione statica; statement multilinea nel file origine"
revoke,"revoke all on function public.access_is_application_admin () from public;",supabase/migrations/20260812100000_create_access_role_helpers.sql,20260812100000_create_access_role_helpers.sql:95,CONDIVISO,Entrambi con implementazioni autonome,DUPLICAZIONE_CONTROLLATA,DUPLICAZIONE_CONTROLLATA,DEFINITIVA,"schema, sicurezza o accesso dati","PostgreSQL,Supabase",Fondazione tecnica neutrale,"Ricostruzione statica; statement multilinea nel file origine"
grant,"grant execute on function public.access_is_application_admin () to anon, authenticated;",supabase/migrations/20260812100000_create_access_role_helpers.sql,20260812100000_create_access_role_helpers.sql:96,CONDIVISO,Entrambi con implementazioni autonome,DUPLICAZIONE_CONTROLLATA,DUPLICAZIONE_CONTROLLATA,DEFINITIVA,"schema, sicurezza o accesso dati","PostgreSQL,Supabase",Fondazione tecnica neutrale,"Ricostruzione statica; statement multilinea nel file origine"
funzione_sql,create function public.access_has_active_business_membership (p_business_id uuid),supabase/migrations/20260812110000_create_access_business_context_helpers.sql,20260812110000_create_access_business_context_helpers.sql:31,CONDIVISO,Entrambi con implementazioni autonome,DUPLICAZIONE_CONTROLLATA,DUPLICAZIONE_CONTROLLATA,DEFINITIVA,"schema, sicurezza o accesso dati","PostgreSQL,Supabase",Fondazione tecnica neutrale,"Ricostruzione statica; statement multilinea nel file origine"
revoke,"revoke all on function public.access_has_active_business_membership (uuid) from public;",supabase/migrations/20260812110000_create_access_business_context_helpers.sql,20260812110000_create_access_business_context_helpers.sql:54,CONDIVISO,Entrambi con implementazioni autonome,DUPLICAZIONE_CONTROLLATA,DUPLICAZIONE_CONTROLLATA,DEFINITIVA,"schema, sicurezza o accesso dati","PostgreSQL,Supabase",Fondazione tecnica neutrale,"Ricostruzione statica; statement multilinea nel file origine"
grant,"grant execute on function public.access_has_active_business_membership (uuid) to anon, authenticated;",supabase/migrations/20260812110000_create_access_business_context_helpers.sql,20260812110000_create_access_business_context_helpers.sql:55,CONDIVISO,Entrambi con implementazioni autonome,DUPLICAZIONE_CONTROLLATA,DUPLICAZIONE_CONTROLLATA,DEFINITIVA,"schema, sicurezza o accesso dati","PostgreSQL,Supabase",Fondazione tecnica neutrale,"Ricostruzione statica; statement multilinea nel file origine"
funzione_sql,create function public.access_has_granted_business_management (p_business_id uuid),supabase/migrations/20260812110000_create_access_business_context_helpers.sql,20260812110000_create_access_business_context_helpers.sql:60,CONDIVISO,Entrambi con implementazioni autonome,DUPLICAZIONE_CONTROLLATA,DUPLICAZIONE_CONTROLLATA,DEFINITIVA,"schema, sicurezza o accesso dati","PostgreSQL,Supabase",Fondazione tecnica neutrale,"Ricostruzione statica; statement multilinea nel file origine"
revoke,"revoke all on function public.access_has_granted_business_management (uuid) from public;",supabase/migrations/20260812110000_create_access_business_context_helpers.sql,20260812110000_create_access_business_context_helpers.sql:85,CONDIVISO,Entrambi con implementazioni autonome,DUPLICAZIONE_CONTROLLATA,DUPLICAZIONE_CONTROLLATA,DEFINITIVA,"schema, sicurezza o accesso dati","PostgreSQL,Supabase",Fondazione tecnica neutrale,"Ricostruzione statica; statement multilinea nel file origine"
grant,"grant execute on function public.access_has_granted_business_management (uuid) to anon, authenticated;",supabase/migrations/20260812110000_create_access_business_context_helpers.sql,20260812110000_create_access_business_context_helpers.sql:86,CONDIVISO,Entrambi con implementazioni autonome,DUPLICAZIONE_CONTROLLATA,DUPLICAZIONE_CONTROLLATA,DEFINITIVA,"schema, sicurezza o accesso dati","PostgreSQL,Supabase",Fondazione tecnica neutrale,"Ricostruzione statica; statement multilinea nel file origine"
funzione_sql,create function public.access_can_act_for_business (p_business_id uuid),supabase/migrations/20260812110000_create_access_business_context_helpers.sql,20260812110000_create_access_business_context_helpers.sql:91,CONDIVISO,Entrambi con implementazioni autonome,DUPLICAZIONE_CONTROLLATA,DUPLICAZIONE_CONTROLLATA,DEFINITIVA,"schema, sicurezza o accesso dati","PostgreSQL,Supabase",Fondazione tecnica neutrale,"Ricostruzione statica; statement multilinea nel file origine"
revoke,"revoke all on function public.access_can_act_for_business (uuid) from public;",supabase/migrations/20260812110000_create_access_business_context_helpers.sql,20260812110000_create_access_business_context_helpers.sql:104,CONDIVISO,Entrambi con implementazioni autonome,DUPLICAZIONE_CONTROLLATA,DUPLICAZIONE_CONTROLLATA,DEFINITIVA,"schema, sicurezza o accesso dati","PostgreSQL,Supabase",Fondazione tecnica neutrale,"Ricostruzione statica; statement multilinea nel file origine"
grant,"grant execute on function public.access_can_act_for_business (uuid) to anon, authenticated;",supabase/migrations/20260812110000_create_access_business_context_helpers.sql,20260812110000_create_access_business_context_helpers.sql:105,CONDIVISO,Entrambi con implementazioni autonome,DUPLICAZIONE_CONTROLLATA,DUPLICAZIONE_CONTROLLATA,DEFINITIVA,"schema, sicurezza o accesso dati","PostgreSQL,Supabase",Fondazione tecnica neutrale,"Ricostruzione statica; statement multilinea nel file origine"
funzione_sql,create function public.access_provision_account (p_auth_user_id uuid),supabase/migrations/20260812120000_create_access_identity_rpcs.sql,20260812120000_create_access_identity_rpcs.sql:28,CONDIVISO,Entrambi con implementazioni autonome,DUPLICAZIONE_CONTROLLATA,DUPLICAZIONE_CONTROLLATA,DEFINITIVA,"schema, sicurezza o accesso dati","PostgreSQL,Supabase",Fondazione tecnica neutrale,"Ricostruzione statica; statement multilinea nel file origine"
revoke,"revoke all on function public.access_provision_account (uuid) from public;",supabase/migrations/20260812120000_create_access_identity_rpcs.sql,20260812120000_create_access_identity_rpcs.sql:95,CONDIVISO,Entrambi con implementazioni autonome,DUPLICAZIONE_CONTROLLATA,DUPLICAZIONE_CONTROLLATA,DEFINITIVA,"schema, sicurezza o accesso dati","PostgreSQL,Supabase",Fondazione tecnica neutrale,"Ricostruzione statica; statement multilinea nel file origine"
grant,"grant execute on function public.access_provision_account (uuid) to service_role;",supabase/migrations/20260812120000_create_access_identity_rpcs.sql,20260812120000_create_access_identity_rpcs.sql:96,CONDIVISO,Entrambi con implementazioni autonome,DUPLICAZIONE_CONTROLLATA,DUPLICAZIONE_CONTROLLATA,DEFINITIVA,"schema, sicurezza o accesso dati","PostgreSQL,Supabase",Fondazione tecnica neutrale,"Ricostruzione statica; statement multilinea nel file origine"
funzione_sql,create function public.access_link_person (,supabase/migrations/20260812120000_create_access_identity_rpcs.sql,20260812120000_create_access_identity_rpcs.sql:101,CONDIVISO,Entrambi con implementazioni autonome,DUPLICAZIONE_CONTROLLATA,DUPLICAZIONE_CONTROLLATA,DEFINITIVA,"schema, sicurezza o accesso dati","PostgreSQL,Supabase",Fondazione tecnica neutrale,"Ricostruzione statica; statement multilinea nel file origine"
revoke,"revoke all on function public.access_link_person (uuid, uuid) from public;",supabase/migrations/20260812120000_create_access_identity_rpcs.sql,20260812120000_create_access_identity_rpcs.sql:226,CONDIVISO,Entrambi con implementazioni autonome,DUPLICAZIONE_CONTROLLATA,DUPLICAZIONE_CONTROLLATA,DEFINITIVA,"schema, sicurezza o accesso dati","PostgreSQL,Supabase",Fondazione tecnica neutrale,"Ricostruzione statica; statement multilinea nel file origine"
grant,"grant execute on function public.access_link_person (uuid, uuid) to authenticated, service_role;",supabase/migrations/20260812120000_create_access_identity_rpcs.sql,20260812120000_create_access_identity_rpcs.sql:227,CONDIVISO,Entrambi con implementazioni autonome,DUPLICAZIONE_CONTROLLATA,DUPLICAZIONE_CONTROLLATA,DEFINITIVA,"schema, sicurezza o accesso dati","PostgreSQL,Supabase",Fondazione tecnica neutrale,"Ricostruzione statica; statement multilinea nel file origine"
funzione_sql,create function public.access_close_account (p_account_id uuid),supabase/migrations/20260812120000_create_access_identity_rpcs.sql,20260812120000_create_access_identity_rpcs.sql:232,CONDIVISO,Entrambi con implementazioni autonome,DUPLICAZIONE_CONTROLLATA,DUPLICAZIONE_CONTROLLATA,DEFINITIVA,"schema, sicurezza o accesso dati","PostgreSQL,Supabase",Fondazione tecnica neutrale,"Ricostruzione statica; statement multilinea nel file origine"
revoke,"revoke all on function public.access_close_account (uuid) from public;",supabase/migrations/20260812120000_create_access_identity_rpcs.sql,20260812120000_create_access_identity_rpcs.sql:281,CONDIVISO,Entrambi con implementazioni autonome,DUPLICAZIONE_CONTROLLATA,DUPLICAZIONE_CONTROLLATA,DEFINITIVA,"schema, sicurezza o accesso dati","PostgreSQL,Supabase",Fondazione tecnica neutrale,"Ricostruzione statica; statement multilinea nel file origine"
grant,"grant execute on function public.access_close_account (uuid) to authenticated, service_role;",supabase/migrations/20260812120000_create_access_identity_rpcs.sql,20260812120000_create_access_identity_rpcs.sql:282,CONDIVISO,Entrambi con implementazioni autonome,DUPLICAZIONE_CONTROLLATA,DUPLICAZIONE_CONTROLLATA,DEFINITIVA,"schema, sicurezza o accesso dati","PostgreSQL,Supabase",Fondazione tecnica neutrale,"Ricostruzione statica; statement multilinea nel file origine"
funzione_sql,create function public.assign_application_role (,supabase/migrations/20260812120000_create_access_identity_rpcs.sql,20260812120000_create_access_identity_rpcs.sql:287,CONDIVISO,Entrambi con implementazioni autonome,DUPLICAZIONE_CONTROLLATA,DUPLICAZIONE_CONTROLLATA,DEFINITIVA,"schema, sicurezza o accesso dati","PostgreSQL,Supabase",Fondazione tecnica neutrale,"Ricostruzione statica; statement multilinea nel file origine"
revoke,"revoke all on function public.assign_application_role (uuid, text) from public;",supabase/migrations/20260812120000_create_access_identity_rpcs.sql,20260812120000_create_access_identity_rpcs.sql:399,CONDIVISO,Entrambi con implementazioni autonome,DUPLICAZIONE_CONTROLLATA,DUPLICAZIONE_CONTROLLATA,DEFINITIVA,"schema, sicurezza o accesso dati","PostgreSQL,Supabase",Fondazione tecnica neutrale,"Ricostruzione statica; statement multilinea nel file origine"
grant,"grant execute on function public.assign_application_role (uuid, text) to authenticated, service_role;",supabase/migrations/20260812120000_create_access_identity_rpcs.sql,20260812120000_create_access_identity_rpcs.sql:400,CONDIVISO,Entrambi con implementazioni autonome,DUPLICAZIONE_CONTROLLATA,DUPLICAZIONE_CONTROLLATA,DEFINITIVA,"schema, sicurezza o accesso dati","PostgreSQL,Supabase",Fondazione tecnica neutrale,"Ricostruzione statica; statement multilinea nel file origine"
funzione_sql,create function public.revoke_application_role (p_assignment_id uuid),supabase/migrations/20260812120000_create_access_identity_rpcs.sql,20260812120000_create_access_identity_rpcs.sql:405,CONDIVISO,Entrambi con implementazioni autonome,DUPLICAZIONE_CONTROLLATA,DUPLICAZIONE_CONTROLLATA,DEFINITIVA,"schema, sicurezza o accesso dati","PostgreSQL,Supabase",Fondazione tecnica neutrale,"Ricostruzione statica; statement multilinea nel file origine"
revoke,"revoke all on function public.revoke_application_role (uuid) from public;",supabase/migrations/20260812120000_create_access_identity_rpcs.sql,20260812120000_create_access_identity_rpcs.sql:454,CONDIVISO,Entrambi con implementazioni autonome,DUPLICAZIONE_CONTROLLATA,DUPLICAZIONE_CONTROLLATA,DEFINITIVA,"schema, sicurezza o accesso dati","PostgreSQL,Supabase",Fondazione tecnica neutrale,"Ricostruzione statica; statement multilinea nel file origine"
grant,"grant execute on function public.revoke_application_role (uuid) to authenticated, service_role;",supabase/migrations/20260812120000_create_access_identity_rpcs.sql,20260812120000_create_access_identity_rpcs.sql:455,CONDIVISO,Entrambi con implementazioni autonome,DUPLICAZIONE_CONTROLLATA,DUPLICAZIONE_CONTROLLATA,DEFINITIVA,"schema, sicurezza o accesso dati","PostgreSQL,Supabase",Fondazione tecnica neutrale,"Ricostruzione statica; statement multilinea nel file origine"
funzione_sql,create function public.access_bootstrap_business_grant (p_membership_id uuid),supabase/migrations/20260812130000_create_access_business_management_rpcs.sql,20260812130000_create_access_business_management_rpcs.sql:25,CONDIVISO,Entrambi con implementazioni autonome,DUPLICAZIONE_CONTROLLATA,DUPLICAZIONE_CONTROLLATA,DEFINITIVA,"schema, sicurezza o accesso dati","PostgreSQL,Supabase",Fondazione tecnica neutrale,"Ricostruzione statica; statement multilinea nel file origine"
revoke,"revoke all on function public.access_bootstrap_business_grant (uuid) from public;",supabase/migrations/20260812130000_create_access_business_management_rpcs.sql,20260812130000_create_access_business_management_rpcs.sql:153,CONDIVISO,Entrambi con implementazioni autonome,DUPLICAZIONE_CONTROLLATA,DUPLICAZIONE_CONTROLLATA,DEFINITIVA,"schema, sicurezza o accesso dati","PostgreSQL,Supabase",Fondazione tecnica neutrale,"Ricostruzione statica; statement multilinea nel file origine"
grant,"grant execute on function public.access_bootstrap_business_grant (uuid) to authenticated, service_role;",supabase/migrations/20260812130000_create_access_business_management_rpcs.sql,20260812130000_create_access_business_management_rpcs.sql:154,CONDIVISO,Entrambi con implementazioni autonome,DUPLICAZIONE_CONTROLLATA,DUPLICAZIONE_CONTROLLATA,DEFINITIVA,"schema, sicurezza o accesso dati","PostgreSQL,Supabase",Fondazione tecnica neutrale,"Ricostruzione statica; statement multilinea nel file origine"
funzione_sql,create function public.grant_business_management (p_membership_id uuid),supabase/migrations/20260812130000_create_access_business_management_rpcs.sql,20260812130000_create_access_business_management_rpcs.sql:159,CONDIVISO,Entrambi con implementazioni autonome,DUPLICAZIONE_CONTROLLATA,DUPLICAZIONE_CONTROLLATA,DEFINITIVA,"schema, sicurezza o accesso dati","PostgreSQL,Supabase",Fondazione tecnica neutrale,"Ricostruzione statica; statement multilinea nel file origine"
revoke,"revoke all on function public.grant_business_management (uuid) from public;",supabase/migrations/20260812130000_create_access_business_management_rpcs.sql,20260812130000_create_access_business_management_rpcs.sql:308,CONDIVISO,Entrambi con implementazioni autonome,DUPLICAZIONE_CONTROLLATA,DUPLICAZIONE_CONTROLLATA,DEFINITIVA,"schema, sicurezza o accesso dati","PostgreSQL,Supabase",Fondazione tecnica neutrale,"Ricostruzione statica; statement multilinea nel file origine"
grant,"grant execute on function public.grant_business_management (uuid) to authenticated, service_role;",supabase/migrations/20260812130000_create_access_business_management_rpcs.sql,20260812130000_create_access_business_management_rpcs.sql:309,CONDIVISO,Entrambi con implementazioni autonome,DUPLICAZIONE_CONTROLLATA,DUPLICAZIONE_CONTROLLATA,DEFINITIVA,"schema, sicurezza o accesso dati","PostgreSQL,Supabase",Fondazione tecnica neutrale,"Ricostruzione statica; statement multilinea nel file origine"
funzione_sql,create function public.revoke_business_management (p_authorization_id uuid),supabase/migrations/20260812130000_create_access_business_management_rpcs.sql,20260812130000_create_access_business_management_rpcs.sql:314,CONDIVISO,Entrambi con implementazioni autonome,DUPLICAZIONE_CONTROLLATA,DUPLICAZIONE_CONTROLLATA,DEFINITIVA,"schema, sicurezza o accesso dati","PostgreSQL,Supabase",Fondazione tecnica neutrale,"Ricostruzione statica; statement multilinea nel file origine"
revoke,"revoke all on function public.revoke_business_management (uuid) from public;",supabase/migrations/20260812130000_create_access_business_management_rpcs.sql,20260812130000_create_access_business_management_rpcs.sql:391,CONDIVISO,Entrambi con implementazioni autonome,DUPLICAZIONE_CONTROLLATA,DUPLICAZIONE_CONTROLLATA,DEFINITIVA,"schema, sicurezza o accesso dati","PostgreSQL,Supabase",Fondazione tecnica neutrale,"Ricostruzione statica; statement multilinea nel file origine"
grant,"grant execute on function public.revoke_business_management (uuid) to authenticated, service_role;",supabase/migrations/20260812130000_create_access_business_management_rpcs.sql,20260812130000_create_access_business_management_rpcs.sql:392,CONDIVISO,Entrambi con implementazioni autonome,DUPLICAZIONE_CONTROLLATA,DUPLICAZIONE_CONTROLLATA,DEFINITIVA,"schema, sicurezza o accesso dati","PostgreSQL,Supabase",Fondazione tecnica neutrale,"Ricostruzione statica; statement multilinea nel file origine"
grant,"grant select on table public.accounts to authenticated;",supabase/migrations/20260812140000_create_access_accounts_roles_rls.sql,20260812140000_create_access_accounts_roles_rls.sql:11,CONDIVISO,Entrambi con implementazioni autonome,DUPLICAZIONE_CONTROLLATA,DUPLICAZIONE_CONTROLLATA,DEFINITIVA,"schema, sicurezza o accesso dati","PostgreSQL,Supabase",Fondazione tecnica neutrale,"Ricostruzione statica; statement multilinea nel file origine"
policy_rls,create policy accounts_select_self,supabase/migrations/20260812140000_create_access_accounts_roles_rls.sql,20260812140000_create_access_accounts_roles_rls.sql:13,CONDIVISO,Entrambi con implementazioni autonome,DUPLICAZIONE_CONTROLLATA,DUPLICAZIONE_CONTROLLATA,DEFINITIVA,"schema, sicurezza o accesso dati","PostgreSQL,Supabase",Fondazione tecnica neutrale,"Ricostruzione statica; statement multilinea nel file origine"
policy_rls,create policy accounts_select_admin,supabase/migrations/20260812140000_create_access_accounts_roles_rls.sql,20260812140000_create_access_accounts_roles_rls.sql:19,CONDIVISO,Entrambi con implementazioni autonome,DUPLICAZIONE_CONTROLLATA,DUPLICAZIONE_CONTROLLATA,DEFINITIVA,"schema, sicurezza o accesso dati","PostgreSQL,Supabase",Fondazione tecnica neutrale,"Ricostruzione statica; statement multilinea nel file origine"
grant,"grant select on table public.account_role_assignments to authenticated;",supabase/migrations/20260812140000_create_access_accounts_roles_rls.sql,20260812140000_create_access_accounts_roles_rls.sql:28,CONDIVISO,Entrambi con implementazioni autonome,DUPLICAZIONE_CONTROLLATA,DUPLICAZIONE_CONTROLLATA,DEFINITIVA,"schema, sicurezza o accesso dati","PostgreSQL,Supabase",Fondazione tecnica neutrale,"Ricostruzione statica; statement multilinea nel file origine"
policy_rls,create policy account_role_assignments_select_self,supabase/migrations/20260812140000_create_access_accounts_roles_rls.sql,20260812140000_create_access_accounts_roles_rls.sql:30,CONDIVISO,Entrambi con implementazioni autonome,DUPLICAZIONE_CONTROLLATA,DUPLICAZIONE_CONTROLLATA,DEFINITIVA,"schema, sicurezza o accesso dati","PostgreSQL,Supabase",Fondazione tecnica neutrale,"Ricostruzione statica; statement multilinea nel file origine"
policy_rls,create policy account_role_assignments_select_admin,supabase/migrations/20260812140000_create_access_accounts_roles_rls.sql,20260812140000_create_access_accounts_roles_rls.sql:36,CONDIVISO,Entrambi con implementazioni autonome,DUPLICAZIONE_CONTROLLATA,DUPLICAZIONE_CONTROLLATA,DEFINITIVA,"schema, sicurezza o accesso dati","PostgreSQL,Supabase",Fondazione tecnica neutrale,"Ricostruzione statica; statement multilinea nel file origine"
policy_rls,create policy profiles_select_public,supabase/migrations/20260812150000_create_access_profiles_rls.sql,20260812150000_create_access_profiles_rls.sql:15,CONDIVISO,Entrambi con implementazioni autonome,DUPLICAZIONE_CONTROLLATA,DUPLICAZIONE_CONTROLLATA,DEFINITIVA,"schema, sicurezza o accesso dati","PostgreSQL,Supabase",Fondazione tecnica neutrale,"Ricostruzione statica; statement multilinea nel file origine"
policy_rls,create policy profiles_select_self,supabase/migrations/20260812150000_create_access_profiles_rls.sql,20260812150000_create_access_profiles_rls.sql:25,CONDIVISO,Entrambi con implementazioni autonome,DUPLICAZIONE_CONTROLLATA,DUPLICAZIONE_CONTROLLATA,DEFINITIVA,"schema, sicurezza o accesso dati","PostgreSQL,Supabase",Fondazione tecnica neutrale,"Ricostruzione statica; statement multilinea nel file origine"
policy_rls,create policy profiles_update_self,supabase/migrations/20260812150000_create_access_profiles_rls.sql,20260812150000_create_access_profiles_rls.sql:31,CONDIVISO,Entrambi con versioni indipendenti,ESTRARRE_O_DUPLICARE,PACKAGE_VERSIONATO,DEFINITIVA,"schema, sicurezza o accesso dati","PostgreSQL,Supabase",Catalogo o utilità tecnica neutrale,"Ricostruzione statica; statement multilinea nel file origine"
revoke,"revoke insert, delete on table public.profiles from authenticated;",supabase/migrations/20260812150000_create_access_profiles_rls.sql,20260812150000_create_access_profiles_rls.sql:44,CONDIVISO,Entrambi con implementazioni autonome,DUPLICAZIONE_CONTROLLATA,DUPLICAZIONE_CONTROLLATA,DEFINITIVA,"schema, sicurezza o accesso dati","PostgreSQL,Supabase",Fondazione tecnica neutrale,"Ricostruzione statica; statement multilinea nel file origine"
revoke,"revoke update on table public.profiles from authenticated;",supabase/migrations/20260812150000_create_access_profiles_rls.sql,20260812150000_create_access_profiles_rls.sql:45,CONDIVISO,Entrambi con versioni indipendenti,ESTRARRE_O_DUPLICARE,PACKAGE_VERSIONATO,DEFINITIVA,"schema, sicurezza o accesso dati","PostgreSQL,Supabase",Catalogo o utilità tecnica neutrale,"Ricostruzione statica; statement multilinea nel file origine"
grant,"grant select on table public.profiles to anon, authenticated;",supabase/migrations/20260812150000_create_access_profiles_rls.sql,20260812150000_create_access_profiles_rls.sql:46,CONDIVISO,Entrambi con implementazioni autonome,DUPLICAZIONE_CONTROLLATA,DUPLICAZIONE_CONTROLLATA,DEFINITIVA,"schema, sicurezza o accesso dati","PostgreSQL,Supabase",Fondazione tecnica neutrale,"Ricostruzione statica; statement multilinea nel file origine"
grant,grant update (,supabase/migrations/20260812150000_create_access_profiles_rls.sql,20260812150000_create_access_profiles_rls.sql:47,CONDIVISO,Entrambi con versioni indipendenti,ESTRARRE_O_DUPLICARE,PACKAGE_VERSIONATO,DEFINITIVA,"schema, sicurezza o accesso dati","PostgreSQL,Supabase",Catalogo o utilità tecnica neutrale,"Ricostruzione statica; statement multilinea nel file origine"
grant,"grant select on table public.profile_languages to anon, authenticated;",supabase/migrations/20260812150000_create_access_profiles_rls.sql,20260812150000_create_access_profiles_rls.sql:77,CONDIVISO,Entrambi con versioni indipendenti,ESTRARRE_O_DUPLICARE,PACKAGE_VERSIONATO,DEFINITIVA,"schema, sicurezza o accesso dati","PostgreSQL,Supabase",Catalogo o utilità tecnica neutrale,"Ricostruzione statica; statement multilinea nel file origine"
grant,"grant insert, update, delete on table public.profile_languages to authenticated;",supabase/migrations/20260812150000_create_access_profiles_rls.sql,20260812150000_create_access_profiles_rls.sql:78,CONDIVISO,Entrambi con versioni indipendenti,ESTRARRE_O_DUPLICARE,PACKAGE_VERSIONATO,DEFINITIVA,"schema, sicurezza o accesso dati","PostgreSQL,Supabase",Catalogo o utilità tecnica neutrale,"Ricostruzione statica; statement multilinea nel file origine"
policy_rls,create policy profile_languages_select_public,supabase/migrations/20260812150000_create_access_profiles_rls.sql,20260812150000_create_access_profiles_rls.sql:80,CONDIVISO,Entrambi con versioni indipendenti,ESTRARRE_O_DUPLICARE,PACKAGE_VERSIONATO,DEFINITIVA,"schema, sicurezza o accesso dati","PostgreSQL,Supabase",Catalogo o utilità tecnica neutrale,"Ricostruzione statica; statement multilinea nel file origine"
policy_rls,create policy profile_languages_select_self,supabase/migrations/20260812150000_create_access_profiles_rls.sql,20260812150000_create_access_profiles_rls.sql:95,CONDIVISO,Entrambi con versioni indipendenti,ESTRARRE_O_DUPLICARE,PACKAGE_VERSIONATO,DEFINITIVA,"schema, sicurezza o accesso dati","PostgreSQL,Supabase",Catalogo o utilità tecnica neutrale,"Ricostruzione statica; statement multilinea nel file origine"
policy_rls,create policy profile_languages_insert_self,supabase/migrations/20260812150000_create_access_profiles_rls.sql,20260812150000_create_access_profiles_rls.sql:101,CONDIVISO,Entrambi con versioni indipendenti,ESTRARRE_O_DUPLICARE,PACKAGE_VERSIONATO,DEFINITIVA,"schema, sicurezza o accesso dati","PostgreSQL,Supabase",Catalogo o utilità tecnica neutrale,"Ricostruzione statica; statement multilinea nel file origine"
policy_rls,create policy profile_languages_update_self,supabase/migrations/20260812150000_create_access_profiles_rls.sql,20260812150000_create_access_profiles_rls.sql:110,CONDIVISO,Entrambi con versioni indipendenti,ESTRARRE_O_DUPLICARE,PACKAGE_VERSIONATO,DEFINITIVA,"schema, sicurezza o accesso dati","PostgreSQL,Supabase",Catalogo o utilità tecnica neutrale,"Ricostruzione statica; statement multilinea nel file origine"
policy_rls,create policy profile_languages_delete_self,supabase/migrations/20260812150000_create_access_profiles_rls.sql,20260812150000_create_access_profiles_rls.sql:123,CONDIVISO,Entrambi con versioni indipendenti,ESTRARRE_O_DUPLICARE,PACKAGE_VERSIONATO,DEFINITIVA,"schema, sicurezza o accesso dati","PostgreSQL,Supabase",Catalogo o utilità tecnica neutrale,"Ricostruzione statica; statement multilinea nel file origine"
grant,"grant select on table public.profile_competencies to anon, authenticated;",supabase/migrations/20260812150000_create_access_profiles_rls.sql,20260812150000_create_access_profiles_rls.sql:139,CONDIVISO,Entrambi con implementazioni autonome,DUPLICAZIONE_CONTROLLATA,DUPLICAZIONE_CONTROLLATA,DEFINITIVA,"schema, sicurezza o accesso dati","PostgreSQL,Supabase",Fondazione tecnica neutrale,"Ricostruzione statica; statement multilinea nel file origine"
grant,"grant insert, update, delete on table public.profile_competencies to authenticated;",supabase/migrations/20260812150000_create_access_profiles_rls.sql,20260812150000_create_access_profiles_rls.sql:140,CONDIVISO,Entrambi con versioni indipendenti,ESTRARRE_O_DUPLICARE,PACKAGE_VERSIONATO,DEFINITIVA,"schema, sicurezza o accesso dati","PostgreSQL,Supabase",Catalogo o utilità tecnica neutrale,"Ricostruzione statica; statement multilinea nel file origine"
policy_rls,create policy profile_competencies_select_public,supabase/migrations/20260812150000_create_access_profiles_rls.sql,20260812150000_create_access_profiles_rls.sql:142,CONDIVISO,Entrambi con implementazioni autonome,DUPLICAZIONE_CONTROLLATA,DUPLICAZIONE_CONTROLLATA,DEFINITIVA,"schema, sicurezza o accesso dati","PostgreSQL,Supabase",Fondazione tecnica neutrale,"Ricostruzione statica; statement multilinea nel file origine"
policy_rls,create policy profile_competencies_select_self,supabase/migrations/20260812150000_create_access_profiles_rls.sql,20260812150000_create_access_profiles_rls.sql:157,CONDIVISO,Entrambi con implementazioni autonome,DUPLICAZIONE_CONTROLLATA,DUPLICAZIONE_CONTROLLATA,DEFINITIVA,"schema, sicurezza o accesso dati","PostgreSQL,Supabase",Fondazione tecnica neutrale,"Ricostruzione statica; statement multilinea nel file origine"
policy_rls,create policy profile_competencies_insert_self,supabase/migrations/20260812150000_create_access_profiles_rls.sql,20260812150000_create_access_profiles_rls.sql:163,CONDIVISO,Entrambi con implementazioni autonome,DUPLICAZIONE_CONTROLLATA,DUPLICAZIONE_CONTROLLATA,DEFINITIVA,"schema, sicurezza o accesso dati","PostgreSQL,Supabase",Fondazione tecnica neutrale,"Ricostruzione statica; statement multilinea nel file origine"
policy_rls,create policy profile_competencies_update_self,supabase/migrations/20260812150000_create_access_profiles_rls.sql,20260812150000_create_access_profiles_rls.sql:172,CONDIVISO,Entrambi con versioni indipendenti,ESTRARRE_O_DUPLICARE,PACKAGE_VERSIONATO,DEFINITIVA,"schema, sicurezza o accesso dati","PostgreSQL,Supabase",Catalogo o utilità tecnica neutrale,"Ricostruzione statica; statement multilinea nel file origine"
policy_rls,create policy profile_competencies_delete_self,supabase/migrations/20260812150000_create_access_profiles_rls.sql,20260812150000_create_access_profiles_rls.sql:185,CONDIVISO,Entrambi con implementazioni autonome,DUPLICAZIONE_CONTROLLATA,DUPLICAZIONE_CONTROLLATA,DEFINITIVA,"schema, sicurezza o accesso dati","PostgreSQL,Supabase",Fondazione tecnica neutrale,"Ricostruzione statica; statement multilinea nel file origine"
grant,"grant select on table public.personal_stories to anon, authenticated;",supabase/migrations/20260812150000_create_access_profiles_rls.sql,20260812150000_create_access_profiles_rls.sql:200,CONDIVISO,Entrambi con implementazioni autonome,DUPLICAZIONE_CONTROLLATA,DUPLICAZIONE_CONTROLLATA,DEFINITIVA,"schema, sicurezza o accesso dati","PostgreSQL,Supabase",Fondazione tecnica neutrale,"Ricostruzione statica; statement multilinea nel file origine"
grant,"grant insert, update, delete on table public.personal_stories to auth…25954 tokens truncated…ss_function_execute_privileges.sql:46:revoke all on function public.access_close_account (uuid) from public, anon, authenticate",supabase/migrations/20260812150000_create_access_profiles_rls.sql,20260812150000_create_access_profiles_rls.sql:201,CONDIVISO,Entrambi con versioni indipendenti,ESTRARRE_O_DUPLICARE,PACKAGE_VERSIONATO,DEFINITIVA,"schema, sicurezza o accesso dati","PostgreSQL,Supabase",Catalogo o utilità tecnica neutrale,"Ricostruzione statica; statement multilinea nel file origine"
grant,"grant execute on function public.access_close_account (uuid) to authenticated, service_role;",supabase/migrations/20260812300000_harden_access_function_execute_privileges.sql,20260812300000_harden_access_function_execute_privileges.sql:47,CONDIVISO,Entrambi con implementazioni autonome,DUPLICAZIONE_CONTROLLATA,DUPLICAZIONE_CONTROLLATA,DEFINITIVA,"schema, sicurezza o accesso dati","PostgreSQL,Supabase",Fondazione tecnica neutrale,"Ricostruzione statica; statement multilinea nel file origine"
revoke,"revoke all on function public.assign_application_role (uuid, text) from public, anon, authenticated, service_role;",supabase/migrations/20260812300000_harden_access_function_execute_privileges.sql,20260812300000_harden_access_function_execute_privileges.sql:49,CONDIVISO,Entrambi con implementazioni autonome,DUPLICAZIONE_CONTROLLATA,DUPLICAZIONE_CONTROLLATA,DEFINITIVA,"schema, sicurezza o accesso dati","PostgreSQL,Supabase",Fondazione tecnica neutrale,"Ricostruzione statica; statement multilinea nel file origine"
grant,"grant execute on function public.assign_application_role (uuid, text) to authenticated, service_role;",supabase/migrations/20260812300000_harden_access_function_execute_privileges.sql,20260812300000_harden_access_function_execute_privileges.sql:50,CONDIVISO,Entrambi con implementazioni autonome,DUPLICAZIONE_CONTROLLATA,DUPLICAZIONE_CONTROLLATA,DEFINITIVA,"schema, sicurezza o accesso dati","PostgreSQL,Supabase",Fondazione tecnica neutrale,"Ricostruzione statica; statement multilinea nel file origine"
revoke,"revoke all on function public.revoke_application_role (uuid) from public, anon, authenticated, service_role;",supabase/migrations/20260812300000_harden_access_function_execute_privileges.sql,20260812300000_harden_access_function_execute_privileges.sql:52,CONDIVISO,Entrambi con implementazioni autonome,DUPLICAZIONE_CONTROLLATA,DUPLICAZIONE_CONTROLLATA,DEFINITIVA,"schema, sicurezza o accesso dati","PostgreSQL,Supabase",Fondazione tecnica neutrale,"Ricostruzione statica; statement multilinea nel file origine"
grant,"grant execute on function public.revoke_application_role (uuid) to authenticated, service_role;",supabase/migrations/20260812300000_harden_access_function_execute_privileges.sql,20260812300000_harden_access_function_execute_privileges.sql:53,CONDIVISO,Entrambi con implementazioni autonome,DUPLICAZIONE_CONTROLLATA,DUPLICAZIONE_CONTROLLATA,DEFINITIVA,"schema, sicurezza o accesso dati","PostgreSQL,Supabase",Fondazione tecnica neutrale,"Ricostruzione statica; statement multilinea nel file origine"
revoke,"revoke all on function public.access_bootstrap_business_grant (uuid) from public, anon, authenticated, service_role;",supabase/migrations/20260812300000_harden_access_function_execute_privileges.sql,20260812300000_harden_access_function_execute_privileges.sql:58,CONDIVISO,Entrambi con implementazioni autonome,DUPLICAZIONE_CONTROLLATA,DUPLICAZIONE_CONTROLLATA,DEFINITIVA,"schema, sicurezza o accesso dati","PostgreSQL,Supabase",Fondazione tecnica neutrale,"Ricostruzione statica; statement multilinea nel file origine"
grant,"grant execute on function public.access_bootstrap_business_grant (uuid) to authenticated, service_role;",supabase/migrations/20260812300000_harden_access_function_execute_privileges.sql,20260812300000_harden_access_function_execute_privileges.sql:59,CONDIVISO,Entrambi con implementazioni autonome,DUPLICAZIONE_CONTROLLATA,DUPLICAZIONE_CONTROLLATA,DEFINITIVA,"schema, sicurezza o accesso dati","PostgreSQL,Supabase",Fondazione tecnica neutrale,"Ricostruzione statica; statement multilinea nel file origine"
revoke,"revoke all on function public.grant_business_management (uuid) from public, anon, authenticated, service_role;",supabase/migrations/20260812300000_harden_access_function_execute_privileges.sql,20260812300000_harden_access_function_execute_privileges.sql:61,CONDIVISO,Entrambi con implementazioni autonome,DUPLICAZIONE_CONTROLLATA,DUPLICAZIONE_CONTROLLATA,DEFINITIVA,"schema, sicurezza o accesso dati","PostgreSQL,Supabase",Fondazione tecnica neutrale,"Ricostruzione statica; statement multilinea nel file origine"
grant,"grant execute on function public.grant_business_management (uuid) to authenticated, service_role;",supabase/migrations/20260812300000_harden_access_function_execute_privileges.sql,20260812300000_harden_access_function_execute_privileges.sql:62,CONDIVISO,Entrambi con implementazioni autonome,DUPLICAZIONE_CONTROLLATA,DUPLICAZIONE_CONTROLLATA,DEFINITIVA,"schema, sicurezza o accesso dati","PostgreSQL,Supabase",Fondazione tecnica neutrale,"Ricostruzione statica; statement multilinea nel file origine"
revoke,"revoke all on function public.revoke_business_management (uuid) from public, anon, authenticated, service_role;",supabase/migrations/20260812300000_harden_access_function_execute_privileges.sql,20260812300000_harden_access_function_execute_privileges.sql:64,CONDIVISO,Entrambi con implementazioni autonome,DUPLICAZIONE_CONTROLLATA,DUPLICAZIONE_CONTROLLATA,DEFINITIVA,"schema, sicurezza o accesso dati","PostgreSQL,Supabase",Fondazione tecnica neutrale,"Ricostruzione statica; statement multilinea nel file origine"
grant,"grant execute on function public.revoke_business_management (uuid) to authenticated, service_role;",supabase/migrations/20260812300000_harden_access_function_execute_privileges.sql,20260812300000_harden_access_function_execute_privileges.sql:65,CONDIVISO,Entrambi con implementazioni autonome,DUPLICAZIONE_CONTROLLATA,DUPLICAZIONE_CONTROLLATA,DEFINITIVA,"schema, sicurezza o accesso dati","PostgreSQL,Supabase",Fondazione tecnica neutrale,"Ricostruzione statica; statement multilinea nel file origine"
revoke,"revoke all on function public.access_reject_owner_cols_mutation () from public, anon, authenticated, service_role;",supabase/migrations/20260812300000_harden_access_function_execute_privileges.sql,20260812300000_harden_access_function_execute_privileges.sql:70,CONDIVISO,Entrambi con implementazioni autonome,DUPLICAZIONE_CONTROLLATA,DUPLICAZIONE_CONTROLLATA,DEFINITIVA,"schema, sicurezza o accesso dati","PostgreSQL,Supabase",Fondazione tecnica neutrale,"Ricostruzione statica; statement multilinea nel file origine"
vincolo_o_alterazione,alter table public.professional_categories,supabase/migrations/20260813110000_extend_professional_cultural_creative_categories.sql,20260813110000_extend_professional_cultural_creative_categories.sql:11,CENTRO_STUDI,Immigrati Imprenditori - Centro Studi sull'Imprenditoria Migrante,MIGRARE_NELL_CENTRO_STUDI,,DEFINITIVA,"schema, sicurezza o accesso dati","PostgreSQL,Supabase",Finalità culturale/editoriale,"Ricostruzione statica; statement multilinea nel file origine"
vincolo_o_alterazione,alter table public.professional_categories,supabase/migrations/20260813110000_extend_professional_cultural_creative_categories.sql,20260813110000_extend_professional_cultural_creative_categories.sql:14,CENTRO_STUDI,Immigrati Imprenditori - Centro Studi sull'Imprenditoria Migrante,MIGRARE_NELL_CENTRO_STUDI,,DEFINITIVA,"schema, sicurezza o accesso dati","PostgreSQL,Supabase",Finalità culturale/editoriale,"Ricostruzione statica; statement multilinea nel file origine"
tabella,create table public.opportunity_activity_scopes (,supabase/migrations/20260813140000_create_opportunity_activity_scopes.sql,20260813140000_create_opportunity_activity_scopes.sql:18,CONDIVISO,Entrambi con implementazioni autonome,DUPLICAZIONE_CONTROLLATA,DUPLICAZIONE_CONTROLLATA,DEFINITIVA,"schema, sicurezza o accesso dati","PostgreSQL,Supabase",Fondazione tecnica neutrale,"Ricostruzione statica; statement multilinea nel file origine"
indice,create index opportunity_activity_scopes_is_active_idx,supabase/migrations/20260813140000_create_opportunity_activity_scopes.sql,20260813140000_create_opportunity_activity_scopes.sql:62,CONDIVISO,Entrambi con implementazioni autonome,DUPLICAZIONE_CONTROLLATA,DUPLICAZIONE_CONTROLLATA,DEFINITIVA,"schema, sicurezza o accesso dati","PostgreSQL,Supabase",Fondazione tecnica neutrale,"Ricostruzione statica; statement multilinea nel file origine"
indice,create index opportunity_activity_scopes_sort_order_idx,supabase/migrations/20260813140000_create_opportunity_activity_scopes.sql,20260813140000_create_opportunity_activity_scopes.sql:65,CONDIVISO,Entrambi con implementazioni autonome,DUPLICAZIONE_CONTROLLATA,DUPLICAZIONE_CONTROLLATA,DEFINITIVA,"schema, sicurezza o accesso dati","PostgreSQL,Supabase",Fondazione tecnica neutrale,"Ricostruzione statica; statement multilinea nel file origine"
rls_enablement,"alter table public.opportunity_activity_scopes enable row level security;",supabase/migrations/20260813140000_create_opportunity_activity_scopes.sql,20260813140000_create_opportunity_activity_scopes.sql:68,CONDIVISO,Entrambi con implementazioni autonome,DUPLICAZIONE_CONTROLLATA,DUPLICAZIONE_CONTROLLATA,DEFINITIVA,"schema, sicurezza o accesso dati","PostgreSQL,Supabase",Fondazione tecnica neutrale,"Ricostruzione statica; statement multilinea nel file origine"
revoke,"revoke all on table public.opportunity_activity_scopes from public;",supabase/migrations/20260813140000_create_opportunity_activity_scopes.sql,20260813140000_create_opportunity_activity_scopes.sql:70,CONDIVISO,Entrambi con implementazioni autonome,DUPLICAZIONE_CONTROLLATA,DUPLICAZIONE_CONTROLLATA,DEFINITIVA,"schema, sicurezza o accesso dati","PostgreSQL,Supabase",Fondazione tecnica neutrale,"Ricostruzione statica; statement multilinea nel file origine"
revoke,"revoke all on table public.opportunity_activity_scopes from anon, authenticated;",supabase/migrations/20260813140000_create_opportunity_activity_scopes.sql,20260813140000_create_opportunity_activity_scopes.sql:71,CONDIVISO,Entrambi con implementazioni autonome,DUPLICAZIONE_CONTROLLATA,DUPLICAZIONE_CONTROLLATA,DEFINITIVA,"schema, sicurezza o accesso dati","PostgreSQL,Supabase",Fondazione tecnica neutrale,"Ricostruzione statica; statement multilinea nel file origine"
grant,"grant select on table public.opportunity_activity_scopes to anon, authenticated;",supabase/migrations/20260813140000_create_opportunity_activity_scopes.sql,20260813140000_create_opportunity_activity_scopes.sql:73,CONDIVISO,Entrambi con implementazioni autonome,DUPLICAZIONE_CONTROLLATA,DUPLICAZIONE_CONTROLLATA,DEFINITIVA,"schema, sicurezza o accesso dati","PostgreSQL,Supabase",Fondazione tecnica neutrale,"Ricostruzione statica; statement multilinea nel file origine"
policy_rls,create policy opportunity_activity_scopes_select_public,supabase/migrations/20260813140000_create_opportunity_activity_scopes.sql,20260813140000_create_opportunity_activity_scopes.sql:75,CONDIVISO,Entrambi con implementazioni autonome,DUPLICAZIONE_CONTROLLATA,DUPLICAZIONE_CONTROLLATA,DEFINITIVA,"schema, sicurezza o accesso dati","PostgreSQL,Supabase",Fondazione tecnica neutrale,"Ricostruzione statica; statement multilinea nel file origine"
funzione_sql,create or replace function public.set_opportunity_activity_scopes_updated_at (),supabase/migrations/20260813140000_create_opportunity_activity_scopes.sql,20260813140000_create_opportunity_activity_scopes.sql:79,CONDIVISO,Entrambi con versioni indipendenti,ESTRARRE_O_DUPLICARE,PACKAGE_VERSIONATO,DEFINITIVA,"schema, sicurezza o accesso dati","PostgreSQL,Supabase",Catalogo o utilità tecnica neutrale,"Ricostruzione statica; statement multilinea nel file origine"
trigger,create trigger opportunity_activity_scopes_set_updated_at,supabase/migrations/20260813140000_create_opportunity_activity_scopes.sql,20260813140000_create_opportunity_activity_scopes.sql:94,CONDIVISO,Entrambi con versioni indipendenti,ESTRARRE_O_DUPLICARE,PACKAGE_VERSIONATO,DEFINITIVA,"schema, sicurezza o accesso dati","PostgreSQL,Supabase",Catalogo o utilità tecnica neutrale,"Ricostruzione statica; statement multilinea nel file origine"
tabella,create table public.opportunity_activity_scope_assignments (,supabase/migrations/20260813140000_create_opportunity_activity_scopes.sql,20260813140000_create_opportunity_activity_scopes.sql:134,CONDIVISO,Entrambi con implementazioni autonome,DUPLICAZIONE_CONTROLLATA,DUPLICAZIONE_CONTROLLATA,DEFINITIVA,"schema, sicurezza o accesso dati","PostgreSQL,Supabase",Fondazione tecnica neutrale,"Ricostruzione statica; statement multilinea nel file origine"
indice,create index opportunity_activity_scope_assignments_scope_idx,supabase/migrations/20260813140000_create_opportunity_activity_scopes.sql,20260813140000_create_opportunity_activity_scopes.sql:155,CONDIVISO,Entrambi con implementazioni autonome,DUPLICAZIONE_CONTROLLATA,DUPLICAZIONE_CONTROLLATA,DEFINITIVA,"schema, sicurezza o accesso dati","PostgreSQL,Supabase",Fondazione tecnica neutrale,"Ricostruzione statica; statement multilinea nel file origine"
rls_enablement,"alter table public.opportunity_activity_scope_assignments enable row level security;",supabase/migrations/20260813140000_create_opportunity_activity_scopes.sql,20260813140000_create_opportunity_activity_scopes.sql:158,CONDIVISO,Entrambi con implementazioni autonome,DUPLICAZIONE_CONTROLLATA,DUPLICAZIONE_CONTROLLATA,DEFINITIVA,"schema, sicurezza o accesso dati","PostgreSQL,Supabase",Fondazione tecnica neutrale,"Ricostruzione statica; statement multilinea nel file origine"
revoke,"revoke all on table public.opportunity_activity_scope_assignments from public;",supabase/migrations/20260813140000_create_opportunity_activity_scopes.sql,20260813140000_create_opportunity_activity_scopes.sql:160,CONDIVISO,Entrambi con implementazioni autonome,DUPLICAZIONE_CONTROLLATA,DUPLICAZIONE_CONTROLLATA,DEFINITIVA,"schema, sicurezza o accesso dati","PostgreSQL,Supabase",Fondazione tecnica neutrale,"Ricostruzione statica; statement multilinea nel file origine"
revoke,"revoke all on table public.opportunity_activity_scope_assignments from anon, authenticated;",supabase/migrations/20260813140000_create_opportunity_activity_scopes.sql,20260813140000_create_opportunity_activity_scopes.sql:161,CONDIVISO,Entrambi con implementazioni autonome,DUPLICAZIONE_CONTROLLATA,DUPLICAZIONE_CONTROLLATA,DEFINITIVA,"schema, sicurezza o accesso dati","PostgreSQL,Supabase",Fondazione tecnica neutrale,"Ricostruzione statica; statement multilinea nel file origine"
grant,"grant select on table public.opportunity_activity_scope_assignments to anon, authenticated;",supabase/migrations/20260813140000_create_opportunity_activity_scopes.sql,20260813140000_create_opportunity_activity_scopes.sql:163,CONDIVISO,Entrambi con implementazioni autonome,DUPLICAZIONE_CONTROLLATA,DUPLICAZIONE_CONTROLLATA,DEFINITIVA,"schema, sicurezza o accesso dati","PostgreSQL,Supabase",Fondazione tecnica neutrale,"Ricostruzione statica; statement multilinea nel file origine"
grant,"grant insert, update on table public.opportunity_activity_scope_assignments to authenticated;",supabase/migrations/20260813140000_create_opportunity_activity_scopes.sql,20260813140000_create_opportunity_activity_scopes.sql:164,CONDIVISO,Entrambi con versioni indipendenti,ESTRARRE_O_DUPLICARE,PACKAGE_VERSIONATO,DEFINITIVA,"schema, sicurezza o accesso dati","PostgreSQL,Supabase",Catalogo o utilità tecnica neutrale,"Ricostruzione statica; statement multilinea nel file origine"
policy_rls,create policy opportunity_activity_scope_assignments_select_public,supabase/migrations/20260813140000_create_opportunity_activity_scopes.sql,20260813140000_create_opportunity_activity_scopes.sql:167,CONDIVISO,Entrambi con implementazioni autonome,DUPLICAZIONE_CONTROLLATA,DUPLICAZIONE_CONTROLLATA,DEFINITIVA,"schema, sicurezza o accesso dati","PostgreSQL,Supabase",Fondazione tecnica neutrale,"Ricostruzione statica; statement multilinea nel file origine"
policy_rls,create policy opportunity_activity_scope_assignments_select_party,supabase/migrations/20260813140000_create_opportunity_activity_scopes.sql,20260813140000_create_opportunity_activity_scopes.sql:179,CONDIVISO,Entrambi con implementazioni autonome,DUPLICAZIONE_CONTROLLATA,DUPLICAZIONE_CONTROLLATA,DEFINITIVA,"schema, sicurezza o accesso dati","PostgreSQL,Supabase",Fondazione tecnica neutrale,"Ricostruzione statica; statement multilinea nel file origine"
policy_rls,create policy opportunity_activity_scope_assignments_insert_party,supabase/migrations/20260813140000_create_opportunity_activity_scopes.sql,20260813140000_create_opportunity_activity_scopes.sql:203,CONDIVISO,Entrambi con implementazioni autonome,DUPLICAZIONE_CONTROLLATA,DUPLICAZIONE_CONTROLLATA,DEFINITIVA,"schema, sicurezza o accesso dati","PostgreSQL,Supabase",Fondazione tecnica neutrale,"Ricostruzione statica; statement multilinea nel file origine"
policy_rls,create policy opportunity_activity_scope_assignments_update_party,supabase/migrations/20260813140000_create_opportunity_activity_scopes.sql,20260813140000_create_opportunity_activity_scopes.sql:217,CONDIVISO,Entrambi con versioni indipendenti,ESTRARRE_O_DUPLICARE,PACKAGE_VERSIONATO,DEFINITIVA,"schema, sicurezza o accesso dati","PostgreSQL,Supabase",Catalogo o utilità tecnica neutrale,"Ricostruzione statica; statement multilinea nel file origine"
tabella,create table public.collaboration_activity_scopes (,supabase/migrations/20260813150000_add_collaboration_activity_scope.sql,20260813150000_add_collaboration_activity_scope.sql:19,CONDIVISO,Entrambi con implementazioni autonome,DUPLICAZIONE_CONTROLLATA,DUPLICAZIONE_CONTROLLATA,DEFINITIVA,"schema, sicurezza o accesso dati","PostgreSQL,Supabase",Fondazione tecnica neutrale,"Ricostruzione statica; statement multilinea nel file origine"
indice,create index collaboration_activity_scopes_is_active_idx,supabase/migrations/20260813150000_add_collaboration_activity_scope.sql,20260813150000_add_collaboration_activity_scope.sql:63,CONDIVISO,Entrambi con implementazioni autonome,DUPLICAZIONE_CONTROLLATA,DUPLICAZIONE_CONTROLLATA,DEFINITIVA,"schema, sicurezza o accesso dati","PostgreSQL,Supabase",Fondazione tecnica neutrale,"Ricostruzione statica; statement multilinea nel file origine"
indice,create index collaboration_activity_scopes_sort_order_idx,supabase/migrations/20260813150000_add_collaboration_activity_scope.sql,20260813150000_add_collaboration_activity_scope.sql:66,CONDIVISO,Entrambi con implementazioni autonome,DUPLICAZIONE_CONTROLLATA,DUPLICAZIONE_CONTROLLATA,DEFINITIVA,"schema, sicurezza o accesso dati","PostgreSQL,Supabase",Fondazione tecnica neutrale,"Ricostruzione statica; statement multilinea nel file origine"
rls_enablement,"alter table public.collaboration_activity_scopes enable row level security;",supabase/migrations/20260813150000_add_collaboration_activity_scope.sql,20260813150000_add_collaboration_activity_scope.sql:69,CONDIVISO,Entrambi con implementazioni autonome,DUPLICAZIONE_CONTROLLATA,DUPLICAZIONE_CONTROLLATA,DEFINITIVA,"schema, sicurezza o accesso dati","PostgreSQL,Supabase",Fondazione tecnica neutrale,"Ricostruzione statica; statement multilinea nel file origine"
revoke,"revoke all on table public.collaboration_activity_scopes from public;",supabase/migrations/20260813150000_add_collaboration_activity_scope.sql,20260813150000_add_collaboration_activity_scope.sql:71,CONDIVISO,Entrambi con implementazioni autonome,DUPLICAZIONE_CONTROLLATA,DUPLICAZIONE_CONTROLLATA,DEFINITIVA,"schema, sicurezza o accesso dati","PostgreSQL,Supabase",Fondazione tecnica neutrale,"Ricostruzione statica; statement multilinea nel file origine"
revoke,"revoke all on table public.collaboration_activity_scopes from anon, authenticated;",supabase/migrations/20260813150000_add_collaboration_activity_scope.sql,20260813150000_add_collaboration_activity_scope.sql:72,CONDIVISO,Entrambi con implementazioni autonome,DUPLICAZIONE_CONTROLLATA,DUPLICAZIONE_CONTROLLATA,DEFINITIVA,"schema, sicurezza o accesso dati","PostgreSQL,Supabase",Fondazione tecnica neutrale,"Ricostruzione statica; statement multilinea nel file origine"
grant,"grant select on table public.collaboration_activity_scopes to anon, authenticated;",supabase/migrations/20260813150000_add_collaboration_activity_scope.sql,20260813150000_add_collaboration_activity_scope.sql:74,CONDIVISO,Entrambi con implementazioni autonome,DUPLICAZIONE_CONTROLLATA,DUPLICAZIONE_CONTROLLATA,DEFINITIVA,"schema, sicurezza o accesso dati","PostgreSQL,Supabase",Fondazione tecnica neutrale,"Ricostruzione statica; statement multilinea nel file origine"
policy_rls,create policy collaboration_activity_scopes_select_public,supabase/migrations/20260813150000_add_collaboration_activity_scope.sql,20260813150000_add_collaboration_activity_scope.sql:76,CONDIVISO,Entrambi con implementazioni autonome,DUPLICAZIONE_CONTROLLATA,DUPLICAZIONE_CONTROLLATA,DEFINITIVA,"schema, sicurezza o accesso dati","PostgreSQL,Supabase",Fondazione tecnica neutrale,"Ricostruzione statica; statement multilinea nel file origine"
funzione_sql,create or replace function public.set_collaboration_activity_scopes_updated_at (),supabase/migrations/20260813150000_add_collaboration_activity_scope.sql,20260813150000_add_collaboration_activity_scope.sql:80,CONDIVISO,Entrambi con versioni indipendenti,ESTRARRE_O_DUPLICARE,PACKAGE_VERSIONATO,DEFINITIVA,"schema, sicurezza o accesso dati","PostgreSQL,Supabase",Catalogo o utilità tecnica neutrale,"Ricostruzione statica; statement multilinea nel file origine"
trigger,create trigger collaboration_activity_scopes_set_updated_at,supabase/migrations/20260813150000_add_collaboration_activity_scope.sql,20260813150000_add_collaboration_activity_scope.sql:95,CONDIVISO,Entrambi con versioni indipendenti,ESTRARRE_O_DUPLICARE,PACKAGE_VERSIONATO,DEFINITIVA,"schema, sicurezza o accesso dati","PostgreSQL,Supabase",Catalogo o utilità tecnica neutrale,"Ricostruzione statica; statement multilinea nel file origine"
vincolo_o_alterazione,alter table public.collaborations,supabase/migrations/20260813150000_add_collaboration_activity_scope.sql,20260813150000_add_collaboration_activity_scope.sql:134,CONDIVISO,Entrambi con implementazioni autonome,DUPLICAZIONE_CONTROLLATA,DUPLICAZIONE_CONTROLLATA,DEFINITIVA,"schema, sicurezza o accesso dati","PostgreSQL,Supabase",Fondazione tecnica neutrale,"Ricostruzione statica; statement multilinea nel file origine"
vincolo_o_alterazione,alter table public.collaborations,supabase/migrations/20260813150000_add_collaboration_activity_scope.sql,20260813150000_add_collaboration_activity_scope.sql:137,CONDIVISO,Entrambi con implementazioni autonome,DUPLICAZIONE_CONTROLLATA,DUPLICAZIONE_CONTROLLATA,DEFINITIVA,"schema, sicurezza o accesso dati","PostgreSQL,Supabase",Fondazione tecnica neutrale,"Ricostruzione statica; statement multilinea nel file origine"
indice,create index collaborations_activity_scope_code_idx,supabase/migrations/20260813150000_add_collaboration_activity_scope.sql,20260813150000_add_collaboration_activity_scope.sql:147,CONDIVISO,Entrambi con implementazioni autonome,DUPLICAZIONE_CONTROLLATA,DUPLICAZIONE_CONTROLLATA,DEFINITIVA,"schema, sicurezza o accesso dati","PostgreSQL,Supabase",Fondazione tecnica neutrale,"Ricostruzione statica; statement multilinea nel file origine"
tabella,create table public.person_contact_channels (,supabase/migrations/20260814100000_create_person_contact_channels.sql,20260814100000_create_person_contact_channels.sql:10,PONTE_IMPRESE,PonteImprese,MIGRARE_E_RIVALUTARE,,DEFINITIVA,"schema, sicurezza o accesso dati","PostgreSQL,Supabase",Responsabilità legale legata ai dati operativi attuali,"Ricostruzione statica; statement multilinea nel file origine"
funzione_sql,create function public.person_contact_channels_set_updated_at (),supabase/migrations/20260814100000_create_person_contact_channels.sql,20260814100000_create_person_contact_channels.sql:39,CONDIVISO,Entrambi con versioni indipendenti,ESTRARRE_O_DUPLICARE,PACKAGE_VERSIONATO,DEFINITIVA,"schema, sicurezza o accesso dati","PostgreSQL,Supabase",Catalogo o utilità tecnica neutrale,"Ricostruzione statica; statement multilinea nel file origine"
trigger,create trigger person_contact_channels_set_updated_at,supabase/migrations/20260814100000_create_person_contact_channels.sql,20260814100000_create_person_contact_channels.sql:49,CONDIVISO,Entrambi con versioni indipendenti,ESTRARRE_O_DUPLICARE,PACKAGE_VERSIONATO,DEFINITIVA,"schema, sicurezza o accesso dati","PostgreSQL,Supabase",Catalogo o utilità tecnica neutrale,"Ricostruzione statica; statement multilinea nel file origine"
revoke,"revoke select (phone) on table public.profiles from anon, authenticated;",supabase/migrations/20260814100000_create_person_contact_channels.sql,20260814100000_create_person_contact_channels.sql:80,PONTE_IMPRESE,PonteImprese,MIGRARE_E_RIVALUTARE,,DEFINITIVA,"schema, sicurezza o accesso dati","PostgreSQL,Supabase",Responsabilità legale legata ai dati operativi attuali,"Ricostruzione statica; statement multilinea nel file origine"
revoke,"revoke update on table public.profiles from authenticated;",supabase/migrations/20260814100000_create_person_contact_channels.sql,20260814100000_create_person_contact_channels.sql:83,CONDIVISO,Entrambi con versioni indipendenti,ESTRARRE_O_DUPLICARE,PACKAGE_VERSIONATO,DEFINITIVA,"schema, sicurezza o accesso dati","PostgreSQL,Supabase",Catalogo o utilità tecnica neutrale,"Ricostruzione statica; statement multilinea nel file origine"
grant,grant update (,supabase/migrations/20260814100000_create_person_contact_channels.sql,20260814100000_create_person_contact_channels.sql:84,CONDIVISO,Entrambi con versioni indipendenti,ESTRARRE_O_DUPLICARE,PACKAGE_VERSIONATO,DEFINITIVA,"schema, sicurezza o accesso dati","PostgreSQL,Supabase",Catalogo o utilità tecnica neutrale,"Ricostruzione statica; statement multilinea nel file origine"
rls_enablement,"alter table public.person_contact_channels enable row level security;",supabase/migrations/20260814100000_create_person_contact_channels.sql,20260814100000_create_person_contact_channels.sql:103,PONTE_IMPRESE,PonteImprese,MIGRARE_E_RIVALUTARE,,DEFINITIVA,"schema, sicurezza o accesso dati","PostgreSQL,Supabase",Responsabilità legale legata ai dati operativi attuali,"Ricostruzione statica; statement multilinea nel file origine"
revoke,"revoke all on table public.person_contact_channels from public, anon, authenticated;",supabase/migrations/20260814100000_create_person_contact_channels.sql,20260814100000_create_person_contact_channels.sql:105,PONTE_IMPRESE,PonteImprese,MIGRARE_E_RIVALUTARE,,DEFINITIVA,"schema, sicurezza o accesso dati","PostgreSQL,Supabase",Responsabilità legale legata ai dati operativi attuali,"Ricostruzione statica; statement multilinea nel file origine"
grant,"grant select, insert, update, delete on table public.person_contact_channels to authenticated;",supabase/migrations/20260814100000_create_person_contact_channels.sql,20260814100000_create_person_contact_channels.sql:106,CONDIVISO,Entrambi con versioni indipendenti,ESTRARRE_O_DUPLICARE,PACKAGE_VERSIONATO,DEFINITIVA,"schema, sicurezza o accesso dati","PostgreSQL,Supabase",Catalogo o utilità tecnica neutrale,"Ricostruzione statica; statement multilinea nel file origine"
policy_rls,create policy person_contact_channels_select_self,supabase/migrations/20260814100000_create_person_contact_channels.sql,20260814100000_create_person_contact_channels.sql:108,PONTE_IMPRESE,PonteImprese,MIGRARE_E_RIVALUTARE,,DEFINITIVA,"schema, sicurezza o accesso dati","PostgreSQL,Supabase",Responsabilità legale legata ai dati operativi attuali,"Ricostruzione statica; statement multilinea nel file origine"
policy_rls,create policy person_contact_channels_insert_self,supabase/migrations/20260814100000_create_person_contact_channels.sql,20260814100000_create_person_contact_channels.sql:117,PONTE_IMPRESE,PonteImprese,MIGRARE_E_RIVALUTARE,,DEFINITIVA,"schema, sicurezza o accesso dati","PostgreSQL,Supabase",Responsabilità legale legata ai dati operativi attuali,"Ricostruzione statica; statement multilinea nel file origine"
policy_rls,create policy person_contact_channels_update_self,supabase/migrations/20260814100000_create_person_contact_channels.sql,20260814100000_create_person_contact_channels.sql:126,CONDIVISO,Entrambi con versioni indipendenti,ESTRARRE_O_DUPLICARE,PACKAGE_VERSIONATO,DEFINITIVA,"schema, sicurezza o accesso dati","PostgreSQL,Supabase",Catalogo o utilità tecnica neutrale,"Ricostruzione statica; statement multilinea nel file origine"
policy_rls,create policy person_contact_channels_delete_self,supabase/migrations/20260814100000_create_person_contact_channels.sql,20260814100000_create_person_contact_channels.sql:139,PONTE_IMPRESE,PonteImprese,MIGRARE_E_RIVALUTARE,,DEFINITIVA,"schema, sicurezza o accesso dati","PostgreSQL,Supabase",Responsabilità legale legata ai dati operativi attuali,"Ricostruzione statica; statement multilinea nel file origine"
funzione_sql,create function public.person_contact_network_get (p_person_id uuid),supabase/migrations/20260814100000_create_person_contact_channels.sql,20260814100000_create_person_contact_channels.sql:151,PONTE_IMPRESE,PonteImprese,MIGRARE_E_RIVALUTARE,,DEFINITIVA,"schema, sicurezza o accesso dati","PostgreSQL,Supabase",Responsabilità legale legata ai dati operativi attuali,"Ricostruzione statica; statement multilinea nel file origine"
revoke,revoke all on function public.person_contact_network_get (uuid),supabase/migrations/20260814100000_create_person_contact_channels.sql,20260814100000_create_person_contact_channels.sql:197,PONTE_IMPRESE,PonteImprese,MIGRARE_E_RIVALUTARE,,DEFINITIVA,"schema, sicurezza o accesso dati","PostgreSQL,Supabase",Responsabilità legale legata ai dati operativi attuali,"Ricostruzione statica; statement multilinea nel file origine"
grant,"grant execute on function public.person_contact_network_get (uuid) to authenticated;",supabase/migrations/20260814100000_create_person_contact_channels.sql,20260814100000_create_person_contact_channels.sql:199,PONTE_IMPRESE,PonteImprese,MIGRARE_E_RIVALUTARE,,DEFINITIVA,"schema, sicurezza o accesso dati","PostgreSQL,Supabase",Responsabilità legale legata ai dati operativi attuali,"Ricostruzione statica; statement multilinea nel file origine"
funzione_sql,create function public.person_has_shared_network_contact (p_person_id uuid),supabase/migrations/20260814100000_create_person_contact_channels.sql,20260814100000_create_person_contact_channels.sql:202,PONTE_IMPRESE,PonteImprese,MIGRARE_E_RIVALUTARE,,DEFINITIVA,"schema, sicurezza o accesso dati","PostgreSQL,Supabase",Responsabilità legale legata ai dati operativi attuali,"Ricostruzione statica; statement multilinea nel file origine"
revoke,revoke all on function public.person_has_shared_network_contact (uuid),supabase/migrations/20260814100000_create_person_contact_channels.sql,20260814100000_create_person_contact_channels.sql:231,PONTE_IMPRESE,PonteImprese,MIGRARE_E_RIVALUTARE,,DEFINITIVA,"schema, sicurezza o accesso dati","PostgreSQL,Supabase",Responsabilità legale legata ai dati operativi attuali,"Ricostruzione statica; statement multilinea nel file origine"
grant,grant execute on function public.person_has_shared_network_contact (uuid),supabase/migrations/20260814100000_create_person_contact_channels.sql,20260814100000_create_person_contact_channels.sql:233,PONTE_IMPRESE,PonteImprese,MIGRARE_E_RIVALUTARE,,DEFINITIVA,"schema, sicurezza o accesso dati","PostgreSQL,Supabase",Responsabilità legale legata ai dati operativi attuali,"Ricostruzione statica; statement multilinea nel file origine"
vincolo_o_alterazione,alter table public.profiles,supabase/migrations/20260814110000_harden_legacy_profiles_phone.sql,20260814110000_harden_legacy_profiles_phone.sql:6,CONDIVISO,Entrambi con implementazioni autonome,DUPLICAZIONE_CONTROLLATA,DUPLICAZIONE_CONTROLLATA,DEFINITIVA,"schema, sicurezza o accesso dati","PostgreSQL,Supabase",Fondazione tecnica neutrale,"Ricostruzione statica; statement multilinea nel file origine"
vincolo_o_alterazione,alter table public.profiles,supabase/migrations/20260814110000_harden_legacy_profiles_phone.sql,20260814110000_harden_legacy_profiles_phone.sql:9,CONDIVISO,Entrambi con implementazioni autonome,DUPLICAZIONE_CONTROLLATA,DUPLICAZIONE_CONTROLLATA,DEFINITIVA,"schema, sicurezza o accesso dati","PostgreSQL,Supabase",Fondazione tecnica neutrale,"Ricostruzione statica; statement multilinea nel file origine"
tabella,create table public.terms_acceptances (,supabase/migrations/20260815100000_create_terms_acceptances.sql,20260815100000_create_terms_acceptances.sql:13,PONTE_IMPRESE,PonteImprese,MIGRARE_E_RIVALUTARE,,DEFINITIVA,"schema, sicurezza o accesso dati","PostgreSQL,Supabase",Responsabilità legale legata ai dati operativi attuali,"Ricostruzione statica; statement multilinea nel file origine"
indice,create index terms_acceptances_account_id_idx,supabase/migrations/20260815100000_create_terms_acceptances.sql,20260815100000_create_terms_acceptances.sql:60,PONTE_IMPRESE,PonteImprese,MIGRARE_E_RIVALUTARE,,DEFINITIVA,"schema, sicurezza o accesso dati","PostgreSQL,Supabase",Responsabilità legale legata ai dati operativi attuali,"Ricostruzione statica; statement multilinea nel file origine"
rls_enablement,"alter table public.terms_acceptances enable row level security;",supabase/migrations/20260815100000_create_terms_acceptances.sql,20260815100000_create_terms_acceptances.sql:66,PONTE_IMPRESE,PonteImprese,MIGRARE_E_RIVALUTARE,,DEFINITIVA,"schema, sicurezza o accesso dati","PostgreSQL,Supabase",Responsabilità legale legata ai dati operativi attuali,"Ricostruzione statica; statement multilinea nel file origine"
revoke,"revoke all on table public.terms_acceptances from public, anon, authenticated;",supabase/migrations/20260815100000_create_terms_acceptances.sql,20260815100000_create_terms_acceptances.sql:68,PONTE_IMPRESE,PonteImprese,MIGRARE_E_RIVALUTARE,,DEFINITIVA,"schema, sicurezza o accesso dati","PostgreSQL,Supabase",Responsabilità legale legata ai dati operativi attuali,"Ricostruzione statica; statement multilinea nel file origine"
grant,"grant select on table public.terms_acceptances to authenticated;",supabase/migrations/20260815100000_create_terms_acceptances.sql,20260815100000_create_terms_acceptances.sql:71,PONTE_IMPRESE,PonteImprese,MIGRARE_E_RIVALUTARE,,DEFINITIVA,"schema, sicurezza o accesso dati","PostgreSQL,Supabase",Responsabilità legale legata ai dati operativi attuali,"Ricostruzione statica; statement multilinea nel file origine"
grant,grant insert (,supabase/migrations/20260815100000_create_terms_acceptances.sql,20260815100000_create_terms_acceptances.sql:72,PONTE_IMPRESE,PonteImprese,MIGRARE_E_RIVALUTARE,,DEFINITIVA,"schema, sicurezza o accesso dati","PostgreSQL,Supabase",Responsabilità legale legata ai dati operativi attuali,"Ricostruzione statica; statement multilinea nel file origine"
policy_rls,create policy terms_acceptances_select_own,supabase/migrations/20260815100000_create_terms_acceptances.sql,20260815100000_create_terms_acceptances.sql:79,PONTE_IMPRESE,PonteImprese,MIGRARE_E_RIVALUTARE,,DEFINITIVA,"schema, sicurezza o accesso dati","PostgreSQL,Supabase",Responsabilità legale legata ai dati operativi attuali,"Ricostruzione statica; statement multilinea nel file origine"
policy_rls,create policy terms_acceptances_insert_own,supabase/migrations/20260815100000_create_terms_acceptances.sql,20260815100000_create_terms_acceptances.sql:88,PONTE_IMPRESE,PonteImprese,MIGRARE_E_RIVALUTARE,,DEFINITIVA,"schema, sicurezza o accesso dati","PostgreSQL,Supabase",Responsabilità legale legata ai dati operativi attuali,"Ricostruzione statica; statement multilinea nel file origine"
tabella,create table public.legal_retention_records (,supabase/migrations/20260816100000_create_legal_retention_records.sql,20260816100000_create_legal_retention_records.sql:15,PONTE_IMPRESE,PonteImprese,MIGRARE_E_RIVALUTARE,,DEFINITIVA,"schema, sicurezza o accesso dati","PostgreSQL,Supabase",Responsabilità legale legata ai dati operativi attuali,"Ricostruzione statica; statement multilinea nel file origine"
indice,create index legal_retention_records_subject_ref_idx,supabase/migrations/20260816100000_create_legal_retention_records.sql,20260816100000_create_legal_retention_records.sql:172,PONTE_IMPRESE,PonteImprese,MIGRARE_E_RIVALUTARE,,DEFINITIVA,"schema, sicurezza o accesso dati","PostgreSQL,Supabase",Responsabilità legale legata ai dati operativi attuali,"Ricostruzione statica; statement multilinea nel file origine"
indice,create index legal_retention_records_source_account_id_idx,supabase/migrations/20260816100000_create_legal_retention_records.sql,20260816100000_create_legal_retention_records.sql:175,PONTE_IMPRESE,PonteImprese,MIGRARE_E_RIVALUTARE,,DEFINITIVA,"schema, sicurezza o accesso dati","PostgreSQL,Supabase",Responsabilità legale legata ai dati operativi attuali,"Ricostruzione statica; statement multilinea nel file origine"
indice,create index legal_retention_records_active_retain_until_idx,supabase/migrations/20260816100000_create_legal_retention_records.sql,20260816100000_create_legal_retention_records.sql:179,PONTE_IMPRESE,PonteImprese,MIGRARE_E_RIVALUTARE,,DEFINITIVA,"schema, sicurezza o accesso dati","PostgreSQL,Supabase",Responsabilità legale legata ai dati operativi attuali,"Ricostruzione statica; statement multilinea nel file origine"
indice,create index legal_retention_records_reason_code_idx,supabase/migrations/20260816100000_create_legal_retention_records.sql,20260816100000_create_legal_retention_records.sql:183,PONTE_IMPRESE,PonteImprese,MIGRARE_E_RIVALUTARE,,DEFINITIVA,"schema, sicurezza o accesso dati","PostgreSQL,Supabase",Responsabilità legale legata ai dati operativi attuali,"Ricostruzione statica; statement multilinea nel file origine"
rls_enablement,"alter table public.legal_retention_records enable row level security;",supabase/migrations/20260816100000_create_legal_retention_records.sql,20260816100000_create_legal_retention_records.sql:189,PONTE_IMPRESE,PonteImprese,MIGRARE_E_RIVALUTARE,,DEFINITIVA,"schema, sicurezza o accesso dati","PostgreSQL,Supabase",Responsabilità legale legata ai dati operativi attuali,"Ricostruzione statica; statement multilinea nel file origine"
revoke,"revoke all on table public.legal_retention_records from public, anon, authenticated;",supabase/migrations/20260816100000_create_legal_retention_records.sql,20260816100000_create_legal_retention_records.sql:191,PONTE_IMPRESE,PonteImprese,MIGRARE_E_RIVALUTARE,,DEFINITIVA,"schema, sicurezza o accesso dati","PostgreSQL,Supabase",Responsabilità legale legata ai dati operativi attuali,"Ricostruzione statica; statement multilinea nel file origine"
grant,"grant select on table public.legal_retention_records to authenticated;",supabase/migrations/20260816100000_create_legal_retention_records.sql,20260816100000_create_legal_retention_records.sql:194,PONTE_IMPRESE,PonteImprese,MIGRARE_E_RIVALUTARE,,DEFINITIVA,"schema, sicurezza o accesso dati","PostgreSQL,Supabase",Responsabilità legale legata ai dati operativi attuali,"Ricostruzione statica; statement multilinea nel file origine"
policy_rls,create policy legal_retention_records_select_admin,supabase/migrations/20260816100000_create_legal_retention_records.sql,20260816100000_create_legal_retention_records.sql:196,PONTE_IMPRESE,PonteImprese,MIGRARE_E_RIVALUTARE,,DEFINITIVA,"schema, sicurezza o accesso dati","PostgreSQL,Supabase",Responsabilità legale legata ai dati operativi attuali,"Ricostruzione statica; statement multilinea nel file origine"
funzione_sql,create function public.legal_retention_insert_record (,supabase/migrations/20260816100000_create_legal_retention_records.sql,20260816100000_create_legal_retention_records.sql:208,PONTE_IMPRESE,PonteImprese,MIGRARE_E_RIVALUTARE,,DEFINITIVA,"schema, sicurezza o accesso dati","PostgreSQL,Supabase",Responsabilità legale legata ai dati operativi attuali,"Ricostruzione statica; statement multilinea nel file origine"
revoke,revoke all on function public.legal_retention_insert_record (,supabase/migrations/20260816100000_create_legal_retention_records.sql,20260816100000_create_legal_retention_records.sql:277,PONTE_IMPRESE,PonteImprese,MIGRARE_E_RIVALUTARE,,DEFINITIVA,"schema, sicurezza o accesso dati","PostgreSQL,Supabase",Responsabilità legale legata ai dati operativi attuali,"Ricostruzione statica; statement multilinea nel file origine"
grant,grant execute on function public.legal_retention_insert_record (,supabase/migrations/20260816100000_create_legal_retention_records.sql,20260816100000_create_legal_retention_records.sql:281,PONTE_IMPRESE,PonteImprese,MIGRARE_E_RIVALUTARE,,DEFINITIVA,"schema, sicurezza o accesso dati","PostgreSQL,Supabase",Responsabilità legale legata ai dati operativi attuali,"Ricostruzione statica; statement multilinea nel file origine"
funzione_sql,create function public.legal_retention_dispose_record (,supabase/migrations/20260816100000_create_legal_retention_records.sql,20260816100000_create_legal_retention_records.sql:285,PONTE_IMPRESE,PonteImprese,MIGRARE_E_RIVALUTARE,,DEFINITIVA,"schema, sicurezza o accesso dati","PostgreSQL,Supabase",Responsabilità legale legata ai dati operativi attuali,"Ricostruzione statica; statement multilinea nel file origine"
revoke,"revoke all on function public.legal_retention_dispose_record (uuid, text)",supabase/migrations/20260816100000_create_legal_retention_records.sql,20260816100000_create_legal_retention_records.sql:345,PONTE_IMPRESE,PonteImprese,MIGRARE_E_RIVALUTARE,,DEFINITIVA,"schema, sicurezza o accesso dati","PostgreSQL,Supabase",Responsabilità legale legata ai dati operativi attuali,"Ricostruzione statica; statement multilinea nel file origine"
grant,"grant execute on function public.legal_retention_dispose_record (uuid, text)",supabase/migrations/20260816100000_create_legal_retention_records.sql,20260816100000_create_legal_retention_records.sql:348,PONTE_IMPRESE,PonteImprese,MIGRARE_E_RIVALUTARE,,DEFINITIVA,"schema, sicurezza o accesso dati","PostgreSQL,Supabase",Responsabilità legale legata ai dati operativi attuali,"Ricostruzione statica; statement multilinea nel file origine"
funzione_sql,create function public.access_self_delete_preflight (),supabase/migrations/20260817100000_create_self_service_account_deletion.sql,20260817100000_create_self_service_account_deletion.sql:26,PONTE_IMPRESE,PonteImprese,MIGRARE_E_RIVALUTARE,,DEFINITIVA,"schema, sicurezza o accesso dati","PostgreSQL,Supabase",Responsabilità legale legata ai dati operativi attuali,"Ricostruzione statica; statement multilinea nel file origine"
revoke,"revoke all on function public.access_self_delete_preflight () from public;",supabase/migrations/20260817100000_create_self_service_account_deletion.sql,20260817100000_create_self_service_account_deletion.sql:146,PONTE_IMPRESE,PonteImprese,MIGRARE_E_RIVALUTARE,,DEFINITIVA,"schema, sicurezza o accesso dati","PostgreSQL,Supabase",Responsabilità legale legata ai dati operativi attuali,"Ricostruzione statica; statement multilinea nel file origine"
grant,"grant execute on function public.access_self_delete_preflight () to authenticated;",supabase/migrations/20260817100000_create_self_service_account_deletion.sql,20260817100000_create_self_service_account_deletion.sql:147,PONTE_IMPRESE,PonteImprese,MIGRARE_E_RIVALUTARE,,DEFINITIVA,"schema, sicurezza o accesso dati","PostgreSQL,Supabase",Responsabilità legale legata ai dati operativi attuali,"Ricostruzione statica; statement multilinea nel file origine"
funzione_sql,create function public.access_self_delete_account (),supabase/migrations/20260817100000_create_self_service_account_deletion.sql,20260817100000_create_self_service_account_deletion.sql:152,PONTE_IMPRESE,PonteImprese,MIGRARE_E_RIVALUTARE,,DEFINITIVA,"schema, sicurezza o accesso dati","PostgreSQL,Supabase",Responsabilità legale legata ai dati operativi attuali,"Ricostruzione statica; statement multilinea nel file origine"
revoke,"revoke all on function public.access_self_delete_account () from public;",supabase/migrations/20260817100000_create_self_service_account_deletion.sql,20260817100000_create_self_service_account_deletion.sql:312,PONTE_IMPRESE,PonteImprese,MIGRARE_E_RIVALUTARE,,DEFINITIVA,"schema, sicurezza o accesso dati","PostgreSQL,Supabase",Responsabilità legale legata ai dati operativi attuali,"Ricostruzione statica; statement multilinea nel file origine"
grant,"grant execute on function public.access_self_delete_account () to authenticated;",supabase/migrations/20260817100000_create_self_service_account_deletion.sql,20260817100000_create_self_service_account_deletion.sql:313,PONTE_IMPRESE,PonteImprese,MIGRARE_E_RIVALUTARE,,DEFINITIVA,"schema, sicurezza o accesso dati","PostgreSQL,Supabase",Responsabilità legale legata ai dati operativi attuali,"Ricostruzione statica; statement multilinea nel file origine"
funzione_sql,create or replace function public.access_reject_owner_cols_mutation (),supabase/migrations/20260818100000_create_management_reassignment_cases.sql,20260818100000_create_management_reassignment_cases.sql:23,CONDIVISO,Entrambi con implementazioni autonome,DUPLICAZIONE_CONTROLLATA,DUPLICAZIONE_CONTROLLATA,DEFINITIVA,"schema, sicurezza o accesso dati","PostgreSQL,Supabase",Fondazione tecnica neutrale,"Ricostruzione statica; statement multilinea nel file origine"
tabella,create table public.management_reassignment_cases (,supabase/migrations/20260818100000_create_management_reassignment_cases.sql,20260818100000_create_management_reassignment_cases.sql:89,CONDIVISO,Entrambi con implementazioni autonome,DUPLICAZIONE_CONTROLLATA,DUPLICAZIONE_CONTROLLATA,DEFINITIVA,"schema, sicurezza o accesso dati","PostgreSQL,Supabase",Fondazione tecnica neutrale,"Ricostruzione statica; statement multilinea nel file origine"
indice,create unique index management_reassignment_cases_pending_business_uidx,supabase/migrations/20260818100000_create_management_reassignment_cases.sql,20260818100000_create_management_reassignment_cases.sql:193,CONDIVISO,Entrambi con implementazioni autonome,DUPLICAZIONE_CONTROLLATA,DUPLICAZIONE_CONTROLLATA,DEFINITIVA,"schema, sicurezza o accesso dati","PostgreSQL,Supabase",Fondazione tecnica neutrale,"Ricostruzione statica; statement multilinea nel file origine"
indice,create unique index management_reassignment_cases_pending_organization_uidx,supabase/migrations/20260818100000_create_management_reassignment_cases.sql,20260818100000_create_management_reassignment_cases.sql:197,CONDIVISO,Entrambi con record separati,DUPLICARE_SCHEMA_E_STABILIRE_OWNER,SCHEMA_TEMPLATE_DUPLICATO,DEFINITIVA,"schema, sicurezza o accesso dati","PostgreSQL,Supabase",Organizzazioni con finalità B2B o ricerca,"Ricostruzione statica; statement multilinea nel file origine"
indice,create index management_reassignment_cases_status_opened_idx,supabase/migrations/20260818100000_create_management_reassignment_cases.sql,20260818100000_create_management_reassignment_cases.sql:201,CONDIVISO,Entrambi con implementazioni autonome,DUPLICAZIONE_CONTROLLATA,DUPLICAZIONE_CONTROLLATA,DEFINITIVA,"schema, sicurezza o accesso dati","PostgreSQL,Supabase",Fondazione tecnica neutrale,"Ricostruzione statica; statement multilinea nel file origine"
rls_enablement,"alter table public.management_reassignment_cases enable row level security;",supabase/migrations/20260818100000_create_management_reassignment_cases.sql,20260818100000_create_management_reassignment_cases.sql:204,CONDIVISO,Entrambi con implementazioni autonome,DUPLICAZIONE_CONTROLLATA,DUPLICAZIONE_CONTROLLATA,DEFINITIVA,"schema, sicurezza o accesso dati","PostgreSQL,Supabase",Fondazione tecnica neutrale,"Ricostruzione statica; statement multilinea nel file origine"
revoke,"revoke all on table public.management_reassignment_cases from public;",supabase/migrations/20260818100000_create_management_reassignment_cases.sql,20260818100000_create_management_reassignment_cases.sql:206,CONDIVISO,Entrambi con implementazioni autonome,DUPLICAZIONE_CONTROLLATA,DUPLICAZIONE_CONTROLLATA,DEFINITIVA,"schema, sicurezza o accesso dati","PostgreSQL,Supabase",Fondazione tecnica neutrale,"Ricostruzione statica; statement multilinea nel file origine"
revoke,"revoke all on table public.management_reassignment_cases from anon, authenticated;",supabase/migrations/20260818100000_create_management_reassignment_cases.sql,20260818100000_create_management_reassignment_cases.sql:207,CONDIVISO,Entrambi con implementazioni autonome,DUPLICAZIONE_CONTROLLATA,DUPLICAZIONE_CONTROLLATA,DEFINITIVA,"schema, sicurezza o accesso dati","PostgreSQL,Supabase",Fondazione tecnica neutrale,"Ricostruzione statica; statement multilinea nel file origine"
policy_rls,create policy management_reassignment_cases_select_admin,supabase/migrations/20260818100000_create_management_reassignment_cases.sql,20260818100000_create_management_reassignment_cases.sql:210,CONDIVISO,Entrambi con implementazioni autonome,DUPLICAZIONE_CONTROLLATA,DUPLICAZIONE_CONTROLLATA,DEFINITIVA,"schema, sicurezza o accesso dati","PostgreSQL,Supabase",Fondazione tecnica neutrale,"Ricostruzione statica; statement multilinea nel file origine"
grant,"grant select on table public.management_reassignment_cases to authenticated;",supabase/migrations/20260818100000_create_management_reassignment_cases.sql,20260818100000_create_management_reassignment_cases.sql:216,CONDIVISO,Entrambi con implementazioni autonome,DUPLICAZIONE_CONTROLLATA,DUPLICAZIONE_CONTROLLATA,DEFINITIVA,"schema, sicurezza o accesso dati","PostgreSQL,Supabase",Fondazione tecnica neutrale,"Ricostruzione statica; statement multilinea nel file origine"
funzione_sql,create function public.access_m4_open_business_reassignment (,supabase/migrations/20260818100000_create_management_reassignment_cases.sql,20260818100000_create_management_reassignment_cases.sql:221,CONDIVISO,Entrambi con implementazioni autonome,DUPLICAZIONE_CONTROLLATA,DUPLICAZIONE_CONTROLLATA,DEFINITIVA,"schema, sicurezza o accesso dati","PostgreSQL,Supabase",Fondazione tecnica neutrale,"Ricostruzione statica; statement multilinea nel file origine"
revoke,"revoke all on function public.access_m4_open_business_reassignment (uuid, text, uuid, uuid, boolean) from public;",supabase/migrations/20260818100000_create_management_reassignment_cases.sql,20260818100000_create_management_reassignment_cases.sql:320,CONDIVISO,Entrambi con implementazioni autonome,DUPLICAZIONE_CONTROLLATA,DUPLICAZIONE_CONTROLLATA,DEFINITIVA,"schema, sicurezza o accesso dati","PostgreSQL,Supabase",Fondazione tecnica neutrale,"Ricostruzione statica; statement multilinea nel file origine"
grant,"grant execute on function public.access_m4_open_business_reassignment (uuid, text, uuid, uuid, boolean) to service_role;",supabase/migrations/20260818100000_create_management_reassignment_cases.sql,20260818100000_create_management_reassignment_cases.sql:321,CONDIVISO,Entrambi con implementazioni autonome,DUPLICAZIONE_CONTROLLATA,DUPLICAZIONE_CONTROLLATA,DEFINITIVA,"schema, sicurezza o accesso dati","PostgreSQL,Supabase",Fondazione tecnica neutrale,"Ricostruzione statica; statement multilinea nel file origine"
funzione_sql,create function public.access_m4_open_organization_reassignment (,supabase/migrations/20260818100000_create_management_reassignment_cases.sql,20260818100000_create_management_reassignment_cases.sql:323,CONDIVISO,Entrambi con record separati,DUPLICARE_SCHEMA_E_STABILIRE_OWNER,SCHEMA_TEMPLATE_DUPLICATO,DEFINITIVA,"schema, sicurezza o accesso dati","PostgreSQL,Supabase",Organizzazioni con finalità B2B o ricerca,"Ricostruzione statica; statement multilinea nel file origine"
revoke,"revoke all on function public.access_m4_open_organization_reassignment (uuid, text, uuid, uuid) from public;",supabase/migrations/20260818100000_create_management_reassignment_cases.sql,20260818100000_create_management_reassignment_cases.sql:410,CONDIVISO,Entrambi con record separati,DUPLICARE_SCHEMA_E_STABILIRE_OWNER,SCHEMA_TEMPLATE_DUPLICATO,DEFINITIVA,"schema, sicurezza o accesso dati","PostgreSQL,Supabase",Organizzazioni con finalità B2B o ricerca,"Ricostruzione statica; statement multilinea nel file origine"
grant,"grant execute on function public.access_m4_open_organization_reassignment (uuid, text, uuid, uuid) to service_role;",supabase/migrations/20260818100000_create_management_reassignment_cases.sql,20260818100000_create_management_reassignment_cases.sql:411,CONDIVISO,Entrambi con record separati,DUPLICARE_SCHEMA_E_STABILIRE_OWNER,SCHEMA_TEMPLATE_DUPLICATO,DEFINITIVA,"schema, sicurezza o accesso dati","PostgreSQL,Supabase",Organizzazioni con finalità B2B o ricerca,"Ricostruzione statica; statement multilinea nel file origine"
funzione_sql,create function public.access_m4_bmma_after_status_change (),supabase/migrations/20260818100000_create_management_reassignment_cases.sql,20260818100000_create_management_reassignment_cases.sql:416,CONDIVISO,Entrambi con implementazioni autonome,DUPLICAZIONE_CONTROLLATA,DUPLICAZIONE_CONTROLLATA,DEFINITIVA,"schema, sicurezza o accesso dati","PostgreSQL,Supabase",Fondazione tecnica neutrale,"Ricostruzione statica; statement multilinea nel file origine"
trigger,create trigger bmma_m4_reassignment_after_status,supabase/migrations/20260818100000_create_management_reassignment_cases.sql,20260818100000_create_management_reassignment_cases.sql:474,CONDIVISO,Entrambi con implementazioni autonome,DUPLICAZIONE_CONTROLLATA,DUPLICAZIONE_CONTROLLATA,DEFINITIVA,"schema, sicurezza o accesso dati","PostgreSQL,Supabase",Fondazione tecnica neutrale,"Ricostruzione statica; statement multilinea nel file origine"
funzione_sql,create function public.access_resolve_business_reassignment (,supabase/migrations/20260818100000_create_management_reassignment_cases.sql,20260818100000_create_management_reassignment_cases.sql:483,CONDIVISO,Entrambi con implementazioni autonome,DUPLICAZIONE_CONTROLLATA,DUPLICAZIONE_CONTROLLATA,DEFINITIVA,"schema, sicurezza o accesso dati","PostgreSQL,Supabase",Fondazione tecnica neutrale,"Ricostruzione statica; statement multilinea nel file origine"
revoke,"revoke all on function public.access_resolve_business_reassignment (uuid, uuid) from public;",supabase/migrations/20260818100000_create_management_reassignment_cases.sql,20260818100000_create_management_reassignment_cases.sql:586,CONDIVISO,Entrambi con implementazioni autonome,DUPLICAZIONE_CONTROLLATA,DUPLICAZIONE_CONTROLLATA,DEFINITIVA,"schema, sicurezza o accesso dati","PostgreSQL,Supabase",Fondazione tecnica neutrale,"Ricostruzione statica; statement multilinea nel file origine"
grant,"grant execute on function public.access_resolve_business_reassignment (uuid, uuid) to authenticated, service_role;",supabase/migrations/20260818100000_create_management_reassignment_cases.sql,20260818100000_create_management_reassignment_cases.sql:587,CONDIVISO,Entrambi con implementazioni autonome,DUPLICAZIONE_CONTROLLATA,DUPLICAZIONE_CONTROLLATA,DEFINITIVA,"schema, sicurezza o accesso dati","PostgreSQL,Supabase",Fondazione tecnica neutrale,"Ricostruzione statica; statement multilinea nel file origine"
funzione_sql,create function public.access_resolve_organization_reassignment (,supabase/migrations/20260818100000_create_management_reassignment_cases.sql,20260818100000_create_management_reassignment_cases.sql:592,CONDIVISO,Entrambi con record separati,DUPLICARE_SCHEMA_E_STABILIRE_OWNER,SCHEMA_TEMPLATE_DUPLICATO,DEFINITIVA,"schema, sicurezza o accesso dati","PostgreSQL,Supabase",Organizzazioni con finalità B2B o ricerca,"Ricostruzione statica; statement multilinea nel file origine"
revoke,"revoke all on function public.access_resolve_organization_reassignment (uuid, uuid) from public;",supabase/migrations/20260818100000_create_management_reassignment_cases.sql,20260818100000_create_management_reassignment_cases.sql:701,CONDIVISO,Entrambi con record separati,DUPLICARE_SCHEMA_E_STABILIRE_OWNER,SCHEMA_TEMPLATE_DUPLICATO,DEFINITIVA,"schema, sicurezza o accesso dati","PostgreSQL,Supabase",Organizzazioni con finalità B2B o ricerca,"Ricostruzione statica; statement multilinea nel file origine"
grant,"grant execute on function public.access_resolve_organization_reassignment (uuid, uuid) to authenticated, service_role;",supabase/migrations/20260818100000_create_management_reassignment_cases.sql,20260818100000_create_management_reassignment_cases.sql:702,CONDIVISO,Entrambi con record separati,DUPLICARE_SCHEMA_E_STABILIRE_OWNER,SCHEMA_TEMPLATE_DUPLICATO,DEFINITIVA,"schema, sicurezza o accesso dati","PostgreSQL,Supabase",Organizzazioni con finalità B2B o ricerca,"Ricostruzione statica; statement multilinea nel file origine"
funzione_sql,create or replace function public.access_self_delete_preflight (),supabase/migrations/20260818100000_create_management_reassignment_cases.sql,20260818100000_create_management_reassignment_cases.sql:707,PONTE_IMPRESE,PonteImprese,MIGRARE_E_RIVALUTARE,,DEFINITIVA,"schema, sicurezza o accesso dati","PostgreSQL,Supabase",Responsabilità legale legata ai dati operativi attuali,"Ricostruzione statica; statement multilinea nel file origine"
revoke,"revoke all on function public.access_self_delete_preflight () from public;",supabase/migrations/20260818100000_create_management_reassignment_cases.sql,20260818100000_create_management_reassignment_cases.sql:819,PONTE_IMPRESE,PonteImprese,MIGRARE_E_RIVALUTARE,,DEFINITIVA,"schema, sicurezza o accesso dati","PostgreSQL,Supabase",Responsabilità legale legata ai dati operativi attuali,"Ricostruzione statica; statement multilinea nel file origine"
grant,"grant execute on function public.access_self_delete_preflight () to authenticated;",supabase/migrations/20260818100000_create_management_reassignment_cases.sql,20260818100000_create_management_reassignment_cases.sql:820,PONTE_IMPRESE,PonteImprese,MIGRARE_E_RIVALUTARE,,DEFINITIVA,"schema, sicurezza o accesso dati","PostgreSQL,Supabase",Responsabilità legale legata ai dati operativi attuali,"Ricostruzione statica; statement multilinea nel file origine"
funzione_sql,create or replace function public.access_self_delete_account (),supabase/migrations/20260818100000_create_management_reassignment_cases.sql,20260818100000_create_management_reassignment_cases.sql:822,PONTE_IMPRESE,PonteImprese,MIGRARE_E_RIVALUTARE,,DEFINITIVA,"schema, sicurezza o accesso dati","PostgreSQL,Supabase",Responsabilità legale legata ai dati operativi attuali,"Ricostruzione statica; statement multilinea nel file origine"
revoke,"revoke all on function public.access_self_delete_account () from public;",supabase/migrations/20260818100000_create_management_reassignment_cases.sql,20260818100000_create_management_reassignment_cases.sql:1029,PONTE_IMPRESE,PonteImprese,MIGRARE_E_RIVALUTARE,,DEFINITIVA,"schema, sicurezza o accesso dati","PostgreSQL,Supabase",Responsabilità legale legata ai dati operativi attuali,"Ricostruzione statica; statement multilinea nel file origine"
grant,"grant execute on function public.access_self_delete_account () to authenticated;",supabase/migrations/20260818100000_create_management_reassignment_cases.sql,20260818100000_create_management_reassignment_cases.sql:1030,PONTE_IMPRESE,PonteImprese,MIGRARE_E_RIVALUTARE,,DEFINITIVA,"schema, sicurezza o accesso dati","PostgreSQL,Supabase",Responsabilità legale legata ai dati operativi attuali,"Ricostruzione statica; statement multilinea nel file origine"
revoke,"revoke all on table public.observatory_statistical_sources from service_role;",supabase/migrations/20260819100000_grant_observatory_ingestion_writer.sql,20260819100000_grant_observatory_ingestion_writer.sql:21,CENTRO_STUDI,Immigrati Imprenditori - Centro Studi sull'Imprenditoria Migrante,MIGRARE_NELL_CENTRO_STUDI,,DEFINITIVA,"schema, sicurezza o accesso dati","PostgreSQL,Supabase",Finalità statistica o documentale,"Ricostruzione statica; statement multilinea nel file origine"
revoke,"revoke all on table public.observatory_indicators from service_role;",supabase/migrations/20260819100000_grant_observatory_ingestion_writer.sql,20260819100000_grant_observatory_ingestion_writer.sql:22,CENTRO_STUDI,Immigrati Imprenditori - Centro Studi sull'Imprenditoria Migrante,MIGRARE_NELL_CENTRO_STUDI,,DEFINITIVA,"schema, sicurezza o accesso dati","PostgreSQL,Supabase",Finalità statistica o documentale,"Ricostruzione statica; statement multilinea nel file origine"
revoke,"revoke all on table public.observatory_indicator_values from service_role;",supabase/migrations/20260819100000_grant_observatory_ingestion_writer.sql,20260819100000_grant_observatory_ingestion_writer.sql:23,CENTRO_STUDI,Immigrati Imprenditori - Centro Studi sull'Imprenditoria Migrante,MIGRARE_NELL_CENTRO_STUDI,,DEFINITIVA,"schema, sicurezza o accesso dati","PostgreSQL,Supabase",Finalità statistica o documentale,"Ricostruzione statica; statement multilinea nel file origine"
grant,"grant select, insert, update on table public.observatory_statistical_sources to service_role;",supabase/migrations/20260819100000_grant_observatory_ingestion_writer.sql,20260819100000_grant_observatory_ingestion_writer.sql:25,CENTRO_STUDI,Immigrati Imprenditori - Centro Studi sull'Imprenditoria Migrante,MIGRARE_NELL_CENTRO_STUDI,,DEFINITIVA,"schema, sicurezza o accesso dati","PostgreSQL,Supabase",Finalità statistica o documentale,"Ricostruzione statica; statement multilinea nel file origine"
grant,"grant select, insert, update on table public.observatory_indicators to service_role;",supabase/migrations/20260819100000_grant_observatory_ingestion_writer.sql,20260819100000_grant_observatory_ingestion_writer.sql:26,CENTRO_STUDI,Immigrati Imprenditori - Centro Studi sull'Imprenditoria Migrante,MIGRARE_NELL_CENTRO_STUDI,,DEFINITIVA,"schema, sicurezza o accesso dati","PostgreSQL,Supabase",Finalità statistica o documentale,"Ricostruzione statica; statement multilinea nel file origine"
grant,"grant select, insert, update on table public.observatory_indicator_values to service_role;",supabase/migrations/20260819100000_grant_observatory_ingestion_writer.sql,20260819100000_grant_observatory_ingestion_writer.sql:27,CENTRO_STUDI,Immigrati Imprenditori - Centro Studi sull'Imprenditoria Migrante,MIGRARE_NELL_CENTRO_STUDI,,DEFINITIVA,"schema, sicurezza o accesso dati","PostgreSQL,Supabase",Finalità statistica o documentale,"Ricostruzione statica; statement multilinea nel file origine"
grant,"grant select on table public.opportunity_sources to anon, authenticated;",supabase/migrations/20260820120000_opportunity_sources_public_select.sql,20260820120000_opportunity_sources_public_select.sql:7,CONDIVISO,Entrambi con implementazioni autonome,DUPLICAZIONE_CONTROLLATA,DUPLICAZIONE_CONTROLLATA,DEFINITIVA,"schema, sicurezza o accesso dati","PostgreSQL,Supabase",Fondazione tecnica neutrale,"Ricostruzione statica; statement multilinea nel file origine"
policy_rls,create policy opportunity_sources_select_public,supabase/migrations/20260820120000_opportunity_sources_public_select.sql,20260820120000_opportunity_sources_public_select.sql:10,CONDIVISO,Entrambi con implementazioni autonome,DUPLICAZIONE_CONTROLLATA,DUPLICAZIONE_CONTROLLATA,DEFINITIVA,"schema, sicurezza o accesso dati","PostgreSQL,Supabase",Fondazione tecnica neutrale,"Ricostruzione statica; statement multilinea nel file origine"
policy_rls,create policy international_markets_select_editorial,supabase/migrations/20260820130000_mercati_editorial_select_rls.sql,20260820130000_mercati_editorial_select_rls.sql:16,CENTRO_STUDI,Immigrati Imprenditori - Centro Studi sull'Imprenditoria Migrante,MIGRARE_E_SCINDERE_LINK,API_READ_ONLY,DEFINITIVA,"schema, sicurezza o accesso dati","PostgreSQL,Supabase",Oggetto editoriale con possibili riferimenti commerciali,"Ricostruzione statica; statement multilinea nel file origine"
policy_rls,create policy international_markets_update_admin,supabase/migrations/20260820130000_mercati_editorial_select_rls.sql,20260820130000_mercati_editorial_select_rls.sql:28,CENTRO_STUDI,Immigrati Imprenditori - Centro Studi sull'Imprenditoria Migrante,MIGRARE_E_SCINDERE_LINK,API_READ_ONLY,DEFINITIVA,"schema, sicurezza o accesso dati","PostgreSQL,Supabase",Oggetto editoriale con possibili riferimenti commerciali,"Ricostruzione statica; statement multilinea nel file origine"
policy_rls,create policy international_market_countries_select_editorial,supabase/migrations/20260820130000_mercati_editorial_select_rls.sql,20260820130000_mercati_editorial_select_rls.sql:44,CENTRO_STUDI,Immigrati Imprenditori - Centro Studi sull'Imprenditoria Migrante,MIGRARE_E_SCINDERE_LINK,API_READ_ONLY,DEFINITIVA,"schema, sicurezza o accesso dati","PostgreSQL,Supabase",Oggetto editoriale con possibili riferimenti commerciali,"Ricostruzione statica; statement multilinea nel file origine"
policy_rls,create policy international_market_countries_update_admin,supabase/migrations/20260820130000_mercati_editorial_select_rls.sql,20260820130000_mercati_editorial_select_rls.sql:56,CENTRO_STUDI,Immigrati Imprenditori - Centro Studi sull'Imprenditoria Migrante,MIGRARE_E_SCINDERE_LINK,API_READ_ONLY,DEFINITIVA,"schema, sicurezza o accesso dati","PostgreSQL,Supabase",Oggetto editoriale con possibili riferimenti commerciali,"Ricostruzione statica; statement multilinea nel file origine"
policy_rls,create policy international_market_support_resources_select_editorial,supabase/migrations/20260820130000_mercati_editorial_select_rls.sql,20260820130000_mercati_editorial_select_rls.sql:73,CENTRO_STUDI,Immigrati Imprenditori - Centro Studi sull'Imprenditoria Migrante,MIGRARE_E_SCINDERE_LINK,API_READ_ONLY,DEFINITIVA,"schema, sicurezza o accesso dati","PostgreSQL,Supabase",Oggetto editoriale con possibili riferimenti commerciali,"Ricostruzione statica; statement multilinea nel file origine"
policy_rls,create policy international_market_support_resources_update_admin,supabase/migrations/20260820130000_mercati_editorial_select_rls.sql,20260820130000_mercati_editorial_select_rls.sql:85,CENTRO_STUDI,Immigrati Imprenditori - Centro Studi sull'Imprenditoria Migrante,MIGRARE_E_SCINDERE_LINK,API_READ_ONLY,DEFINITIVA,"schema, sicurezza o accesso dati","PostgreSQL,Supabase",Oggetto editoriale con possibili riferimenti commerciali,"Ricostruzione statica; statement multilinea nel file origine"
vincolo_o_alterazione,alter table public.events,supabase/migrations/20260820140000_events_editorial_ownership.sql,20260820140000_events_editorial_ownership.sql:7,CONDIVISO,Entrambi con dati separati,DUPLICARE_SCHEMA_O_ESTRARRE_MOTORE,SCHEMA_TEMPLATE_DUPLICATO,DEFINITIVA,"schema, sicurezza o accesso dati","PostgreSQL,Supabase",Eventi B2B e osservatorio separati per tassonomia e dati,"Ricostruzione statica; statement multilinea nel file origine"
vincolo_o_alterazione,alter table public.events,supabase/migrations/20260820140000_events_editorial_ownership.sql,20260820140000_events_editorial_ownership.sql:13,CONDIVISO,Entrambi con dati separati,DUPLICARE_SCHEMA_O_ESTRARRE_MOTORE,SCHEMA_TEMPLATE_DUPLICATO,DEFINITIVA,"schema, sicurezza o accesso dati","PostgreSQL,Supabase",Eventi B2B e osservatorio separati per tassonomia e dati,"Ricostruzione statica; statement multilinea nel file origine"
vincolo_o_alterazione,alter table public.events,supabase/migrations/20260820140000_events_editorial_ownership.sql,20260820140000_events_editorial_ownership.sql:16,CONDIVISO,Entrambi con dati separati,DUPLICARE_SCHEMA_O_ESTRARRE_MOTORE,SCHEMA_TEMPLATE_DUPLICATO,DEFINITIVA,"schema, sicurezza o accesso dati","PostgreSQL,Supabase",Eventi B2B e osservatorio separati per tassonomia e dati,"Ricostruzione statica; statement multilinea nel file origine"
indice,create index events_owned_by_editorial_idx,supabase/migrations/20260820140000_events_editorial_ownership.sql,20260820140000_events_editorial_ownership.sql:35,CONDIVISO,Entrambi con dati separati,DUPLICARE_SCHEMA_O_ESTRARRE_MOTORE,SCHEMA_TEMPLATE_DUPLICATO,DEFINITIVA,"schema, sicurezza o accesso dati","PostgreSQL,Supabase",Eventi B2B e osservatorio separati per tassonomia e dati,"Ricostruzione statica; statement multilinea nel file origine"
funzione_sql,create or replace function public.access_opportunity_visible_to_current_party (,supabase/migrations/20260820110000_fix_opportunity_rls_recursion_for_editorial.sql,20260820110000_fix_opportunity_rls_recursion_for_editorial.sql:18,CENTRO_STUDI,Immigrati Imprenditori - Centro Studi sull'Imprenditoria Migrante,MIGRARE_E_SCINDERE_LINK,API_READ_ONLY,DEFINITIVA,"schema, sicurezza o accesso dati","PostgreSQL,Supabase",Oggetto editoriale con possibili riferimenti commerciali,"Ricostruzione statica; statement multilinea nel file origine"
revoke,revoke all on function public.access_opportunity_visible_to_current_party (uuid),supabase/migrations/20260820110000_fix_opportunity_rls_recursion_for_editorial.sql,20260820110000_fix_opportunity_rls_recursion_for_editorial.sql:60,CENTRO_STUDI,Immigrati Imprenditori - Centro Studi sull'Imprenditoria Migrante,MIGRARE_E_SCINDERE_LINK,API_READ_ONLY,DEFINITIVA,"schema, sicurezza o accesso dati","PostgreSQL,Supabase",Oggetto editoriale con possibili riferimenti commerciali,"Ricostruzione statica; statement multilinea nel file origine"
grant,grant execute on function public.access_opportunity_visible_to_current_party (uuid),supabase/migrations/20260820110000_fix_opportunity_rls_recursion_for_editorial.sql,20260820110000_fix_opportunity_rls_recursion_for_editorial.sql:62,CENTRO_STUDI,Immigrati Imprenditori - Centro Studi sull'Imprenditoria Migrante,MIGRARE_E_SCINDERE_LINK,API_READ_ONLY,DEFINITIVA,"schema, sicurezza o accesso dati","PostgreSQL,Supabase",Oggetto editoriale con possibili riferimenti commerciali,"Ricostruzione statica; statement multilinea nel file origine"
funzione_sql,create or replace function public.access_opportunity_manageable_by_current_party (,supabase/migrations/20260820110000_fix_opportunity_rls_recursion_for_editorial.sql,20260820110000_fix_opportunity_rls_recursion_for_editorial.sql:65,CENTRO_STUDI,Immigrati Imprenditori - Centro Studi sull'Imprenditoria Migrante,MIGRARE_E_SCINDERE_LINK,API_READ_ONLY,DEFINITIVA,"schema, sicurezza o accesso dati","PostgreSQL,Supabase",Oggetto editoriale con possibili riferimenti commerciali,"Ricostruzione statica; statement multilinea nel file origine"
revoke,revoke all on function public.access_opportunity_manageable_by_current_party (uuid),supabase/migrations/20260820110000_fix_opportunity_rls_recursion_for_editorial.sql,20260820110000_fix_opportunity_rls_recursion_for_editorial.sql:95,CENTRO_STUDI,Immigrati Imprenditori - Centro Studi sull'Imprenditoria Migrante,MIGRARE_E_SCINDERE_LINK,API_READ_ONLY,DEFINITIVA,"schema, sicurezza o accesso dati","PostgreSQL,Supabase",Oggetto editoriale con possibili riferimenti commerciali,"Ricostruzione statica; statement multilinea nel file origine"
grant,grant execute on function public.access_opportunity_manageable_by_current_party (uuid),supabase/migrations/20260820110000_fix_opportunity_rls_recursion_for_editorial.sql,20260820110000_fix_opportunity_rls_recursion_for_editorial.sql:97,CENTRO_STUDI,Immigrati Imprenditori - Centro Studi sull'Imprenditoria Migrante,MIGRARE_E_SCINDERE_LINK,API_READ_ONLY,DEFINITIVA,"schema, sicurezza o accesso dati","PostgreSQL,Supabase",Oggetto editoriale con possibili riferimenti commerciali,"Ricostruzione statica; statement multilinea nel file origine"
funzione_sql,create or replace function public.access_opportunity_is_public_published (,supabase/migrations/20260820110000_fix_opportunity_rls_recursion_for_editorial.sql,20260820110000_fix_opportunity_rls_recursion_for_editorial.sql:100,CENTRO_STUDI,Immigrati Imprenditori - Centro Studi sull'Imprenditoria Migrante,MIGRARE_E_SCINDERE_LINK,API_READ_ONLY,DEFINITIVA,"schema, sicurezza o accesso dati","PostgreSQL,Supabase",Oggetto editoriale con possibili riferimenti commerciali,"Ricostruzione statica; statement multilinea nel file origine"
revoke,revoke all on function public.access_opportunity_is_public_published (uuid),supabase/migrations/20260820110000_fix_opportunity_rls_recursion_for_editorial.sql,20260820110000_fix_opportunity_rls_recursion_for_editorial.sql:122,CENTRO_STUDI,Immigrati Imprenditori - Centro Studi sull'Imprenditoria Migrante,MIGRARE_E_SCINDERE_LINK,API_READ_ONLY,DEFINITIVA,"schema, sicurezza o accesso dati","PostgreSQL,Supabase",Oggetto editoriale con possibili riferimenti commerciali,"Ricostruzione statica; statement multilinea nel file origine"
grant,grant execute on function public.access_opportunity_is_public_published (uuid),supabase/migrations/20260820110000_fix_opportunity_rls_recursion_for_editorial.sql,20260820110000_fix_opportunity_rls_recursion_for_editorial.sql:124,CENTRO_STUDI,Immigrati Imprenditori - Centro Studi sull'Imprenditoria Migrante,MIGRARE_E_SCINDERE_LINK,API_READ_ONLY,DEFINITIVA,"schema, sicurezza o accesso dati","PostgreSQL,Supabase",Oggetto editoriale con possibili riferimenti commerciali,"Ricostruzione statica; statement multilinea nel file origine"
funzione_sql,create or replace function public.access_opportunity_exists_not_deleted (,supabase/migrations/20260820110000_fix_opportunity_rls_recursion_for_editorial.sql,20260820110000_fix_opportunity_rls_recursion_for_editorial.sql:127,CENTRO_STUDI,Immigrati Imprenditori - Centro Studi sull'Imprenditoria Migrante,MIGRARE_E_SCINDERE_LINK,API_READ_ONLY,DEFINITIVA,"schema, sicurezza o accesso dati","PostgreSQL,Supabase",Oggetto editoriale con possibili riferimenti commerciali,"Ricostruzione statica; statement multilinea nel file origine"
revoke,revoke all on function public.access_opportunity_exists_not_deleted (uuid),supabase/migrations/20260820110000_fix_opportunity_rls_recursion_for_editorial.sql,20260820110000_fix_opportunity_rls_recursion_for_editorial.sql:147,CENTRO_STUDI,Immigrati Imprenditori - Centro Studi sull'Imprenditoria Migrante,MIGRARE_E_SCINDERE_LINK,API_READ_ONLY,DEFINITIVA,"schema, sicurezza o accesso dati","PostgreSQL,Supabase",Oggetto editoriale con possibili riferimenti commerciali,"Ricostruzione statica; statement multilinea nel file origine"
grant,grant execute on function public.access_opportunity_exists_not_deleted (uuid),supabase/migrations/20260820110000_fix_opportunity_rls_recursion_for_editorial.sql,20260820110000_fix_opportunity_rls_recursion_for_editorial.sql:149,CENTRO_STUDI,Immigrati Imprenditori - Centro Studi sull'Imprenditoria Migrante,MIGRARE_E_SCINDERE_LINK,API_READ_ONLY,DEFINITIVA,"schema, sicurezza o accesso dati","PostgreSQL,Supabase",Oggetto editoriale con possibili riferimenti commerciali,"Ricostruzione statica; statement multilinea nel file origine"
policy_rls,create policy opportunities_select_party,supabase/migrations/20260820110000_fix_opportunity_rls_recursion_for_editorial.sql,20260820110000_fix_opportunity_rls_recursion_for_editorial.sql:157,CENTRO_STUDI,Immigrati Imprenditori - Centro Studi sull'Imprenditoria Migrante,MIGRARE_E_SCINDERE_LINK,API_READ_ONLY,DEFINITIVA,"schema, sicurezza o accesso dati","PostgreSQL,Supabase",Oggetto editoriale con possibili riferimenti commerciali,"Ricostruzione statica; statement multilinea nel file origine"
policy_rls,create policy opportunities_update_party,supabase/migrations/20260820110000_fix_opportunity_rls_recursion_for_editorial.sql,20260820110000_fix_opportunity_rls_recursion_for_editorial.sql:167,CENTRO_STUDI,Immigrati Imprenditori - Centro Studi sull'Imprenditoria Migrante,MIGRARE_E_SCINDERE_LINK,API_READ_ONLY,DEFINITIVA,"schema, sicurezza o accesso dati","PostgreSQL,Supabase",Oggetto editoriale con possibili riferimenti commerciali,"Ricostruzione statica; statement multilinea nel file origine"
policy_rls,create policy opportunities_select_editor,supabase/migrations/20260820110000_fix_opportunity_rls_recursion_for_editorial.sql,20260820110000_fix_opportunity_rls_recursion_for_editorial.sql:182,CENTRO_STUDI,Immigrati Imprenditori - Centro Studi sull'Imprenditoria Migrante,MIGRARE_E_SCINDERE_LINK,API_READ_ONLY,DEFINITIVA,"schema, sicurezza o accesso dati","PostgreSQL,Supabase",Oggetto editoriale con possibili riferimenti commerciali,"Ricostruzione statica; statement multilinea nel file origine"
policy_rls,create policy opportunities_update_editor,supabase/migrations/20260820110000_fix_opportunity_rls_recursion_for_editorial.sql,20260820110000_fix_opportunity_rls_recursion_for_editorial.sql:195,CENTRO_STUDI,Immigrati Imprenditori - Centro Studi sull'Imprenditoria Migrante,MIGRARE_E_SCINDERE_LINK,API_READ_ONLY,DEFINITIVA,"schema, sicurezza o accesso dati","PostgreSQL,Supabase",Oggetto editoriale con possibili riferimenti commerciali,"Ricostruzione statica; statement multilinea nel file origine"
policy_rls,create policy opportunity_party_references_select_public,supabase/migrations/20260820110000_fix_opportunity_rls_recursion_for_editorial.sql,20260820110000_fix_opportunity_rls_recursion_for_editorial.sql:220,CENTRO_STUDI,Immigrati Imprenditori - Centro Studi sull'Imprenditoria Migrante,MIGRARE_E_SCINDERE_LINK,API_READ_ONLY,DEFINITIVA,"schema, sicurezza o accesso dati","PostgreSQL,Supabase",Oggetto editoriale con possibili riferimenti commerciali,"Ricostruzione statica; statement multilinea nel file origine"
policy_rls,create policy opportunity_party_references_select_party,supabase/migrations/20260820110000_fix_opportunity_rls_recursion_for_editorial.sql,20260820110000_fix_opportunity_rls_recursion_for_editorial.sql:230,CENTRO_STUDI,Immigrati Imprenditori - Centro Studi sull'Imprenditoria Migrante,MIGRARE_E_SCINDERE_LINK,API_READ_ONLY,DEFINITIVA,"schema, sicurezza o accesso dati","PostgreSQL,Supabase",Oggetto editoriale con possibili riferimenti commerciali,"Ricostruzione statica; statement multilinea nel file origine"
policy_rls,create policy opportunity_sources_select_editor,supabase/migrations/20260820110000_fix_opportunity_rls_recursion_for_editorial.sql,20260820110000_fix_opportunity_rls_recursion_for_editorial.sql:243,CENTRO_STUDI,Immigrati Imprenditori - Centro Studi sull'Imprenditoria Migrante,MIGRARE_E_SCINDERE_LINK,API_READ_ONLY,DEFINITIVA,"schema, sicurezza o accesso dati","PostgreSQL,Supabase",Oggetto editoriale con possibili riferimenti commerciali,"Ricostruzione statica; statement multilinea nel file origine"
policy_rls,create policy opportunity_sources_update_editor,supabase/migrations/20260820110000_fix_opportunity_rls_recursion_for_editorial.sql,20260820110000_fix_opportunity_rls_recursion_for_editorial.sql:256,CENTRO_STUDI,Immigrati Imprenditori - Centro Studi sull'Imprenditoria Migrante,MIGRARE_E_SCINDERE_LINK,API_READ_ONLY,DEFINITIVA,"schema, sicurezza o accesso dati","PostgreSQL,Supabase",Oggetto editoriale con possibili riferimenti commerciali,"Ricostruzione statica; statement multilinea nel file origine"
policy_rls,create policy opportunity_time_windows_select_editor,supabase/migrations/20260820110000_fix_opportunity_rls_recursion_for_editorial.sql,20260820110000_fix_opportunity_rls_recursion_for_editorial.sql:277,CENTRO_STUDI,Immigrati Imprenditori - Centro Studi sull'Imprenditoria Migrante,MIGRARE_E_SCINDERE_LINK,API_READ_ONLY,DEFINITIVA,"schema, sicurezza o accesso dati","PostgreSQL,Supabase",Oggetto editoriale con possibili riferimenti commerciali,"Ricostruzione statica; statement multilinea nel file origine"
policy_rls,create policy opportunity_time_windows_update_editor,supabase/migrations/20260820110000_fix_opportunity_rls_recursion_for_editorial.sql,20260820110000_fix_opportunity_rls_recursion_for_editorial.sql:291,CENTRO_STUDI,Immigrati Imprenditori - Centro Studi sull'Imprenditoria Migrante,MIGRARE_E_SCINDERE_LINK,API_READ_ONLY,DEFINITIVA,"schema, sicurezza o accesso dati","PostgreSQL,Supabase",Oggetto editoriale con possibili riferimenti commerciali,"Ricostruzione statica; statement multilinea nel file origine"
policy_rls,create policy opportunity_market_references_select_editor,supabase/migrations/20260820110000_fix_opportunity_rls_recursion_for_editorial.sql,20260820110000_fix_opportunity_rls_recursion_for_editorial.sql:312,CENTRO_STUDI,Immigrati Imprenditori - Centro Studi sull'Imprenditoria Migrante,MIGRARE_E_SCINDERE_LINK,API_READ_ONLY,DEFINITIVA,"schema, sicurezza o accesso dati","PostgreSQL,Supabase",Oggetto editoriale con possibili riferimenti commerciali,"Ricostruzione statica; statement multilinea nel file origine"
policy_rls,create policy opportunity_market_references_update_editor,supabase/migrations/20260820110000_fix_opportunity_rls_recursion_for_editorial.sql,20260820110000_fix_opportunity_rls_recursion_for_editorial.sql:326,CENTRO_STUDI,Immigrati Imprenditori - Centro Studi sull'Imprenditoria Migrante,MIGRARE_E_SCINDERE_LINK,API_READ_ONLY,DEFINITIVA,"schema, sicurezza o accesso dati","PostgreSQL,Supabase",Oggetto editoriale con possibili riferimenti commerciali,"Ricostruzione statica; statement multilinea nel file origine"
indice,create unique index if not exists opportunity_sources_active_external_identifier_uidx,supabase/migrations/20260820100000_prepare_opportunity_external_ingestion.sql,20260820100000_prepare_opportunity_external_ingestion.sql:31,CONDIVISO,Entrambi con implementazioni autonome,DUPLICAZIONE_CONTROLLATA,DUPLICAZIONE_CONTROLLATA,DEFINITIVA,"schema, sicurezza o accesso dati","PostgreSQL,Supabase",Fondazione tecnica neutrale,"Ricostruzione statica; statement multilinea nel file origine"
revoke,"revoke all on table public.opportunities from service_role;",supabase/migrations/20260820100000_prepare_opportunity_external_ingestion.sql,20260820100000_prepare_opportunity_external_ingestion.sql:44,CONDIVISO,Entrambi con implementazioni autonome,DUPLICAZIONE_CONTROLLATA,DUPLICAZIONE_CONTROLLATA,DEFINITIVA,"schema, sicurezza o accesso dati","PostgreSQL,Supabase",Fondazione tecnica neutrale,"Ricostruzione statica; statement multilinea nel file origine"
revoke,"revoke all on table public.opportunity_sources from service_role;",supabase/migrations/20260820100000_prepare_opportunity_external_ingestion.sql,20260820100000_prepare_opportunity_external_ingestion.sql:45,CONDIVISO,Entrambi con implementazioni autonome,DUPLICAZIONE_CONTROLLATA,DUPLICAZIONE_CONTROLLATA,DEFINITIVA,"schema, sicurezza o accesso dati","PostgreSQL,Supabase",Fondazione tecnica neutrale,"Ricostruzione statica; statement multilinea nel file origine"
revoke,"revoke all on table public.opportunity_time_windows from service_role;",supabase/migrations/20260820100000_prepare_opportunity_external_ingestion.sql,20260820100000_prepare_opportunity_external_ingestion.sql:46,CONDIVISO,Entrambi con implementazioni autonome,DUPLICAZIONE_CONTROLLATA,DUPLICAZIONE_CONTROLLATA,DEFINITIVA,"schema, sicurezza o accesso dati","PostgreSQL,Supabase",Fondazione tecnica neutrale,"Ricostruzione statica; statement multilinea nel file origine"
revoke,"revoke all on table public.opportunity_market_references from service_role;",supabase/migrations/20260820100000_prepare_opportunity_external_ingestion.sql,20260820100000_prepare_opportunity_external_ingestion.sql:47,CONDIVISO,Entrambi con implementazioni autonome,DUPLICAZIONE_CONTROLLATA,DUPLICAZIONE_CONTROLLATA,DEFINITIVA,"schema, sicurezza o accesso dati","PostgreSQL,Supabase",Fondazione tecnica neutrale,"Ricostruzione statica; statement multilinea nel file origine"
grant,"grant select, insert, update on table public.opportunities to service_role;",supabase/migrations/20260820100000_prepare_opportunity_external_ingestion.sql,20260820100000_prepare_opportunity_external_ingestion.sql:49,CONDIVISO,Entrambi con versioni indipendenti,ESTRARRE_O_DUPLICARE,PACKAGE_VERSIONATO,DEFINITIVA,"schema, sicurezza o accesso dati","PostgreSQL,Supabase",Catalogo o utilità tecnica neutrale,"Ricostruzione statica; statement multilinea nel file origine"
grant,"grant select, insert, update on table public.opportunity_sources to service_role;",supabase/migrations/20260820100000_prepare_opportunity_external_ingestion.sql,20260820100000_prepare_opportunity_external_ingestion.sql:50,CONDIVISO,Entrambi con versioni indipendenti,ESTRARRE_O_DUPLICARE,PACKAGE_VERSIONATO,DEFINITIVA,"schema, sicurezza o accesso dati","PostgreSQL,Supabase",Catalogo o utilità tecnica neutrale,"Ricostruzione statica; statement multilinea nel file origine"
grant,"grant select, insert, update on table public.opportunity_time_windows to service_role;",supabase/migrations/20260820100000_prepare_opportunity_external_ingestion.sql,20260820100000_prepare_opportunity_external_ingestion.sql:51,CONDIVISO,Entrambi con versioni indipendenti,ESTRARRE_O_DUPLICARE,PACKAGE_VERSIONATO,DEFINITIVA,"schema, sicurezza o accesso dati","PostgreSQL,Supabase",Catalogo o utilità tecnica neutrale,"Ricostruzione statica; statement multilinea nel file origine"
grant,"grant select, insert, update on table public.opportunity_market_references to service_role;",supabase/migrations/20260820100000_prepare_opportunity_external_ingestion.sql,20260820100000_prepare_opportunity_external_ingestion.sql:52,CONDIVISO,Entrambi con versioni indipendenti,ESTRARRE_O_DUPLICARE,PACKAGE_VERSIONATO,DEFINITIVA,"schema, sicurezza o accesso dati","PostgreSQL,Supabase",Catalogo o utilità tecnica neutrale,"Ricostruzione statica; statement multilinea nel file origine"
policy_rls,create policy opportunities_select_editor,supabase/migrations/20260820100000_prepare_opportunity_external_ingestion.sql,20260820100000_prepare_opportunity_external_ingestion.sql:58,CONDIVISO,Entrambi con implementazioni autonome,DUPLICAZIONE_CONTROLLATA,DUPLICAZIONE_CONTROLLATA,DEFINITIVA,"schema, sicurezza o accesso dati","PostgreSQL,Supabase",Fondazione tecnica neutrale,"Ricostruzione statica; statement multilinea nel file origine"
policy_rls,create policy opportunities_update_editor,supabase/migrations/20260820100000_prepare_opportunity_external_ingestion.sql,20260820100000_prepare_opportunity_external_ingestion.sql:67,CONDIVISO,Entrambi con versioni indipendenti,ESTRARRE_O_DUPLICARE,PACKAGE_VERSIONATO,DEFINITIVA,"schema, sicurezza o accesso dati","PostgreSQL,Supabase",Catalogo o utilità tecnica neutrale,"Ricostruzione statica; statement multilinea nel file origine"
policy_rls,create policy opportunity_sources_select_editor,supabase/migrations/20260820100000_prepare_opportunity_external_ingestion.sql,20260820100000_prepare_opportunity_external_ingestion.sql:80,CONDIVISO,Entrambi con implementazioni autonome,DUPLICAZIONE_CONTROLLATA,DUPLICAZIONE_CONTROLLATA,DEFINITIVA,"schema, sicurezza o accesso dati","PostgreSQL,Supabase",Fondazione tecnica neutrale,"Ricostruzione statica; statement multilinea nel file origine"
policy_rls,create policy opportunity_sources_update_editor,supabase/migrations/20260820100000_prepare_opportunity_external_ingestion.sql,20260820100000_prepare_opportunity_external_ingestion.sql:94,CONDIVISO,Entrambi con versioni indipendenti,ESTRARRE_O_DUPLICARE,PACKAGE_VERSIONATO,DEFINITIVA,"schema, sicurezza o accesso dati","PostgreSQL,Supabase",Catalogo o utilità tecnica neutrale,"Ricostruzione statica; statement multilinea nel file origine"
policy_rls,create policy opportunity_time_windows_select_editor,supabase/migrations/20260820100000_prepare_opportunity_external_ingestion.sql,20260820100000_prepare_opportunity_external_ingestion.sql:117,CONDIVISO,Entrambi con implementazioni autonome,DUPLICAZIONE_CONTROLLATA,DUPLICAZIONE_CONTROLLATA,DEFINITIVA,"schema, sicurezza o accesso dati","PostgreSQL,Supabase",Fondazione tecnica neutrale,"Ricostruzione statica; statement multilinea nel file origine"
policy_rls,create policy opportunity_time_windows_update_editor,supabase/migrations/20260820100000_prepare_opportunity_external_ingestion.sql,20260820100000_prepare_opportunity_external_ingestion.sql:131,CONDIVISO,Entrambi con versioni indipendenti,ESTRARRE_O_DUPLICARE,PACKAGE_VERSIONATO,DEFINITIVA,"schema, sicurezza o accesso dati","PostgreSQL,Supabase",Catalogo o utilità tecnica neutrale,"Ricostruzione statica; statement multilinea nel file origine"
policy_rls,create policy opportunity_market_references_select_editor,supabase/migrations/20260820100000_prepare_opportunity_external_ingestion.sql,20260820100000_prepare_opportunity_external_ingestion.sql:154,CONDIVISO,Entrambi con implementazioni autonome,DUPLICAZIONE_CONTROLLATA,DUPLICAZIONE_CONTROLLATA,DEFINITIVA,"schema, sicurezza o accesso dati","PostgreSQL,Supabase",Fondazione tecnica neutrale,"Ricostruzione statica; statement multilinea nel file origine"
policy_rls,create policy opportunity_market_references_update_editor,supabase/migrations/20260820100000_prepare_opportunity_external_ingestion.sql,20260820100000_prepare_opportunity_external_ingestion.sql:168,CONDIVISO,Entrambi con versioni indipendenti,ESTRARRE_O_DUPLICARE,PACKAGE_VERSIONATO,DEFINITIVA,"schema, sicurezza o accesso dati","PostgreSQL,Supabase",Catalogo o utilità tecnica neutrale,"Ricostruzione statica; statement multilinea nel file origine"
vincolo_o_alterazione,alter table public.events,supabase/migrations/20260820150000_events_external_identity_provenance.sql,20260820150000_events_external_identity_provenance.sql:5,CONDIVISO,Entrambi con dati separati,DUPLICARE_SCHEMA_O_ESTRARRE_MOTORE,SCHEMA_TEMPLATE_DUPLICATO,DEFINITIVA,"schema, sicurezza o accesso dati","PostgreSQL,Supabase",Eventi B2B e osservatorio separati per tassonomia e dati,"Ricostruzione statica; statement multilinea nel file origine"
vincolo_o_alterazione,alter table public.events,supabase/migrations/20260820150000_events_external_identity_provenance.sql,20260820150000_events_external_identity_provenance.sql:17,CONDIVISO,Entrambi con dati separati,DUPLICARE_SCHEMA_O_ESTRARRE_MOTORE,SCHEMA_TEMPLATE_DUPLICATO,DEFINITIVA,"schema, sicurezza o accesso dati","PostgreSQL,Supabase",Eventi B2B e osservatorio separati per tassonomia e dati,"Ricostruzione statica; statement multilinea nel file origine"
indice,create unique index events_editorial_source_external_id_uidx,supabase/migrations/20260820150000_events_external_identity_provenance.sql,20260820150000_events_external_identity_provenance.sql:82,CONDIVISO,Entrambi con dati separati,DUPLICARE_SCHEMA_O_ESTRARRE_MOTORE,SCHEMA_TEMPLATE_DUPLICATO,DEFINITIVA,"schema, sicurezza o accesso dati","PostgreSQL,Supabase",Eventi B2B e osservatorio separati per tassonomia e dati,"Ricostruzione statica; statement multilinea nel file origine"
indice,create unique index events_editorial_canonical_url_uidx,supabase/migrations/20260820150000_events_external_identity_provenance.sql,20260820150000_events_external_identity_provenance.sql:87,CONDIVISO,Entrambi con dati separati,DUPLICARE_SCHEMA_O_ESTRARRE_MOTORE,SCHEMA_TEMPLATE_DUPLICATO,DEFINITIVA,"schema, sicurezza o accesso dati","PostgreSQL,Supabase",Eventi B2B e osservatorio separati per tassonomia e dati,"Ricostruzione statica; statement multilinea nel file origine"
indice,create unique index events_editorial_acquisition_fingerprint_uidx,supabase/migrations/20260820150000_events_external_identity_provenance.sql,20260820150000_events_external_identity_provenance.sql:92,CONDIVISO,Entrambi con dati separati,DUPLICARE_SCHEMA_O_ESTRARRE_MOTORE,SCHEMA_TEMPLATE_DUPLICATO,DEFINITIVA,"schema, sicurezza o accesso dati","PostgreSQL,Supabase",Eventi B2B e osservatorio separati per tassonomia e dati,"Ricostruzione statica; statement multilinea nel file origine"
indice,create unique index events_editorial_natural_key_uidx,supabase/migrations/20260820150000_events_external_identity_provenance.sql,20260820150000_events_external_identity_provenance.sql:97,CONDIVISO,Entrambi con dati separati,DUPLICARE_SCHEMA_O_ESTRARRE_MOTORE,SCHEMA_TEMPLATE_DUPLICATO,DEFINITIVA,"schema, sicurezza o accesso dati","PostgreSQL,Supabase",Eventi B2B e osservatorio separati per tassonomia e dati,"Ricostruzione statica; statement multilinea nel file origine"
revoke,"revoke all on table public.events from service_role;",supabase/migrations/20260820160000_prepare_events_external_ingestion_rls.sql,20260820160000_prepare_events_external_ingestion_rls.sql:19,CONDIVISO,Entrambi con dati separati,DUPLICARE_SCHEMA_O_ESTRARRE_MOTORE,SCHEMA_TEMPLATE_DUPLICATO,DEFINITIVA,"schema, sicurezza o accesso dati","PostgreSQL,Supabase",Eventi B2B e osservatorio separati per tassonomia e dati,"Ricostruzione statica; statement multilinea nel file origine"
revoke,"revoke all on table public.event_editions from service_role;",supabase/migrations/20260820160000_prepare_events_external_ingestion_rls.sql,20260820160000_prepare_events_external_ingestion_rls.sql:20,CONDIVISO,Entrambi con dati separati,DUPLICARE_SCHEMA_O_ESTRARRE_MOTORE,SCHEMA_TEMPLATE_DUPLICATO,DEFINITIVA,"schema, sicurezza o accesso dati","PostgreSQL,Supabase",Eventi B2B e osservatorio separati per tassonomia e dati,"Ricostruzione statica; statement multilinea nel file origine"
revoke,"revoke all on table public.event_languages from service_role;",supabase/migrations/20260820160000_prepare_events_external_ingestion_rls.sql,20260820160000_prepare_events_external_ingestion_rls.sql:21,CONDIVISO,Entrambi con dati separati,DUPLICARE_SCHEMA_O_ESTRARRE_MOTORE,SCHEMA_TEMPLATE_DUPLICATO,DEFINITIVA,"schema, sicurezza o accesso dati","PostgreSQL,Supabase",Eventi B2B e osservatorio separati per tassonomia e dati,"Ricostruzione statica; statement multilinea nel file origine"
grant,"grant select, insert, update on table public.events to service_role;",supabase/migrations/20260820160000_prepare_events_external_ingestion_rls.sql,20260820160000_prepare_events_external_ingestion_rls.sql:23,CONDIVISO,Entrambi con dati separati,DUPLICARE_SCHEMA_O_ESTRARRE_MOTORE,SCHEMA_TEMPLATE_DUPLICATO,DEFINITIVA,"schema, sicurezza o accesso dati","PostgreSQL,Supabase",Eventi B2B e osservatorio separati per tassonomia e dati,"Ricostruzione statica; statement multilinea nel file origine"
grant,"grant select, insert, update on table public.event_editions to service_role;",supabase/migrations/20260820160000_prepare_events_external_ingestion_rls.sql,20260820160000_prepare_events_external_ingestion_rls.sql:24,CONDIVISO,Entrambi con dati separati,DUPLICARE_SCHEMA_O_ESTRARRE_MOTORE,SCHEMA_TEMPLATE_DUPLICATO,DEFINITIVA,"schema, sicurezza o accesso dati","PostgreSQL,Supabase",Eventi B2B e osservatorio separati per tassonomia e dati,"Ricostruzione statica; statement multilinea nel file origine"
grant,"grant select, insert, update on table public.event_languages to service_role;",supabase/migrations/20260820160000_prepare_events_external_ingestion_rls.sql,20260820160000_prepare_events_external_ingestion_rls.sql:25,CONDIVISO,Entrambi con dati separati,DUPLICARE_SCHEMA_O_ESTRARRE_MOTORE,SCHEMA_TEMPLATE_DUPLICATO,DEFINITIVA,"schema, sicurezza o accesso dati","PostgreSQL,Supabase",Eventi B2B e osservatorio separati per tassonomia e dati,"Ricostruzione statica; statement multilinea nel file origine"
policy_rls,create policy events_select_editorial,supabase/migrations/20260820160000_prepare_events_external_ingestion_rls.sql,20260820160000_prepare_events_external_ingestion_rls.sql:31,CONDIVISO,Entrambi con dati separati,DUPLICARE_SCHEMA_O_ESTRARRE_MOTORE,SCHEMA_TEMPLATE_DUPLICATO,DEFINITIVA,"schema, sicurezza o accesso dati","PostgreSQL,Supabase",Eventi B2B e osservatorio separati per tassonomia e dati,"Ricostruzione statica; statement multilinea nel file origine"
policy_rls,create policy events_insert_editorial,supabase/migrations/20260820160000_prepare_events_external_ingestion_rls.sql,20260820160000_prepare_events_external_ingestion_rls.sql:40,CONDIVISO,Entrambi con dati separati,DUPLICARE_SCHEMA_O_ESTRARRE_MOTORE,SCHEMA_TEMPLATE_DUPLICATO,DEFINITIVA,"schema, sicurezza o accesso dati","PostgreSQL,Supabase",Eventi B2B e osservatorio separati per tassonomia e dati,"Ricostruzione statica; statement multilinea nel file origine"
policy_rls,create policy events_update_editorial,supabase/migrations/20260820160000_prepare_events_external_ingestion_rls.sql,20260820160000_prepare_events_external_ingestion_rls.sql:52,CONDIVISO,Entrambi con dati separati,DUPLICARE_SCHEMA_O_ESTRARRE_MOTORE,SCHEMA_TEMPLATE_DUPLICATO,DEFINITIVA,"schema, sicurezza o accesso dati","PostgreSQL,Supabase",Eventi B2B e osservatorio separati per tassonomia e dati,"Ricostruzione statica; statement multilinea nel file origine"
policy_rls,create policy event_editions_select_editorial,supabase/migrations/20260820160000_prepare_events_external_ingestion_rls.sql,20260820160000_prepare_events_external_ingestion_rls.sql:72,CONDIVISO,Entrambi con dati separati,DUPLICARE_SCHEMA_O_ESTRARRE_MOTORE,SCHEMA_TEMPLATE_DUPLICATO,DEFINITIVA,"schema, sicurezza o accesso dati","PostgreSQL,Supabase",Eventi B2B e osservatorio separati per tassonomia e dati,"Ricostruzione statica; statement multilinea nel file origine"
policy_rls,create policy event_editions_insert_editorial,supabase/migrations/20260820160000_prepare_events_external_ingestion_rls.sql,20260820160000_prepare_events_external_ingestion_rls.sql:86,CONDIVISO,Entrambi con dati separati,DUPLICARE_SCHEMA_O_ESTRARRE_MOTORE,SCHEMA_TEMPLATE_DUPLICATO,DEFINITIVA,"schema, sicurezza o accesso dati","PostgreSQL,Supabase",Eventi B2B e osservatorio separati per tassonomia e dati,"Ricostruzione statica; statement multilinea nel file origine"
policy_rls,create policy event_editions_update_editorial,supabase/migrations/20260820160000_prepare_events_external_ingestion_rls.sql,20260820160000_prepare_events_external_ingestion_rls.sql:101,CONDIVISO,Entrambi con dati separati,DUPLICARE_SCHEMA_O_ESTRARRE_MOTORE,SCHEMA_TEMPLATE_DUPLICATO,DEFINITIVA,"schema, sicurezza o accesso dati","PostgreSQL,Supabase",Eventi B2B e osservatorio separati per tassonomia e dati,"Ricostruzione statica; statement multilinea nel file origine"
policy_rls,create policy event_organizers_select_editorial,supabase/migrations/20260820160000_prepare_events_external_ingestion_rls.sql,20260820160000_prepare_events_external_ingestion_rls.sql:129,CONDIVISO,Entrambi con dati separati,DUPLICARE_SCHEMA_O_ESTRARRE_MOTORE,SCHEMA_TEMPLATE_DUPLICATO,DEFINITIVA,"schema, sicurezza o accesso dati","PostgreSQL,Supabase",Eventi B2B e osservatorio separati per tassonomia e dati,"Ricostruzione statica; statement multilinea nel file origine"
policy_rls,create policy event_organizers_insert_editorial,supabase/migrations/20260820160000_prepare_events_external_ingestion_rls.sql,20260820160000_prepare_events_external_ingestion_rls.sql:143,CONDIVISO,Entrambi con dati separati,DUPLICARE_SCHEMA_O_ESTRARRE_MOTORE,SCHEMA_TEMPLATE_DUPLICATO,DEFINITIVA,"schema, sicurezza o accesso dati","PostgreSQL,Supabase",Eventi B2B e osservatorio separati per tassonomia e dati,"Ricostruzione statica; statement multilinea nel file origine"
policy_rls,create policy event_organizers_update_editorial,supabase/migrations/20260820160000_prepare_events_external_ingestion_rls.sql,20260820160000_prepare_events_external_ingestion_rls.sql:158,CONDIVISO,Entrambi con dati separati,DUPLICARE_SCHEMA_O_ESTRARRE_MOTORE,SCHEMA_TEMPLATE_DUPLICATO,DEFINITIVA,"schema, sicurezza o accesso dati","PostgreSQL,Supabase",Eventi B2B e osservatorio separati per tassonomia e dati,"Ricostruzione statica; statement multilinea nel file origine"
policy_rls,create policy event_languages_select_editorial,supabase/migrations/20260820160000_prepare_events_external_ingestion_rls.sql,20260820160000_prepare_events_external_ingestion_rls.sql:182,CONDIVISO,Entrambi con dati separati,DUPLICARE_SCHEMA_O_ESTRARRE_MOTORE,SCHEMA_TEMPLATE_DUPLICATO,DEFINITIVA,"schema, sicurezza o accesso dati","PostgreSQL,Supabase",Eventi B2B e osservatorio separati per tassonomia e dati,"Ricostruzione statica; statement multilinea nel file origine"
policy_rls,create policy event_languages_insert_editorial,supabase/migrations/20260820160000_prepare_events_external_ingestion_rls.sql,20260820160000_prepare_events_external_ingestion_rls.sql:196,CONDIVISO,Entrambi con dati separati,DUPLICARE_SCHEMA_O_ESTRARRE_MOTORE,SCHEMA_TEMPLATE_DUPLICATO,DEFINITIVA,"schema, sicurezza o accesso dati","PostgreSQL,Supabase",Eventi B2B e osservatorio separati per tassonomia e dati,"Ricostruzione statica; statement multilinea nel file origine"
policy_rls,create policy event_languages_update_editorial,supabase/migrations/20260820160000_prepare_events_external_ingestion_rls.sql,20260820160000_prepare_events_external_ingestion_rls.sql:211,CONDIVISO,Entrambi con dati separati,DUPLICARE_SCHEMA_O_ESTRARRE_MOTORE,SCHEMA_TEMPLATE_DUPLICATO,DEFINITIVA,"schema, sicurezza o accesso dati","PostgreSQL,Supabase",Eventi B2B e osservatorio separati per tassonomia e dati,"Ricostruzione statica; statement multilinea nel file origine"
funzione_sql,create or replace function public.access_reject_owner_cols_mutation(),supabase/migrations/20260820160000_prepare_events_external_ingestion_rls.sql,20260820160000_prepare_events_external_ingestion_rls.sql:239,CONDIVISO,Entrambi con dati separati,DUPLICARE_SCHEMA_O_ESTRARRE_MOTORE,SCHEMA_TEMPLATE_DUPLICATO,DEFINITIVA,"schema, sicurezza o accesso dati","PostgreSQL,Supabase",Eventi B2B e osservatorio separati per tassonomia e dati,"Ricostruzione statica; statement multilinea nel file origine"
